YYYYMM,ACCOUNT_ID,ACCOUNT_TYPE,ACCOUNT_BALANCE_NEW
202512,A00001,investment,506375.97
202512,A00002,lending,18011.13
202512,A00003,investment,0
202512,A00004,investment,247221.47
202512,A00005,chequing,15318.9
202512,A00006,investment,5975.58
202512,A00007,investment,762345.87
202512,A00008,saving,18062.99
202512,A00009,chequing,4153.02
202512,A00010,lending,9114.55
202512,A00011,investment,582550.45
202512,A00012,chequing,4925.23
202512,A00013,card,-533.65
202512,A00014,saving,19961.49
202512,A00015,card,-2456.42
202512,A00016,saving,19393.73
202512,A00017,saving,47144.13
202512,A00018,chequing,19849.16
202512,A00019,mortgage,377556.25
202512,A00020,lending,17983.22
202512,A00021,mortgage,194277.01
202512,A00022,investment,539093.78
202512,A00023,investment,864716.35
202512,A00024,lending,46040.55
202512,A00025,mortgage,312718.85
202512,A00026,saving,10065.58
202512,A00027,card,-3350.26
202512,A00028,mortgage,140307.14
202512,A00029,investment,200787
202512,A00030,chequing,533.35
202512,A00031,card,-683.24
202512,A00032,saving,7281.63
202512,A00033,investment,622265.96
202512,A00034,lending,39606.47
202512,A00035,card,-3536.6
202512,A00036,saving,0
202512,A00037,saving,6617.73
202512,A00038,investment,111783.25
202512,A00039,investment,0
202512,A00040,chequing,6674.97
202512,A00041,saving,28731.13
202512,A00042,card,-946.47
202512,A00043,saving,11393.42
202512,A00044,card,-3128.61
202512,A00045,mortgage,367884.28
202512,A00046,investment,198821
202512,A00047,chequing,5410.73
202512,A00048,chequing,0
202512,A00049,mortgage,0
202512,A00050,saving,6219.84
202512,A00051,saving,16762.36
202512,A00052,investment,209005.37
202512,A00053,chequing,5335.19
202512,A00054,chequing,7909
202512,A00055,lending,38672.75
202512,A00056,investment,83564.65
202512,A00057,investment,0
202512,A00058,mortgage,319870.73
202512,A00059,investment,0
202512,A00060,investment,0
202512,A00061,chequing,17800.32
202512,A00062,investment,576186.65
202512,A00063,investment,823054.81
202512,A00064,investment,634932.26
202512,A00065,investment,945252.2
202512,A00066,mortgage,95955.18
202512,A00067,investment,167052.85
202512,A00068,investment,0
202512,A00069,investment,142297.37
202512,A00070,investment,353589.28
202512,A00071,investment,433218.17
202512,A00072,lending,28126.61
202512,A00073,chequing,10252.77
202512,A00074,saving,22638.64
202512,A00075,investment,917954.51
202512,A00076,investment,348709.61
202512,A00077,investment,467639.47
202512,A00078,mortgage,90290.79
202512,A00079,lending,4470.35
202512,A00080,investment,961165.38
202512,A00081,chequing,9303.24
202512,A00082,investment,974559.66
202512,A00083,investment,233905.59
202512,A00084,mortgage,214409.59
202512,A00085,investment,28266.74
202512,A00086,chequing,5272.86
202512,A00087,lending,25514.57
202512,A00088,investment,0
202512,A00089,investment,668137.9
202512,A00090,mortgage,277273.23
202512,A00091,saving,9325.51
202512,A00092,investment,533484.53
202512,A00093,investment,277377.08
202512,A00094,card,-2357.01
202512,A00095,chequing,9886.92
202512,A00096,saving,4749.91
202512,A00097,investment,853938.77
202512,A00098,card,-777.55
202512,A00099,saving,35022.14
202512,A00100,saving,7370.96
202512,A00101,investment,0
202512,A00102,mortgage,119135.79
202512,A00103,mortgage,259523.2
202512,A00104,saving,6941.69
202512,A00105,saving,48012.11
202512,A00106,investment,414544.52
202512,A00107,investment,257139.4
202512,A00108,chequing,2567.86
202512,A00109,card,0
202512,A00110,investment,0
202512,A00111,investment,694606.83
202512,A00112,investment,67420.15
202512,A00113,chequing,14668.59
202512,A00114,card,0
202512,A00115,saving,15604.71
202512,A00116,investment,322312.28
202512,A00117,mortgage,112229.06
202512,A00118,lending,16090.06
202512,A00119,investment,409309.56
202512,A00120,chequing,19429.05
202512,A00121,card,-2855.74
202512,A00122,chequing,7637.85
202512,A00123,chequing,9651.73
202512,A00124,investment,391279.75
202512,A00125,chequing,7996.75
202512,A00126,investment,582932.35
202512,A00127,card,-2880.25
202512,A00128,investment,409358.28
202512,A00129,mortgage,0
202512,A00130,investment,912829.55
202512,A00131,chequing,3637.56
202512,A00132,investment,231969.95
202512,A00133,chequing,9735.13
202512,A00134,investment,58944.49
202512,A00135,investment,845827.68
202512,A00136,card,-2935.84
202512,A00137,lending,46658.54
202512,A00138,investment,589479.07
202512,A00139,investment,98667.24
202512,A00140,mortgage,306284.04
202512,A00141,investment,0
202512,A00142,lending,0
202512,A00143,chequing,11885.26
202512,A00144,investment,0
202512,A00145,saving,0
202512,A00146,chequing,9273.39
202512,A00147,mortgage,480164.31
202512,A00148,investment,789069.53
202512,A00149,investment,34391.04
202512,A00150,chequing,0
202512,A00151,mortgage,493492.2
202512,A00152,investment,163769.9
202512,A00153,card,-1583.34
202512,A00154,saving,6797.38
202512,A00155,saving,6151.62
202512,A00156,chequing,7940.43
202512,A00157,investment,34195.26
202512,A00158,investment,600795.62
202512,A00159,lending,42591.88
202512,A00160,investment,687136.69
202512,A00161,investment,347191.3
202512,A00162,investment,560569.61
202512,A00163,investment,849564.06
202512,A00164,saving,0
202512,A00165,investment,0
202512,A00166,investment,499332.28
202512,A00167,investment,199164.15
202512,A00168,investment,0
202512,A00169,investment,809254.4
202512,A00170,lending,13888.81
202512,A00171,investment,234102.43
202512,A00172,investment,3753.78
202512,A00173,chequing,0
202512,A00174,saving,15981.3
202512,A00175,investment,171872.47
202512,A00176,lending,31851.59
202512,A00177,investment,992243.33
202512,A00178,saving,11750.88
202512,A00179,lending,32490.41
202512,A00180,investment,174853.32
202512,A00181,investment,964876.79
202512,A00182,chequing,5977.2
202512,A00183,saving,14913.44
202512,A00184,lending,42994.1
202512,A00185,investment,471682.13
202512,A00186,chequing,0
202512,A00187,chequing,17685.73
202512,A00188,chequing,0
202512,A00189,card,-4892.87
202512,A00190,saving,0
202512,A00191,card,-3852.22
202512,A00192,chequing,16020.09
202512,A00193,investment,385613.87
202512,A00194,lending,4962.71
202512,A00195,investment,421351.21
202512,A00196,investment,718692.76
202512,A00197,mortgage,247376.13
202512,A00198,investment,534898.5
202512,A00199,investment,0
202512,A00200,investment,988455.44
202512,A00201,chequing,16053.53
202512,A00202,investment,58565.55
202512,A00203,investment,511878.01
202512,A00204,mortgage,408775.33
202512,A00205,saving,2204.84
202512,A00206,investment,134479.49
202512,A00207,investment,750450.84
202512,A00208,investment,435657.75
202512,A00209,saving,8400.59
202512,A00210,investment,215540.03
202512,A00211,investment,683478.1
202512,A00212,investment,296811.82
202512,A00213,saving,15756.63
202512,A00214,lending,27531.09
202512,A00215,card,0
202512,A00216,mortgage,75562.16
202512,A00217,mortgage,191387.64
202512,A00218,mortgage,212420.31
202512,A00219,chequing,17455.47
202512,A00220,mortgage,0
202512,A00221,investment,490881.41
202512,A00222,card,-4882.84
202512,A00223,investment,622306.49
202512,A00224,chequing,9144.6
202512,A00225,investment,525041.62
202512,A00226,card,-820.57
202512,A00227,investment,422865.36
202512,A00228,card,-3561.25
202512,A00229,card,-474.22
202512,A00230,saving,6304.29
202512,A00231,investment,971701.06
202512,A00232,mortgage,376767.54
202512,A00233,card,-2962.6
202512,A00234,investment,0
202512,A00235,investment,482733.03
202512,A00236,card,0
202512,A00237,investment,190348.01
202512,A00238,chequing,14567.65
202512,A00239,chequing,5449.64
202512,A00240,saving,1847.47
202512,A00241,investment,922299.06
202512,A00242,card,-3313.03
202512,A00243,saving,5453.26
202512,A00244,chequing,2922.28
202512,A00245,investment,746341.03
202512,A00246,investment,356557.99
202512,A00247,saving,12164.75
202512,A00248,chequing,0
202512,A00249,lending,39090.8
202512,A00250,investment,537128.55
202512,A00251,chequing,6261.04
202512,A00252,investment,429702.8
202512,A00253,chequing,11043.84
202512,A00254,investment,776990.82
202512,A00255,saving,29558.03
202512,A00256,mortgage,444261.72
202512,A00257,saving,2492.95
202512,A00258,lending,5257.61
202512,A00259,investment,58272.81
202512,A00260,saving,8581.03
202512,A00261,chequing,712.53
202512,A00262,saving,6723.51
202512,A00263,saving,42641.98
202512,A00264,investment,11962.22
202512,A00265,investment,788188.59
202512,A00266,saving,12990.03
202512,A00267,investment,436780.67
202512,A00268,investment,220328.24
202512,A00269,chequing,19649.37
202512,A00270,card,0
202512,A00271,investment,0
202512,A00272,investment,499347.32
202512,A00273,chequing,347.71
202512,A00274,mortgage,246203.75
202512,A00275,investment,942229.31
202512,A00276,investment,952666.54
202512,A00277,lending,17597.83
202512,A00278,card,0
202512,A00279,mortgage,409115.66
202512,A00280,chequing,9477.21
202512,A00281,lending,1068.25
202512,A00282,investment,904478.93
202512,A00283,lending,0
202512,A00284,chequing,10499.05
202512,A00285,investment,715166.61
202512,A00286,lending,3263.75
202512,A00287,card,-1155.66
202512,A00288,investment,987061.95
202512,A00289,chequing,8423.14
202512,A00290,chequing,0
202512,A00291,saving,10844.88
202512,A00292,investment,963969.23
202512,A00293,investment,0
202512,A00294,investment,0
202512,A00295,investment,915053.49
202512,A00296,card,-1568.45
202512,A00297,chequing,6447.93
202512,A00298,chequing,9252.28
202512,A00299,investment,26535.65
202512,A00300,investment,465264.01
202512,A00301,saving,3052.69
202512,A00302,chequing,6563.79
202512,A00303,saving,12381.57
202512,A00304,investment,3223.95
202512,A00305,lending,19196.51
202512,A00306,investment,41454.27
202512,A00307,mortgage,264106.94
202512,A00308,mortgage,0
202512,A00309,mortgage,218609.61
202512,A00310,investment,488756.48
202512,A00311,lending,20474.65
202512,A00312,card,-4855.91
202512,A00313,investment,46925.07
202512,A00314,investment,557531.8
202512,A00315,investment,326696.5
202512,A00316,lending,36698.36
202512,A00317,chequing,6849.35
202512,A00318,chequing,8586.29
202512,A00319,card,-840.45
202512,A00320,lending,41223.08
202512,A00321,mortgage,475860.26
202512,A00322,saving,8577.46
202512,A00323,saving,16948.06
202512,A00324,lending,47052.03
202512,A00325,investment,630325.24
202512,A00326,lending,42433.35
202512,A00327,investment,283119.41
202512,A00328,investment,938225.14
202512,A00329,investment,0
202512,A00330,chequing,6964.39
202512,A00331,investment,0
202512,A00332,saving,6152.16
202512,A00333,investment,0
202512,A00334,saving,33581.81
202512,A00335,mortgage,152777.45
202512,A00336,chequing,11200.88
202512,A00337,investment,780510.85
202512,A00338,investment,944910.4
202512,A00339,saving,16216.29
202512,A00340,mortgage,59326.15
202512,A00341,investment,19842.62
202512,A00342,lending,48894.96
202512,A00343,saving,15076.22
202512,A00344,mortgage,368128.31
202512,A00345,investment,706132.38
202512,A00346,investment,182665.36
202512,A00347,investment,777245.94
202512,A00348,investment,916799.3
202512,A00349,chequing,7876.63
202512,A00350,investment,258787.48
202512,A00351,investment,0
202512,A00352,lending,20869.88
202512,A00353,investment,79977.49
202512,A00354,saving,6254.99
202512,A00355,investment,48205.87
202512,A00356,investment,505287.64
202512,A00357,investment,828528.72
202512,A00358,mortgage,118498.26
202512,A00359,investment,12140.15
202512,A00360,investment,714186.01
202512,A00361,card,-1980.65
202512,A00362,investment,900749.13
202512,A00363,investment,105881.09
202512,A00364,investment,869846.95
202512,A00365,saving,49720.56
202512,A00366,card,-642.69
202512,A00367,investment,577940.47
202512,A00368,investment,289630.03
202512,A00369,chequing,15013.26
202512,A00370,card,-2058.51
202512,A00371,investment,63487.18
202512,A00372,investment,733731.52
202512,A00373,saving,21041.86
202512,A00374,investment,378584.26
202512,A00375,chequing,10362.54
202512,A00376,saving,10135.08
202512,A00377,investment,344248.12
202512,A00378,investment,0
202512,A00379,lending,16011.27
202512,A00380,investment,588934.78
202512,A00381,chequing,7978.51
202512,A00382,lending,18642.58
202512,A00383,chequing,1656.06
202512,A00384,chequing,3703.42
202512,A00385,chequing,13366.97
202512,A00386,chequing,14129.65
202512,A00387,investment,285145.46
202512,A00388,investment,443142.27
202512,A00389,investment,874405.27
202512,A00390,investment,0
202512,A00391,saving,19697.01
202512,A00392,investment,393146.02
202512,A00393,saving,10358.49
202512,A00394,lending,5350.86
202512,A00395,investment,755227.73
202512,A00396,mortgage,486068.24
202512,A00397,mortgage,119261.01
202512,A00398,saving,32505.14
202512,A00399,investment,35727.79
202512,A00400,investment,42777.68
202512,A00401,chequing,6221.08
202512,A00402,chequing,1416.33
202512,A00403,investment,95930.41
202512,A00404,investment,0
202512,A00405,lending,30522.57
202512,A00406,saving,7800.63
202512,A00407,lending,26440.79
202512,A00408,card,-4279.04
202512,A00409,investment,10862.59
202512,A00410,chequing,9607.56
202512,A00411,card,-821.77
202512,A00412,card,-4171.45
202512,A00413,chequing,594.72
202512,A00414,investment,535882.24
202512,A00415,investment,743166.36
202512,A00416,investment,872199.49
202512,A00417,investment,27802.33
202512,A00418,investment,509929.64
202512,A00419,investment,81024.71
202512,A00420,investment,789881.95
202512,A00421,chequing,9077.89
202512,A00422,investment,157292.67
202512,A00423,lending,12880.76
202512,A00424,chequing,6707.02
202512,A00425,chequing,750.84
202512,A00426,chequing,8486.44
202512,A00427,chequing,14062.08
202512,A00428,card,-2938.02
202512,A00429,chequing,15565.36
202512,A00430,chequing,8611.2
202512,A00431,card,-1986.5
202512,A00432,saving,12534.1
202512,A00433,investment,982590.74
202512,A00434,chequing,4264.76
202512,A00435,investment,827850.33
202512,A00436,mortgage,353203.2
202512,A00437,investment,832330.13
202512,A00438,saving,3805.33
202512,A00439,chequing,7878.65
202512,A00440,chequing,9085.23
202512,A00441,chequing,9294.7
202512,A00442,chequing,7367.25
202512,A00443,saving,6323.79
202512,A00444,saving,7283.85
202512,A00445,chequing,0
202512,A00446,chequing,12033.46
202512,A00447,chequing,8286.56
202512,A00448,investment,510107.61
202512,A00449,investment,165875.69
202512,A00450,investment,108044.72
202512,A00451,card,-4685.31
202512,A00452,investment,0
202512,A00453,investment,108296.28
202512,A00454,chequing,0
202512,A00455,chequing,16789.61
202512,A00456,investment,820170.23
202512,A00457,chequing,12506.04
202512,A00458,card,-151.61
202512,A00459,investment,623577.96
202512,A00460,saving,19304.49
202512,A00461,investment,98986.43
202512,A00462,investment,0
202512,A00463,investment,569452.13
202512,A00464,investment,84972.4
202512,A00465,investment,287053.58
202512,A00466,saving,5003.17
202512,A00467,investment,600598.73
202512,A00468,investment,24327.76
202512,A00469,card,-4543.49
202512,A00470,chequing,9920.88
202512,A00471,investment,936108.6
202512,A00472,investment,602032.02
202512,A00473,investment,479841.92
202512,A00474,mortgage,63667.93
202512,A00475,saving,15181.41
202512,A00476,investment,28327.18
202512,A00477,investment,387909.89
202512,A00478,lending,26752.43
202512,A00479,lending,39323.47
202512,A00480,lending,23137.54
202512,A00481,investment,690892.58
202512,A00482,chequing,5217.12
202512,A00483,investment,20187.6
202512,A00484,investment,119572.69
202512,A00485,mortgage,237678.32
202512,A00486,investment,342704.35
202512,A00487,investment,767924.96
202512,A00488,investment,39343.61
202512,A00489,chequing,7690.91
202512,A00490,mortgage,334323.38
202512,A00491,investment,0
202512,A00492,investment,647404.53
202512,A00493,chequing,12694.02
202512,A00494,chequing,6890.78
202512,A00495,investment,757238.23
202512,A00496,investment,0
202512,A00497,investment,0
202512,A00498,investment,976170.97
202512,A00499,mortgage,57108.51
202512,A00500,investment,0
202512,A00501,lending,16619.07
202512,A00502,chequing,14762.31
202512,A00503,card,0
202512,A00504,chequing,10076.77
202512,A00505,mortgage,248313.57
202512,A00506,investment,44850.6
202512,A00507,chequing,12173.96
202512,A00508,investment,781371.7
202512,A00509,chequing,7439.84
202512,A00510,mortgage,94265.34
202512,A00511,investment,707530.67
202512,A00512,saving,11110.51
202512,A00513,mortgage,471772.45
202512,A00514,investment,658164.37
202512,A00515,investment,8946.19
202512,A00516,investment,37082.42
202512,A00517,investment,941458.8
202512,A00518,chequing,1505.67
202512,A00519,chequing,9743.41
202512,A00520,investment,960200.89
202512,A00521,saving,10596.22
202512,A00522,investment,962042.85
202512,A00523,investment,272410.23
202512,A00524,saving,1406.12
202512,A00525,saving,8900.83
202512,A00526,investment,864918.36
202512,A00527,lending,0
202512,A00528,card,-210.47
202512,A00529,saving,15633.96
202512,A00530,saving,27568.84
202512,A00531,investment,384445.5
202512,A00532,investment,662736.61
202512,A00533,investment,494209.06
202512,A00534,chequing,12182.87
202512,A00535,investment,356661.96
202512,A00536,chequing,0
202512,A00537,investment,0
202512,A00538,chequing,9458.7
202512,A00539,investment,562307.56
202512,A00540,chequing,7435.61
202512,A00541,card,-1345.11
202512,A00542,investment,774616.78
202512,A00543,lending,24400.62
202512,A00544,chequing,0
202512,A00545,investment,612790.07
202512,A00546,investment,793582.47
202512,A00547,investment,58558.02
202512,A00548,saving,6225.84
202512,A00549,chequing,16941.9
202512,A00550,investment,714769.59
202512,A00551,investment,927531.91
202512,A00552,investment,641544.16
202512,A00553,mortgage,119950
202512,A00554,investment,0
202512,A00555,investment,939411.99
202512,A00556,investment,0
202512,A00557,card,-66.37
202512,A00558,mortgage,374870.18
202512,A00559,investment,967793.12
202512,A00560,chequing,4435.67
202512,A00561,investment,0
202512,A00562,investment,690504.07
202512,A00563,investment,521348.21
202512,A00564,investment,308410.73
202512,A00565,investment,760116.7
202512,A00566,saving,0
202512,A00567,investment,265279.11
202512,A00568,chequing,6118.19
202512,A00569,investment,99613.57
202512,A00570,lending,22454.59
202512,A00571,chequing,7220.17
202512,A00572,mortgage,103631.32
202512,A00573,investment,0
202512,A00574,saving,0
202512,A00575,investment,0
202512,A00576,lending,31914.11
202512,A00577,chequing,0
202512,A00578,mortgage,207590.79
202512,A00579,investment,471438.25
202512,A00580,lending,19660.46
202512,A00581,investment,0
202512,A00582,investment,194941.95
202512,A00583,lending,48569.6
202512,A00584,investment,424162.44
202512,A00585,chequing,15360.41
202512,A00586,lending,19681.07
202512,A00587,chequing,6061.3
202512,A00588,chequing,8708.11
202512,A00589,mortgage,64353.69
202512,A00590,investment,72431.32
202512,A00591,investment,94544.48
202512,A00592,investment,661957.7
202512,A00593,investment,107304.09
202512,A00594,investment,930764.38
202512,A00595,investment,70948.92
202512,A00596,investment,548779.31
202512,A00597,mortgage,189746.36
202512,A00598,investment,48904.61
202512,A00599,investment,546541.05
202512,A00600,chequing,12262.84
202512,A00601,chequing,17711.93
202512,A00602,saving,18589.52
202512,A00603,investment,59944.19
202512,A00604,investment,96532.67
202512,A00605,chequing,6840.91
202512,A00606,chequing,19310.52
202512,A00607,investment,871249.96
202512,A00608,investment,85960.59
202512,A00609,mortgage,336675.6
202512,A00610,chequing,3895.71
202512,A00611,investment,652211.62
202512,A00612,investment,0
202512,A00613,lending,17453.66
202512,A00614,lending,1544.11
202512,A00615,investment,854509.12
202512,A00616,investment,798777.39
202512,A00617,chequing,8313.24
202512,A00618,chequing,0
202512,A00619,lending,20691.12
202512,A00620,investment,417348.98
202512,A00621,chequing,720.22
202512,A00622,saving,11918.62
202512,A00623,saving,1209.53
202512,A00624,mortgage,108466.7
202512,A00625,chequing,396.91
202512,A00626,saving,26727.85
202512,A00627,lending,6619.4
202512,A00628,lending,30179.06
202512,A00629,chequing,713.49
202512,A00630,investment,809100.16
202512,A00631,investment,559182.95
202512,A00632,mortgage,77526.21
202512,A00633,saving,20682.52
202512,A00634,saving,15890.78
202512,A00635,card,-133.8
202512,A00636,investment,447726
202512,A00637,investment,760760.93
202512,A00638,chequing,9525.31
202512,A00639,card,-740.31
202512,A00640,investment,3000.6
202512,A00641,investment,554830.91
202512,A00642,card,-662.56
202512,A00643,investment,288702.69
202512,A00644,lending,9426.65
202512,A00645,investment,0
202512,A00646,investment,76167.66
202512,A00647,card,0
202512,A00648,chequing,3131.63
202512,A00649,investment,13452.77
202512,A00650,card,-4593.72
202512,A00651,investment,816655.87
202512,A00652,chequing,0
202512,A00653,chequing,8876.85
202512,A00654,investment,964361.64
202512,A00655,card,-3612.81
202512,A00656,card,-3774.12
202512,A00657,lending,6926.49
202512,A00658,chequing,7108.08
202512,A00659,chequing,13694.44
202512,A00660,saving,42357.49
202512,A00661,investment,0
202512,A00662,investment,0
202512,A00663,lending,0
202512,A00664,saving,19468.66
202512,A00665,lending,39498.75
202512,A00666,lending,0
202512,A00667,lending,18851.95
202512,A00668,chequing,0
202512,A00669,mortgage,128231.29
202512,A00670,investment,76180.46
202512,A00671,lending,49931.4
202512,A00672,chequing,5699.47
202512,A00673,investment,926962.86
202512,A00674,investment,377218.66
202512,A00675,investment,93531.06
202512,A00676,investment,25140.13
202512,A00677,investment,952225.72
202512,A00678,investment,960370.1
202512,A00679,saving,33929.93
202512,A00680,investment,0
202512,A00681,investment,39514.02
202512,A00682,saving,26709.19
202512,A00683,saving,0
202512,A00684,investment,904924.17
202512,A00685,investment,808551.85
202512,A00686,investment,899463.97
202512,A00687,chequing,2488.68
202512,A00688,mortgage,182779.32
202512,A00689,investment,657436.54
202512,A00690,saving,18518.57
202512,A00691,investment,0
202512,A00692,investment,781059.65
202512,A00693,chequing,5549.47
202512,A00694,investment,92510.15
202512,A00695,lending,22159.47
202512,A00696,saving,9237.1
202512,A00697,mortgage,283666.74
202512,A00698,lending,1033.83
202512,A00699,chequing,8874.99
202512,A00700,chequing,19273
202512,A00701,lending,35181.89
202512,A00702,mortgage,100404.13
202512,A00703,investment,623885.23
202512,A00704,saving,15024.76
202512,A00705,mortgage,318785.06
202512,A00706,investment,0
202512,A00707,investment,341221.81
202512,A00708,investment,328511.62
202512,A00709,investment,463738.74
202512,A00710,chequing,9776.05
202512,A00711,saving,18599.44
202512,A00712,lending,0
202512,A00713,chequing,6811.69
202512,A00714,mortgage,477593.54
202512,A00715,investment,0
202512,A00716,investment,886440.71
202512,A00717,saving,1014.84
202512,A00718,card,-2774.79
202512,A00719,card,-4445.17
202512,A00720,chequing,997.86
202512,A00721,chequing,0
202512,A00722,chequing,7833.49
202512,A00723,chequing,14693.35
202512,A00724,saving,6480.95
202512,A00725,saving,14543.64
202512,A00726,chequing,8451.56
202512,A00727,saving,23942.87
202512,A00728,saving,0
202512,A00729,chequing,8845.69
202512,A00730,investment,593142.86
202512,A00731,chequing,9324.49
202512,A00732,lending,27160.2
202512,A00733,chequing,2392.44
202512,A00734,investment,445465.27
202512,A00735,investment,0
202512,A00736,card,-3546.05
202512,A00737,investment,546871.67
202512,A00738,investment,424894.81
202512,A00739,investment,325060.94
202512,A00740,lending,10743.59
202512,A00741,investment,459716.74
202512,A00742,saving,26823.24
202512,A00743,investment,364969.17
202512,A00744,investment,8978.25
202512,A00745,lending,42048.2
202512,A00746,investment,17687.3
202512,A00747,investment,935098.39
202512,A00748,saving,19919.72
202512,A00749,card,-1728.28
202512,A00750,investment,623577.6
202512,A00751,investment,361607.05
202512,A00752,chequing,19991.43
202512,A00753,investment,497441.93
202512,A00754,investment,744655.98
202512,A00755,chequing,7312.29
202512,A00756,investment,417463.31
202512,A00757,lending,13997.25
202512,A00758,saving,10983.42
202512,A00759,card,-1818.16
202512,A00760,investment,680504.2
202512,A00761,investment,502609.37
202512,A00762,saving,2739.65
202512,A00763,investment,877966.23
202512,A00764,investment,80224.36
202512,A00765,card,-3055.51
202512,A00766,card,-1605.09
202512,A00767,mortgage,0
202512,A00768,mortgage,269833.07
202512,A00769,chequing,1692.47
202512,A00770,investment,61896.45
202512,A00771,chequing,0
202512,A00772,investment,16172.24
202512,A00773,card,-1965.82
202512,A00774,card,-2715.63
202512,A00775,investment,501540.83
202512,A00776,investment,826378.75
202512,A00777,saving,11432.66
202512,A00778,investment,0
202512,A00779,investment,862756.14
202512,A00780,saving,12294.77
202512,A00781,mortgage,223076.44
202512,A00782,saving,44980.95
202512,A00783,card,-117.71
202512,A00784,lending,21691.99
202512,A00785,investment,987347.32
202512,A00786,mortgage,99002.7
202512,A00787,saving,900.22
202512,A00788,mortgage,398353.23
202512,A00789,lending,24945.54
202512,A00790,card,-671.63
202512,A00791,lending,0
202512,A00792,saving,43902.35
202512,A00793,chequing,0
202512,A00794,investment,800118.09
202512,A00795,investment,265231.96
202512,A00796,investment,695653.15
202512,A00797,investment,0
202512,A00798,card,-412.96
202512,A00799,investment,860092.91
202512,A00800,investment,377728.64
202512,A00801,chequing,7145.87
202512,A00802,investment,685839.98
202512,A00803,chequing,6920.85
202512,A00804,saving,10828.86
202512,A00805,saving,8088.58
202512,A00806,investment,677137.85
202512,A00807,saving,0
202512,A00808,saving,3265.82
202512,A00809,saving,9539.18
202512,A00810,investment,0
202512,A00811,investment,447500.48
202512,A00812,mortgage,259086.13
202512,A00813,lending,18877.53
202512,A00814,investment,367538.43
202512,A00815,investment,631703.21
202512,A00816,chequing,17633.62
202512,A00817,investment,93127.6
202512,A00818,investment,446677.9
202512,A00819,saving,14988.71
202512,A00820,investment,694748.78
202512,A00821,investment,0
202512,A00822,card,-986.8
202512,A00823,mortgage,300673.79
202512,A00824,investment,753981.42
202512,A00825,investment,0
202512,A00826,card,-269.63
202512,A00827,card,-759.32
202512,A00828,chequing,9680.38
202512,A00829,investment,643482.1
202512,A00830,card,-2603.61
202512,A00831,saving,18018.63
202512,A00832,card,-4886.68
202512,A00833,investment,0
202512,A00834,investment,688510.64
202512,A00835,investment,123901.7
202512,A00836,investment,282482.33
202512,A00837,investment,28139.59
202512,A00838,investment,696484.35
202512,A00839,investment,215845.77
202512,A00840,chequing,4774.87
202512,A00841,investment,359952.44
202512,A00842,investment,737325.22
202512,A00843,investment,817769.61
202512,A00844,chequing,11731.03
202512,A00845,chequing,18530.32
202512,A00846,investment,588394.17
202512,A00847,investment,936637.14
202512,A00848,saving,3975.73
202512,A00849,mortgage,425133.32
202512,A00850,investment,25201.9
202512,A00851,investment,333973.87
202512,A00852,card,-1101.2
202512,A00853,mortgage,55505.76
202512,A00854,investment,457680.52
202512,A00855,investment,220099.18
202512,A00856,investment,829095.17
202512,A00857,investment,956528.54
202512,A00858,investment,150283.67
202512,A00859,investment,978229.45
202512,A00860,card,-2531.1
202512,A00861,investment,94834.79
202512,A00862,investment,46034.08
202512,A00863,mortgage,160900.31
202512,A00864,chequing,7553.52
202512,A00865,chequing,9150.5
202512,A00866,investment,338692.25
202512,A00867,investment,0
202512,A00868,saving,16999.1
202512,A00869,mortgage,0
202512,A00870,saving,31460.95
202512,A00871,lending,35542.41
202512,A00872,saving,15188.26
202512,A00873,saving,46477.81
202512,A00874,saving,37138.17
202512,A00875,investment,61083.18
202512,A00876,investment,200617.98
202512,A00877,card,0
202512,A00878,saving,10288.9
202512,A00879,chequing,15973.47
202512,A00880,mortgage,121213.05
202512,A00881,investment,131557.45
202512,A00882,saving,8672.25
202512,A00883,saving,0
202512,A00884,card,-4406.91
202512,A00885,investment,490601.89
202512,A00886,mortgage,488741.21
202512,A00887,investment,507506.13
202512,A00888,saving,37351.24
202512,A00889,investment,846921.85
202512,A00890,investment,905997.06
202512,A00891,investment,938548.36
202512,A00892,lending,37529.73
202512,A00893,saving,42442.12
202512,A00894,investment,546012.11
202512,A00895,chequing,7963.89
202512,A00896,saving,3102.08
202512,A00897,saving,17462.45
202512,A00898,chequing,13348.93
202512,A00899,lending,35509.08
202512,A00900,investment,557984.94
202512,A00901,saving,18003.88
202512,A00902,card,-2089.68
202512,A00903,investment,825883.62
202512,A00904,chequing,7018.15
202512,A00905,card,-1601.94
202512,A00906,chequing,5075.55
202512,A00907,card,-440.83
202512,A00908,investment,772272.25
202512,A00909,chequing,6502.67
202512,A00910,mortgage,156335.72
202512,A00911,investment,872087.8
202512,A00912,chequing,18942.37
202512,A00913,lending,46474.5
202512,A00914,lending,12863.55
202512,A00915,investment,269516.15
202512,A00916,saving,14816.04
202512,A00917,investment,488870.04
202512,A00918,chequing,5405.58
202512,A00919,investment,0
202512,A00920,lending,30193.17
202512,A00921,saving,48013.42
202512,A00922,investment,8085.71
202512,A00923,mortgage,68711.53
202512,A00924,lending,38390.3
202512,A00925,mortgage,478986.83
202512,A00926,investment,0
202512,A00927,saving,22490.36
202512,A00928,saving,9505.87
202512,A00929,chequing,7901.32
202512,A00930,investment,311143.05
202512,A00931,investment,504327.46
202512,A00932,investment,270339.35
202512,A00933,investment,156642.36
202512,A00934,chequing,7975.45
202512,A00935,investment,70439.02
202512,A00936,chequing,0
202512,A00937,card,-922.39
202512,A00938,card,-2073.48
202512,A00939,investment,0
202512,A00940,saving,15877.18
202512,A00941,mortgage,0
202512,A00942,chequing,8713.37
202512,A00943,investment,42657.5
202512,A00944,investment,541602.75
202512,A00945,card,-3360.64
202512,A00946,investment,956789.42
202512,A00947,chequing,11945.74
202512,A00948,mortgage,408517.47
202512,A00949,lending,22088.51
202512,A00950,investment,96714.83
202512,A00951,lending,11473.97
202512,A00952,investment,57484.36
202512,A00953,investment,62985.4
202512,A00954,investment,17725.23
202512,A00955,investment,861479.3
202512,A00956,chequing,2200.89
202512,A00957,investment,474298.66
202512,A00958,chequing,0
202512,A00959,investment,577539.48
202512,A00960,investment,0
202512,A00961,lending,46036
202512,A00962,card,-3448.56
202512,A00963,investment,149362.26
202512,A00964,chequing,18574.6
202512,A00965,card,-4373.69
202512,A00966,saving,3282.93
202512,A00967,chequing,14737.83
202512,A00968,investment,388367.94
202512,A00969,saving,17240.5
202512,A00970,investment,570204.51
202512,A00971,saving,12702.08
202512,A00972,chequing,18512.33
202512,A00973,lending,1546.7
202512,A00974,investment,279922.63
202512,A00975,investment,85745.75
202512,A00976,chequing,14426.81
202512,A00977,mortgage,106850.14
202512,A00978,saving,5767.86
202512,A00979,lending,22951.83
202512,A00980,saving,14081
202512,A00981,chequing,0
202512,A00982,investment,0
202512,A00983,chequing,3029.31
202512,A00984,saving,40389.43
202512,A00985,investment,125654.32
202512,A00986,investment,25157.99
202512,A00987,saving,13430.96
202512,A00988,chequing,8555.72
202512,A00989,saving,13776.07
202512,A00990,investment,903797.99
202512,A00991,investment,197807.91
202512,A00992,investment,115964.87
202512,A00993,card,-3642.49
202512,A00994,investment,759764.23
202512,A00995,investment,0
202512,A00996,investment,25067.72
202512,A00997,mortgage,455280.83
202512,A00998,lending,22644.57
202512,A00999,investment,0
202512,A01000,saving,11764.22
202512,A01001,mortgage,240911.99
202512,A01002,chequing,0
202512,A01003,investment,14463.37
202512,A01004,investment,86872.45
202512,A01005,investment,874236.6
202512,A01006,card,-2173.47
202512,A01007,saving,11479.35
202512,A01008,investment,905492.69
202512,A01009,mortgage,205687.95
202512,A01010,lending,6686.68
202512,A01011,mortgage,101875.1
202512,A01012,investment,670220.32
202512,A01013,chequing,5722.09
202512,A01014,chequing,0
202512,A01015,investment,799718.27
202512,A01016,saving,0
202512,A01017,investment,563332.99
202512,A01018,investment,380306.24
202512,A01019,investment,690768.23
202512,A01020,chequing,1233.16
202512,A01021,mortgage,378436.86
202512,A01022,chequing,13528.76
202512,A01023,investment,368356.59
202512,A01024,investment,198169.03
202512,A01025,investment,505150
202512,A01026,chequing,2642.42
202512,A01027,saving,10250.76
202512,A01028,investment,796362.3
202512,A01029,card,-3771.7
202512,A01030,saving,17468.08
202512,A01031,investment,19315.96
202512,A01032,investment,0
202512,A01033,saving,29587.02
202512,A01034,investment,37885.61
202512,A01035,investment,0
202512,A01036,investment,283963.51
202512,A01037,chequing,860.82
202512,A01038,lending,34447.52
202512,A01039,chequing,8554.21
202512,A01040,investment,271706.38
202512,A01041,chequing,6034
202512,A01042,investment,398799.07
202512,A01043,investment,900436.11
202512,A01044,saving,12007.83
202512,A01045,investment,107103
202512,A01046,chequing,7791.11
202512,A01047,investment,962236.38
202512,A01048,investment,436446.75
202512,A01049,saving,38931.53
202512,A01050,lending,33846.28
202512,A01051,investment,30592.29
202512,A01052,investment,262604.02
202512,A01053,lending,12870.83
202512,A01054,investment,553420.11
202512,A01055,lending,6110.41
202512,A01056,chequing,18863.57
202512,A01057,investment,489889.36
202512,A01058,mortgage,237806.17
202512,A01059,saving,39783.13
202512,A01060,saving,3514.83
202512,A01061,card,-3694.46
202512,A01062,investment,76210.7
202512,A01063,saving,2211.92
202512,A01064,mortgage,310197.06
202512,A01065,mortgage,423398.59
202512,A01066,investment,46158.56
202512,A01067,lending,0
202512,A01068,investment,157505.81
202512,A01069,investment,100867.32
202512,A01070,saving,6355.4
202512,A01071,mortgage,98555.11
202512,A01072,investment,0
202512,A01073,investment,0
202512,A01074,saving,606.49
202512,A01075,chequing,9023.49
202512,A01076,investment,0
202512,A01077,saving,44653.41
202512,A01078,investment,257748.27
202512,A01079,saving,35733.98
202512,A01080,chequing,1010.96
202512,A01081,card,-4264.24
202512,A01082,chequing,0
202512,A01083,investment,753126.94
202512,A01084,investment,0
202512,A01085,investment,516453.86
202512,A01086,investment,53487.08
202512,A01087,mortgage,220523.01
202512,A01088,saving,46553.05
202512,A01089,mortgage,379413.81
202512,A01090,chequing,16434.23
202512,A01091,investment,37198.15
202512,A01092,saving,18106.61
202512,A01093,chequing,1211.88
202512,A01094,investment,110071.55
202512,A01095,chequing,6745.66
202512,A01096,saving,38308.75
202512,A01097,investment,363822.04
202512,A01098,chequing,1725
202512,A01099,chequing,9744.57
202512,A01100,investment,749646.84
202512,A01101,saving,38067.87
202512,A01102,chequing,1831.35
202512,A01103,investment,836049.5
202512,A01104,card,-219.5
202512,A01105,investment,244469.34
202512,A01106,lending,35740.19
202512,A01107,mortgage,328137.85
202512,A01108,mortgage,61297.99
202512,A01109,investment,933647.34
202512,A01110,mortgage,357588.41
202512,A01111,lending,9588.59
202512,A01112,saving,26071.56
202512,A01113,chequing,0
202512,A01114,investment,25795.68
202512,A01115,investment,8652.01
202512,A01116,mortgage,93419.2
202512,A01117,lending,42667.38
202512,A01118,lending,13322.53
202512,A01119,lending,15888.13
202512,A01120,investment,970406.66
202512,A01121,chequing,7935.35
202512,A01122,investment,0
202512,A01123,investment,78312.79
202512,A01124,investment,563735.38
202512,A01125,investment,10855.37
202512,A01126,investment,570609.18
202512,A01127,investment,910034.17
202512,A01128,card,-1790.11
202512,A01129,chequing,0
202512,A01130,card,-2438.13
202512,A01131,investment,662323.73
202512,A01132,chequing,0
202512,A01133,saving,8804.2
202512,A01134,investment,0
202512,A01135,investment,0
202512,A01136,investment,103029.79
202512,A01137,investment,505677.36
202512,A01138,saving,46536.65
202512,A01139,saving,28401.31
202512,A01140,lending,43915.52
202512,A01141,investment,679711.53
202512,A01142,saving,29030.32
202512,A01143,chequing,3983.69
202512,A01144,chequing,6742.03
202512,A01145,investment,450087.93
202512,A01146,investment,798583.12
202512,A01147,investment,216789.15
202512,A01148,card,-579.39
202512,A01149,investment,0
202512,A01150,investment,718207.34
202512,A01151,mortgage,380070.48
202512,A01152,chequing,5219.06
202512,A01153,saving,1220.04
202512,A01154,saving,0
202512,A01155,investment,610691.02
202512,A01156,investment,94748.68
202512,A01157,investment,951059.63
202512,A01158,lending,22996.68
202512,A01159,chequing,977.64
202512,A01160,chequing,8859.86
202512,A01161,chequing,6821.83
202512,A01162,chequing,3287.39
202512,A01163,investment,944498.65
202512,A01164,card,-103.61
202512,A01165,investment,182754.25
202512,A01166,investment,383583.57
202512,A01167,investment,383181.27
202512,A01168,lending,1391.11
202512,A01169,lending,0
202512,A01170,chequing,17154.34
202512,A01171,card,-3425.74
202512,A01172,card,-3695.69
202512,A01173,chequing,0
202512,A01174,chequing,0
202512,A01175,investment,148100.56
202512,A01176,chequing,15497.36
202512,A01177,lending,15207.2
202512,A01178,chequing,0
202512,A01179,saving,0
202512,A01180,investment,299197.73
202512,A01181,mortgage,355667.6
202512,A01182,investment,0
202512,A01183,card,-2114.19
202512,A01184,card,-4642.25
202512,A01185,saving,6518.27
202512,A01186,chequing,12815.72
202512,A01187,investment,573110.67
202512,A01188,investment,0
202512,A01189,investment,649496.02
202512,A01190,saving,14546.4
202512,A01191,chequing,19097.63
202512,A01192,investment,890339.24
202512,A01193,chequing,0
202512,A01194,investment,44649.35
202512,A01195,saving,12868.42
202512,A01196,card,-810
202512,A01197,lending,26503.07
202512,A01198,investment,660485.9
202512,A01199,chequing,0
202512,A01200,investment,76404.55
202512,A01201,chequing,19918.93
202512,A01202,investment,533080.09
202512,A01203,investment,973058.9
202512,A01204,investment,57194.4
202512,A01205,chequing,6801.66
202512,A01206,mortgage,459769.86
202512,A01207,mortgage,247951.43
202512,A01208,saving,12675.91
202512,A01209,investment,579675.85
202512,A01210,saving,2971.2
202512,A01211,investment,711910.84
202512,A01212,chequing,8810.03
202512,A01213,card,-2135.93
202512,A01214,chequing,690.85
202512,A01215,investment,0
202512,A01216,saving,0
202512,A01217,investment,433776.09
202512,A01218,investment,4886.82
202512,A01219,investment,687091.2
202512,A01220,investment,445381.43
202512,A01221,investment,519444.49
202512,A01222,investment,72537.97
202512,A01223,investment,887439.36
202512,A01224,saving,18653.91
202512,A01225,mortgage,116059.07
202512,A01226,investment,663204.12
202512,A01227,card,-2941.9
202512,A01228,investment,108597.5
202512,A01229,lending,30450.1
202512,A01230,saving,40892.18
202512,A01231,chequing,14825.38
202512,A01232,investment,36652.49
202512,A01233,chequing,7277.75
202512,A01234,investment,951818.15
202512,A01235,mortgage,455232.17
202512,A01236,investment,32996.29
202512,A01237,card,-411.53
202512,A01238,investment,450585.14
202512,A01239,chequing,7614.32
202512,A01240,investment,502229.16
202512,A01241,investment,0
202512,A01242,investment,849460.41
202512,A01243,card,-956.17
202512,A01244,investment,526874.64
202512,A01245,investment,400819.66
202512,A01246,saving,4584.89
202512,A01247,investment,221667.56
202512,A01248,mortgage,323149.86
202512,A01249,saving,3517.55
202512,A01250,investment,585329.82
202512,A01251,investment,196151.78
202512,A01252,investment,30280.67
202512,A01253,chequing,9495.02
202512,A01254,card,0
202512,A01255,investment,597179.81
202512,A01256,investment,613415.31
202512,A01257,investment,0
202512,A01258,investment,867798.3
202512,A01259,investment,58747.89
202512,A01260,investment,327374.06
202512,A01261,investment,178080.95
202512,A01262,lending,11217.5
202512,A01263,card,-4144.04
202512,A01264,investment,57974.27
202512,A01265,investment,746503.58
202512,A01266,investment,769998.84
202512,A01267,chequing,16145.41
202512,A01268,mortgage,491286.46
202512,A01269,lending,38914.33
202512,A01270,saving,5367.37
202512,A01271,investment,150335.61
202512,A01272,card,-1210.8
202512,A01273,saving,49934.23
202512,A01274,card,-1656.55
202512,A01275,chequing,4808.9
202512,A01276,investment,138551.14
202512,A01277,lending,12029.75
202512,A01278,chequing,4986.74
202512,A01279,investment,0
202512,A01280,investment,708905.37
202512,A01281,lending,0
202512,A01282,chequing,6350.29
202512,A01283,investment,0
202512,A01284,chequing,3324.68
202512,A01285,investment,894417.82
202512,A01286,investment,424251.99
202512,A01287,investment,924298.87
202512,A01288,investment,0
202512,A01289,investment,563839.64
202512,A01290,card,-2456.76
202512,A01291,saving,0
202512,A01292,chequing,7026.6
202512,A01293,chequing,12079.81
202512,A01294,investment,0
202512,A01295,investment,446361.51
202512,A01296,investment,472598.79
202512,A01297,investment,762375.88
202512,A01298,mortgage,247958.36
202512,A01299,investment,767799.5
202512,A01300,chequing,9975.18
202512,A01301,saving,17596.35
202512,A01302,investment,0
202512,A01303,chequing,1581.46
202512,A01304,chequing,1050.1
202512,A01305,investment,800598.8
202512,A01306,investment,946864.02
202512,A01307,chequing,5182.11
202512,A01308,investment,915856.81
202512,A01309,saving,45357.7
202512,A01310,investment,939564.82
202512,A01311,chequing,4669.85
202512,A01312,saving,4991.13
202512,A01313,investment,842516.81
202512,A01314,investment,381738.04
202512,A01315,investment,677651.34
202512,A01316,saving,5396.32
202512,A01317,investment,234413.67
202512,A01318,card,-2303.29
202512,A01319,investment,977086.23
202512,A01320,chequing,12585.39
202512,A01321,card,-2404.5
202512,A01322,saving,33005.05
202512,A01323,mortgage,74231.56
202512,A01324,investment,36276.3
202512,A01325,saving,12406.75
202512,A01326,mortgage,131715.9
202512,A01327,chequing,12665.75
202512,A01328,lending,10165.39
202512,A01329,investment,500812.61
202512,A01330,investment,459450.73
202512,A01331,chequing,17421.77
202512,A01332,chequing,0
202512,A01333,saving,12033.46
202512,A01334,mortgage,377065.07
202512,A01335,investment,61890.33
202512,A01336,investment,242729.99
202512,A01337,investment,145393.93
202512,A01338,investment,786417.68
202512,A01339,mortgage,239389.36
202512,A01340,investment,944785.53
202512,A01341,investment,721922.94
202512,A01342,investment,487580.8
202512,A01343,lending,0
202512,A01344,mortgage,117331.74
202512,A01345,investment,510363.82
202512,A01346,chequing,6841.2
202512,A01347,saving,22444.82
202512,A01348,chequing,0
202512,A01349,chequing,3928.21
202512,A01350,lending,8387.68
202512,A01351,mortgage,469500.73
202512,A01352,mortgage,171454.21
202512,A01353,lending,15140.89
202512,A01354,mortgage,135901.16
202512,A01355,saving,7053.11
202512,A01356,mortgage,69259.6
202512,A01357,card,-2858.2
202512,A01358,lending,16068.85
202512,A01359,chequing,7158.87
202512,A01360,card,-4963.06
202512,A01361,saving,14522.49
202512,A01362,investment,263475
202512,A01363,saving,6353.91
202512,A01364,card,-3369.01
202512,A01365,investment,692224.02
202512,A01366,investment,594000.16
202512,A01367,investment,950276.48
202512,A01368,chequing,9342.2
202512,A01369,investment,790368.99
202512,A01370,investment,630569.16
202512,A01371,investment,0
202512,A01372,chequing,3118.96
202512,A01373,investment,347792.77
202512,A01374,investment,0
202512,A01375,saving,0
202512,A01376,investment,238838.38
202512,A01377,chequing,6578.91
202512,A01378,lending,9125.84
202512,A01379,investment,0
202512,A01380,investment,526423.02
202512,A01381,saving,0
202512,A01382,lending,34485.75
202512,A01383,mortgage,71318.63
202512,A01384,chequing,7557.35
202512,A01385,investment,52354.42
202512,A01386,investment,78407.38
202512,A01387,card,-2621.5
202512,A01388,saving,17166.67
202512,A01389,investment,793458.66
202512,A01390,card,-4398.68
202512,A01391,investment,987901.57
202512,A01392,mortgage,51138.23
202512,A01393,chequing,4595.21
202512,A01394,chequing,9036.31
202512,A01395,lending,21479
202512,A01396,chequing,2795.07
202512,A01397,card,-1639.86
202512,A01398,investment,113839.6
202512,A01399,investment,229672.57
202512,A01400,investment,0
202512,A01401,chequing,10617.16
202512,A01402,mortgage,126283.1
202512,A01403,mortgage,163731.2
202512,A01404,investment,89559.25
202512,A01405,mortgage,489318.88
202512,A01406,mortgage,127670.05
202512,A01407,investment,952401.9
202512,A01408,mortgage,98114.02
202512,A01409,chequing,2161.05
202512,A01410,investment,399978.09
202512,A01411,investment,646457.7
202512,A01412,investment,658138.7
202512,A01413,saving,2080.3
202512,A01414,investment,187027.76
202512,A01415,investment,17479.4
202512,A01416,saving,8466.55
202512,A01417,chequing,5539.57
202512,A01418,lending,34742.52
202512,A01419,investment,583103.54
202512,A01420,chequing,4042.49
202512,A01421,chequing,2877.03
202512,A01422,card,-4012.03
202512,A01423,investment,418417.9
202512,A01424,mortgage,416382.19
202512,A01425,saving,7007.24
202512,A01426,investment,790058.25
202512,A01427,investment,970676.98
202512,A01428,saving,18273.01
202512,A01429,chequing,7676.53
202512,A01430,saving,5234.42
202512,A01431,investment,799219.14
202512,A01432,chequing,14831.32
202512,A01433,mortgage,146527.29
202512,A01434,investment,592803.33
202512,A01435,investment,936952.4
202512,A01436,lending,14661.32
202512,A01437,investment,45422.25
202512,A01438,chequing,19506.03
202512,A01439,chequing,5154.54
202512,A01440,investment,492953.49
202512,A01441,saving,16540.75
202512,A01442,lending,35910.4
202512,A01443,investment,941528.49
202512,A01444,investment,1660.09
202512,A01445,chequing,11462.44
202512,A01446,saving,43102.83
202512,A01447,investment,0
202512,A01448,card,-77.36
202512,A01449,chequing,6593.21
202512,A01450,investment,139142.46
202512,A01451,investment,870871.21
202512,A01452,investment,91727.38
202512,A01453,investment,2332.98
202512,A01454,saving,41714.76
202512,A01455,investment,435796.76
202512,A01456,investment,6053.92
202512,A01457,mortgage,282657.31
202512,A01458,chequing,5137.13
202512,A01459,saving,11798.36
202512,A01460,chequing,0
202512,A01461,saving,17616.88
202512,A01462,investment,167776.44
202512,A01463,investment,632255.72
202512,A01464,mortgage,257215.03
202512,A01465,investment,0
202512,A01466,investment,489502.26
202512,A01467,chequing,12164.46
202512,A01468,lending,3173.85
202512,A01469,chequing,1712.21
202512,A01470,investment,955702.65
202512,A01471,lending,9879.13
202512,A01472,lending,5237.45
202512,A01473,lending,22516.45
202512,A01474,investment,546610.6
202512,A01475,investment,699277.15
202512,A01476,chequing,11236.01
202512,A01477,investment,683166.55
202512,A01478,lending,0
202512,A01479,investment,33535.74
202512,A01480,investment,51714.88
202512,A01481,investment,554977.09
202512,A01482,investment,124988.34
202512,A01483,investment,687131.45
202512,A01484,investment,315714.41
202512,A01485,investment,607441.73
202512,A01486,investment,771821.24
202512,A01487,lending,22144.88
202512,A01488,card,-1996.58
202512,A01489,mortgage,244583.44
202512,A01490,card,-2490.3
202512,A01491,investment,212718.27
202512,A01492,saving,3045.75
202512,A01493,card,-3651.58
202512,A01494,investment,22874.17
202512,A01495,investment,558983.33
202512,A01496,saving,6466.9
202512,A01497,lending,2530.67
202512,A01498,mortgage,108751.99
202512,A01499,investment,28455.91
202512,A01500,investment,893029.09
202512,A01501,investment,336821.18
202512,A01502,investment,768174.85
202512,A01503,chequing,10151.6
202512,A01504,investment,901254.92
202512,A01505,investment,733300.35
202512,A01506,card,0
202512,A01507,chequing,8657.85
202512,A01508,investment,209887.86
202512,A01509,mortgage,106872.49
202512,A01510,investment,353739.67
202512,A01511,chequing,6458.61
202512,A01512,saving,2200.6
202512,A01513,investment,873237.31
202512,A01514,investment,206715.02
202512,A01515,investment,514414.91
202512,A01516,chequing,2377.98
202512,A01517,chequing,2969.11
202512,A01518,investment,784644.53
202512,A01519,investment,262670.89
202512,A01520,card,-1172.78
202512,A01521,card,0
202512,A01522,investment,899191.89
202512,A01523,chequing,3885.63
202512,A01524,mortgage,474954.3
202512,A01525,chequing,6939.9
202512,A01526,saving,16941.54
202512,A01527,chequing,15014.8
202512,A01528,investment,853060.9
202512,A01529,investment,147199.49
202512,A01530,investment,452382.85
202512,A01531,card,0
202512,A01532,investment,689812.83
202512,A01533,mortgage,355208.75
202512,A01534,saving,8466.14
202512,A01535,card,-120.32
202512,A01536,investment,483501.27
202512,A01537,card,-851.98
202512,A01538,chequing,7324.02
202512,A01539,chequing,7831.31
202512,A01540,card,-1070.33
202512,A01541,investment,164883.15
202512,A01542,investment,623251.99
202512,A01543,lending,47191.85
202512,A01544,card,-3530.14
202512,A01545,investment,318822.11
202512,A01546,investment,0
202512,A01547,card,-4714.71
202512,A01548,saving,7550.23
202512,A01549,chequing,13253.43
202512,A01550,mortgage,346968.52
202512,A01551,investment,202681.52
202512,A01552,lending,31228.75
202512,A01553,investment,76680.73
202512,A01554,chequing,0
202512,A01555,mortgage,496084.59
202512,A01556,chequing,7193.76
202512,A01557,card,-297.44
202512,A01558,investment,971981.68
202512,A01559,card,0
202512,A01560,investment,0
202512,A01561,card,-4450.57
202512,A01562,investment,99584.19
202512,A01563,investment,714161.72
202512,A01564,card,-4453.89
202512,A01565,lending,15421.32
202512,A01566,chequing,15554.48
202512,A01567,chequing,2802.9
202512,A01568,chequing,7805.48
202512,A01569,investment,374312.92
202512,A01570,chequing,10957.62
202512,A01571,saving,15934.83
202512,A01572,mortgage,130598.4
202512,A01573,investment,529769.42
202512,A01574,investment,739652.46
202512,A01575,saving,0
202512,A01576,investment,667700.68
202512,A01577,investment,732018.98
202512,A01578,investment,74272.64
202512,A01579,lending,15211.08
202512,A01580,lending,35583.23
202512,A01581,investment,428023.91
202512,A01582,investment,878368.14
202512,A01583,saving,27618.86
202512,A01584,card,-750.23
202512,A01585,card,-3329.53
202512,A01586,saving,11405.65
202512,A01587,investment,351304.96
202512,A01588,card,-4372.7
202512,A01589,chequing,2144.57
202512,A01590,investment,616432.18
202512,A01591,investment,599210.28
202512,A01592,investment,705495.41
202512,A01593,chequing,3799.41
202512,A01594,card,-2771.87
202512,A01595,card,-4506.3
202512,A01596,chequing,7646.94
202512,A01597,investment,503733.13
202512,A01598,chequing,975.89
202512,A01599,chequing,6235.15
202512,A01600,mortgage,124922.2
202512,A01601,chequing,9249.61
202512,A01602,mortgage,366962.44
202512,A01603,card,0
202512,A01604,investment,878879.91
202512,A01605,card,-1252.77
202512,A01606,card,0
202512,A01607,investment,94452.67
202512,A01608,chequing,3180.13
202512,A01609,investment,941776.49
202512,A01610,card,-2404.49
202512,A01611,investment,0
202512,A01612,investment,90229.09
202512,A01613,mortgage,87859.3
202512,A01614,investment,573338.34
202512,A01615,chequing,8794.95
202512,A01616,saving,5050.53
202512,A01617,investment,63098.35
202512,A01618,investment,25321.26
202512,A01619,saving,9400.03
202512,A01620,saving,13380.96
202512,A01621,saving,13846.94
202512,A01622,investment,703295.02
202512,A01623,chequing,878.21
202512,A01624,investment,883826.67
202512,A01625,investment,0
202512,A01626,card,-1397.65
202512,A01627,investment,155918.07
202512,A01628,card,0
202512,A01629,investment,651211.08
202512,A01630,card,0
202512,A01631,chequing,12479.66
202512,A01632,investment,985147.97
202512,A01633,chequing,0
202512,A01634,investment,27342.69
202512,A01635,saving,8080.48
202512,A01636,chequing,2799.65
202512,A01637,lending,18312.49
202512,A01638,card,-2934.99
202512,A01639,investment,148967.95
202512,A01640,mortgage,0
202512,A01641,saving,12935.23
202512,A01642,investment,431556.09
202512,A01643,mortgage,183917.77
202512,A01644,card,-2972.77
202512,A01645,chequing,1576.6
202512,A01646,investment,630687.54
202512,A01647,lending,46629.83
202512,A01648,card,-1298.18
202512,A01649,investment,517925.88
202512,A01650,investment,125699.73
202512,A01651,investment,751018.72
202512,A01652,investment,470062.35
202512,A01653,investment,436505.11
202512,A01654,mortgage,396989.06
202512,A01655,chequing,4035.46
202512,A01656,investment,807109.83
202512,A01657,chequing,5445.16
202512,A01658,card,-4411.81
202512,A01659,chequing,19138.88
202512,A01660,investment,736224.5
202512,A01661,investment,469140.23
202512,A01662,lending,47336.13
202512,A01663,investment,40884.88
202512,A01664,investment,337836.55
202512,A01665,lending,25781.46
202512,A01666,card,-2427.99
202512,A01667,chequing,12082.93
202512,A01668,saving,16040.88
202512,A01669,saving,48127.04
202512,A01670,investment,672835.18
202512,A01671,saving,17061.96
202512,A01672,mortgage,160282.64
202512,A01673,investment,244393.27
202512,A01674,chequing,3151.43
202512,A01675,lending,29472.53
202512,A01676,saving,0
202512,A01677,card,0
202512,A01678,mortgage,382146
202512,A01679,saving,12998.64
202512,A01680,investment,688736.22
202512,A01681,lending,14647.21
202512,A01682,investment,810233.79
202512,A01683,chequing,14400.05
202512,A01684,mortgage,448202.33
202512,A01685,card,-3588.29
202512,A01686,chequing,9490.4
202512,A01687,chequing,18320.3
202512,A01688,card,-2047.45
202512,A01689,investment,561946.07
202512,A01690,card,0
202512,A01691,mortgage,0
202512,A01692,chequing,2631.26
202512,A01693,investment,0
202512,A01694,chequing,16409
202512,A01695,lending,30533.57
202512,A01696,investment,530702.86
202512,A01697,investment,499464.41
202512,A01698,card,-819.07
202512,A01699,investment,417121.87
202512,A01700,chequing,16366.96
202512,A01701,investment,170567.51
202512,A01702,investment,976651.22
202512,A01703,investment,0
202512,A01704,chequing,6946.14
202512,A01705,saving,29724.96
202512,A01706,saving,0
202512,A01707,mortgage,257776.66
202512,A01708,saving,5114.32
202512,A01709,chequing,3698
202512,A01710,card,-2726.5
202512,A01711,investment,4240.69
202512,A01712,saving,12844.44
202512,A01713,card,0
202512,A01714,saving,16869.35
202512,A01715,mortgage,57245.89
202512,A01716,mortgage,82629.38
202512,A01717,chequing,2948.19
202512,A01718,card,0
202512,A01719,chequing,8745.59
202512,A01720,investment,590330.73
202512,A01721,investment,0
202512,A01722,investment,612961.4
202512,A01723,investment,393294.52
202512,A01724,chequing,5046.22
202512,A01725,saving,11105.76
202512,A01726,saving,47123.73
202512,A01727,investment,863173.4
202512,A01728,investment,710492.47
202512,A01729,chequing,12083.49
202512,A01730,mortgage,84685.05
202512,A01731,chequing,18996.44
202512,A01732,lending,39843.24
202512,A01733,investment,478043.97
202512,A01734,card,-209.65
202512,A01735,investment,271100.02
202512,A01736,investment,327070.07
202512,A01737,investment,199485.67
202512,A01738,investment,55904.86
202512,A01739,investment,436756.14
202512,A01740,card,-393.14
202512,A01741,chequing,16212.62
202512,A01742,chequing,0
202512,A01743,mortgage,240532.34
202512,A01744,chequing,9105.84
202512,A01745,card,-1582.7
202512,A01746,investment,755937.17
202512,A01747,chequing,9021.08
202512,A01748,chequing,18520.88
202512,A01749,card,-3461.64
202512,A01750,mortgage,178751.65
202512,A01751,chequing,5713.77
202512,A01752,chequing,0
202512,A01753,mortgage,391661.44
202512,A01754,investment,534466.13
202512,A01755,saving,8783.4
202512,A01756,saving,11488.17
202512,A01757,investment,0
202512,A01758,chequing,0
202512,A01759,investment,165052.87
202512,A01760,saving,10195.96
202512,A01761,investment,192377.2
202512,A01762,lending,32018.47
202512,A01763,lending,8055.51
202512,A01764,investment,29182.66
202512,A01765,saving,12913.97
202512,A01766,saving,43087.31
202512,A01767,lending,3813.48
202512,A01768,investment,403978.39
202512,A01769,investment,539774.71
202512,A01770,investment,687214.87
202512,A01771,card,-2878.66
202512,A01772,saving,5367.7
202512,A01773,card,-1333.28
202512,A01774,chequing,17483.8
202512,A01775,investment,297597.78
202512,A01776,lending,37814.58
202512,A01777,card,-1149.98
202512,A01778,mortgage,443353.61
202512,A01779,card,-1723.67
202512,A01780,card,-1019.3
202512,A01781,chequing,4616.94
202512,A01782,mortgage,419158
202512,A01783,investment,55421.57
202512,A01784,investment,276852.58
202512,A01785,saving,22576.39
202512,A01786,investment,406010.64
202512,A01787,investment,661671.36
202512,A01788,mortgage,277691.61
202512,A01789,card,-1514.02
202512,A01790,mortgage,214731.24
202512,A01791,chequing,9365.65
202512,A01792,saving,9278.75
202512,A01793,mortgage,244710.18
202512,A01794,saving,6751.35
202512,A01795,mortgage,108786.29
202512,A01796,investment,449669.8
202512,A01797,chequing,7769.43
202512,A01798,mortgage,214963.04
202512,A01799,card,-2977.44
202512,A01800,lending,14465.87
202512,A01801,card,-1972.51
202512,A01802,investment,797493.29
202512,A01803,card,0
202512,A01804,investment,69524.67
202512,A01805,investment,887971.17
202512,A01806,investment,642963.73
202512,A01807,saving,19798.02
202512,A01808,investment,24419.51
202512,A01809,chequing,596.08
202512,A01810,chequing,7129.96
202512,A01811,investment,809832.5
202512,A01812,card,0
202512,A01813,lending,0
202512,A01814,investment,0
202512,A01815,investment,67121.63
202512,A01816,chequing,0
202512,A01817,investment,931703.04
202512,A01818,investment,601919.5
202512,A01819,chequing,19483.89
202512,A01820,investment,390090.93
202512,A01821,investment,55298.44
202512,A01822,investment,69134.46
202512,A01823,investment,211466.88
202512,A01824,lending,0
202512,A01825,investment,87251.55
202512,A01826,investment,0
202512,A01827,lending,12810.43
202512,A01828,lending,30600.35
202512,A01829,saving,3346.65
202512,A01830,mortgage,194982.31
202512,A01831,investment,0
202512,A01832,mortgage,369146.24
202512,A01833,chequing,1158
202512,A01834,chequing,3573.88
202512,A01835,lending,34546.33
202512,A01836,lending,26874.46
202512,A01837,investment,380879.51
202512,A01838,chequing,5589.43
202512,A01839,investment,44607.44
202512,A01840,lending,4717.89
202512,A01841,saving,17099.15
202512,A01842,chequing,0
202512,A01843,mortgage,369674.6
202512,A01844,card,-1073.23
202512,A01845,investment,85131.49
202512,A01846,investment,976578.76
202512,A01847,lending,28553.54
202512,A01848,investment,568162.59
202512,A01849,lending,1573.06
202512,A01850,mortgage,403830.33
202512,A01851,mortgage,0
202512,A01852,mortgage,383780.31
202512,A01853,saving,2175.81
202512,A01854,investment,665720.57
202512,A01855,chequing,9752.01
202512,A01856,chequing,7874.34
202512,A01857,investment,923789.76
202512,A01858,investment,713365.37
202512,A01859,mortgage,496842.78
202512,A01860,investment,742139.35
202512,A01861,chequing,19875.15
202512,A01862,investment,5374.45
202512,A01863,saving,8831.81
202512,A01864,investment,54322.92
202512,A01865,chequing,1075.35
202512,A01866,card,-3390.88
202512,A01867,investment,228769.32
202512,A01868,card,0
202512,A01869,saving,18379.08
202512,A01870,investment,280359.24
202512,A01871,chequing,4223.33
202512,A01872,chequing,9650.28
202512,A01873,lending,48748.63
202512,A01874,chequing,5753.09
202512,A01875,investment,823812.85
202512,A01876,saving,3193.21
202512,A01877,chequing,2423.41
202512,A01878,lending,32502.2
202512,A01879,chequing,14126.69
202512,A01880,chequing,7906.01
202512,A01881,investment,605369.65
202512,A01882,mortgage,420723.87
202512,A01883,investment,70597.88
202512,A01884,lending,41110.87
202512,A01885,mortgage,297786.21
202512,A01886,investment,593872.27
202512,A01887,investment,0
202512,A01888,card,-1186.73
202512,A01889,investment,130783.46
202512,A01890,investment,52059.4
202512,A01891,chequing,12856.9
202512,A01892,card,-3572.03
202512,A01893,chequing,14882.29
202512,A01894,investment,547359.87
202512,A01895,chequing,8264.66
202512,A01896,saving,14023.15
202512,A01897,chequing,9497.73
202512,A01898,investment,489189.85
202512,A01899,investment,865627.35
202512,A01900,saving,3812.15
202512,A01901,investment,69298.39
202512,A01902,investment,616881.73
202512,A01903,mortgage,189726.09
202512,A01904,chequing,9199.56
202512,A01905,lending,48250.63
202512,A01906,investment,15447.89
202512,A01907,investment,753955.52
202512,A01908,chequing,12026.82
202512,A01909,investment,921854.46
202512,A01910,investment,567583.46
202512,A01911,investment,228119.24
202512,A01912,lending,31978.19
202512,A01913,chequing,270.61
202512,A01914,investment,479751.82
202512,A01915,chequing,14334.55
202512,A01916,card,0
202512,A01917,card,-1185.78
202512,A01918,investment,266336.36
202512,A01919,chequing,3804.69
202512,A01920,card,-1185
202512,A01921,lending,0
202512,A01922,investment,18530.4
202512,A01923,chequing,4984.48
202512,A01924,card,-1356.8
202512,A01925,investment,681811.5
202512,A01926,chequing,4752.52
202512,A01927,mortgage,402090.48
202512,A01928,lending,16572.9
202512,A01929,investment,736680.06
202512,A01930,chequing,18205.67
202512,A01931,investment,739887
202512,A01932,investment,916850.91
202512,A01933,chequing,16157.62
202512,A01934,card,-4025.91
202512,A01935,investment,57397.54
202512,A01936,investment,539124.41
202512,A01937,investment,906808.38
202512,A01938,investment,52065.37
202512,A01939,card,-4544.18
202512,A01940,investment,560367.9
202512,A01941,investment,40253.72
202512,A01942,investment,8840.65
202512,A01943,investment,920534.5
202512,A01944,investment,37460.83
202512,A01945,saving,17726.53
202512,A01946,saving,12544.05
202512,A01947,investment,523358.75
202512,A01948,investment,163204.71
202512,A01949,mortgage,184795.79
202512,A01950,mortgage,0
202512,A01951,lending,45769.21
202512,A01952,lending,7539.61
202512,A01953,investment,899896.44
202512,A01954,lending,42906.55
202512,A01955,investment,34018.8
202512,A01956,investment,626409.2
202512,A01957,chequing,0
202512,A01958,saving,18072.58
202512,A01959,chequing,4354.94
202512,A01960,card,-3642.24
202512,A01961,card,-3566.37
202512,A01962,investment,907222.04
202512,A01963,saving,47060.66
202512,A01964,investment,533347.87
202512,A01965,chequing,12209.23
202512,A01966,saving,18336.14
202512,A01967,mortgage,169894.01
202512,A01968,card,-4310.3
202512,A01969,investment,214570.21
202512,A01970,lending,3269.53
202512,A01971,investment,487007.3
202512,A01972,investment,0
202512,A01973,chequing,6230.25
202512,A01974,investment,432981.14
202512,A01975,investment,6971.95
202512,A01976,lending,0
202512,A01977,investment,654334.53
202512,A01978,mortgage,474942.31
202512,A01979,investment,134260.01
202512,A01980,chequing,12113.32
202512,A01981,lending,43308.86
202512,A01982,card,-4746.89
202512,A01983,card,-1818.46
202512,A01984,investment,28217.72
202512,A01985,investment,296060.37
202512,A01986,saving,36421.81
202512,A01987,investment,81319.1
202512,A01988,investment,257460.95
202512,A01989,chequing,8376.24
202512,A01990,saving,11752.78
202512,A01991,mortgage,99097.19
202512,A01992,chequing,19331.66
202512,A01993,investment,564698.42
202512,A01994,chequing,0
202512,A01995,chequing,6999.91
202512,A01996,investment,0
202512,A01997,investment,383878.28
202512,A01998,card,-2555.16
202512,A01999,saving,10420.54
202512,A02000,investment,245978.19
202512,A02001,investment,987736.33
202512,A02002,investment,359923.63
202512,A02003,mortgage,159596.5
202512,A02004,investment,197783.19
202512,A02005,lending,45453.28
202512,A02006,chequing,6959.64
202512,A02007,saving,28703.42
202512,A02008,investment,417540.87
202512,A02009,saving,17699.97
202512,A02010,investment,929272.63
202512,A02011,mortgage,120121.87
202512,A02012,chequing,4580.89
202512,A02013,mortgage,71044.14
202512,A02014,investment,333201.8
202512,A02015,chequing,18571.91
202512,A02016,lending,46984.15
202512,A02017,investment,84922.56
202512,A02018,investment,6091.72
202512,A02019,lending,49357.03
202512,A02020,lending,38154.54
202512,A02021,chequing,6222.15
202512,A02022,chequing,9062.33
202512,A02023,chequing,8797.94
202512,A02024,lending,48819.76
202512,A02025,investment,869884.37
202512,A02026,mortgage,285551.94
202512,A02027,chequing,9846.83
202512,A02028,card,-2244.5
202512,A02029,chequing,9366.13
202512,A02030,investment,198016.33
202512,A02031,investment,217113.99
202512,A02032,investment,438650.36
202512,A02033,chequing,17583.97
202512,A02034,investment,192271.88
202512,A02035,investment,361836.67
202512,A02036,mortgage,0
202512,A02037,mortgage,283725.61
202512,A02038,mortgage,64086.27
202512,A02039,saving,19882.69
202512,A02040,investment,938192.76
202512,A02041,mortgage,331638.33
202512,A02042,investment,649181.19
202512,A02043,investment,213355.47
202512,A02044,investment,903310.66
202512,A02045,investment,223654.15
202512,A02046,saving,32089.58
202512,A02047,chequing,9379.2
202512,A02048,investment,904848.69
202512,A02049,saving,0
202512,A02050,card,-639.98
202512,A02051,investment,344504.85
202512,A02052,card,-2497.64
202512,A02053,investment,583882.72
202512,A02054,investment,14488.21
202512,A02055,investment,317479.07
202512,A02056,mortgage,142488.97
202512,A02057,mortgage,0
202512,A02058,saving,14011.56
202512,A02059,card,-1052.39
202512,A02060,chequing,7050.08
202512,A02061,card,-3931.75
202512,A02062,mortgage,185305.41
202512,A02063,chequing,6915.28
202512,A02064,investment,34920.97
202512,A02065,lending,0
202512,A02066,investment,0
202512,A02067,investment,0
202512,A02068,investment,957200.19
202512,A02069,lending,9652.88
202512,A02070,chequing,12072.12
202512,A02071,lending,0
202512,A02072,chequing,17947.02
202512,A02073,saving,12723.48
202512,A02074,investment,201326.35
202512,A02075,chequing,15838.69
202512,A02076,investment,834801.94
202512,A02077,investment,451248.32
202512,A02078,saving,14287.9
202512,A02079,investment,0
202512,A02080,mortgage,394084.54
202512,A02081,investment,262529.29
202512,A02082,chequing,14506.94
202512,A02083,card,-4103.2
202512,A02084,chequing,200.67
202512,A02085,saving,32959.74
202512,A02086,investment,990730.14
202512,A02087,saving,0
202512,A02088,chequing,12955.99
202512,A02089,investment,76027.32
202512,A02090,chequing,12847.3
202512,A02091,investment,708060.08
202512,A02092,lending,34836.49
202512,A02093,investment,742408.59
202512,A02094,investment,889232.95
202512,A02095,investment,607212.41
202512,A02096,card,-1718.61
202512,A02097,chequing,4205.12
202512,A02098,investment,35127.62
202512,A02099,mortgage,470142.55
202512,A02100,saving,34665.61
202512,A02101,investment,306470.77
202512,A02102,investment,132481.02
202512,A02103,investment,987184.31
202512,A02104,investment,0
202512,A02105,saving,11705.62
202512,A02106,saving,0
202512,A02107,chequing,9075.5
202512,A02108,mortgage,119195.49
202512,A02109,investment,65998.82
202512,A02110,saving,15124.67
202512,A02111,investment,208011.89
202512,A02112,lending,0
202512,A02113,chequing,6498.08
202512,A02114,investment,350932.15
202512,A02115,lending,26016.96
202512,A02116,investment,62413.22
202512,A02117,card,-2815.87
202512,A02118,chequing,13024.9
202512,A02119,mortgage,176337.68
202512,A02120,investment,363822.49
202512,A02121,lending,33665.89
202512,A02122,investment,446115.79
202512,A02123,lending,8374.11
202512,A02124,investment,765113.76
202512,A02125,mortgage,119422.09
202512,A02126,chequing,8025.35
202512,A02127,chequing,4810.13
202512,A02128,investment,126700.35
202512,A02129,saving,14779.21
202512,A02130,investment,741667.66
202512,A02131,investment,238883.12
202512,A02132,investment,0
202512,A02133,lending,35903.79
202512,A02134,mortgage,81921.28
202512,A02135,investment,807645.98
202512,A02136,investment,50317.9
202512,A02137,investment,46094.94
202512,A02138,investment,435409.62
202512,A02139,saving,31623.95
202512,A02140,investment,431551.55
202512,A02141,saving,32691.34
202512,A02142,investment,900850.3
202512,A02143,saving,4834.94
202512,A02144,investment,652790.67
202512,A02145,saving,2135.89
202512,A02146,investment,0
202512,A02147,chequing,7704.98
202512,A02148,mortgage,0
202512,A02149,investment,869183.37
202512,A02150,investment,0
202512,A02151,investment,0
202512,A02152,investment,355254.95
202512,A02153,lending,18377.88
202512,A02154,mortgage,226049.6
202512,A02155,investment,603534.48
202512,A02156,saving,6345.98
202512,A02157,lending,11571.85
202512,A02158,investment,941016.86
202512,A02159,investment,219470.44
202512,A02160,chequing,13734.14
202512,A02161,saving,11580.87
202512,A02162,saving,0
202512,A02163,investment,869815.19
202512,A02164,chequing,0
202512,A02165,investment,0
202512,A02166,investment,218548.64
202512,A02167,saving,42840.82
202512,A02168,investment,42064.4
202512,A02169,investment,489492.96
202512,A02170,lending,28990.12
202512,A02171,investment,624302.91
202512,A02172,card,-2038.14
202512,A02173,mortgage,414295.29
202512,A02174,investment,45540.94
202512,A02175,chequing,19581.42
202512,A02176,saving,9464.58
202512,A02177,saving,2649.64
202512,A02178,lending,9531.2
202512,A02179,lending,30951.18
202512,A02180,chequing,4077.21
202512,A02181,investment,575092.07
202512,A02182,investment,46373.38
202512,A02183,investment,961582.82
202512,A02184,card,-4821.39
202512,A02185,investment,917771.55
202512,A02186,lending,3590.86
202512,A02187,investment,54187.22
202512,A02188,investment,844956.16
202512,A02189,investment,71344.65
202512,A02190,chequing,8157.97
202512,A02191,lending,0
202512,A02192,investment,0
202512,A02193,investment,546267.59
202512,A02194,mortgage,256035.33
202512,A02195,chequing,0
202512,A02196,lending,28362.12
202512,A02197,investment,182754.7
202512,A02198,investment,581170.03
202512,A02199,investment,727550.28
202512,A02200,card,-4516.92
202512,A02201,investment,34535.62
202512,A02202,chequing,7573.61
202512,A02203,card,-24.44
202512,A02204,chequing,3882.79
202512,A02205,investment,0
202512,A02206,investment,913172.91
202512,A02207,chequing,201.61
202512,A02208,saving,4713.96
202512,A02209,investment,996209.89
202512,A02210,investment,729048.21
202512,A02211,mortgage,419246.25
202512,A02212,chequing,4316.21
202512,A02213,investment,647148.58
202512,A02214,chequing,442.16
202512,A02215,saving,44877.97
202512,A02216,card,-2666.82
202512,A02217,lending,29339.65
202512,A02218,card,-1969.48
202512,A02219,chequing,9403.29
202512,A02220,card,-1408.5
202512,A02221,investment,956847.02
202512,A02222,chequing,17759.48
202512,A02223,investment,495368.88
202512,A02224,card,-1540.83
202512,A02225,lending,48775.8
202512,A02226,saving,3881.39
202512,A02227,investment,513332.55
202512,A02228,investment,68734.09
202512,A02229,investment,231522.12
202512,A02230,investment,28448.27
202512,A02231,investment,797131.93
202512,A02232,chequing,8558.05
202512,A02233,saving,35897.59
202512,A02234,investment,277593.92
202512,A02235,investment,988694.43
202512,A02236,investment,346698.92
202512,A02237,chequing,15678.96
202512,A02238,lending,25569.37
202512,A02239,investment,85618
202512,A02240,mortgage,195226.36
202512,A02241,mortgage,0
202512,A02242,saving,15639.47
202512,A02243,investment,885287.6
202512,A02244,investment,556369.31
202512,A02245,chequing,7719.14
202512,A02246,card,-2572.98
202512,A02247,investment,717463.78
202512,A02248,card,-2798.33
202512,A02249,card,0
202512,A02250,investment,797873.63
202512,A02251,investment,95241.71
202512,A02252,chequing,2860.91
202512,A02253,investment,907197.98
202512,A02254,investment,9658.22
202512,A02255,investment,893516.79
202512,A02256,saving,14138.75
202512,A02257,saving,0
202512,A02258,investment,68169.84
202512,A02259,investment,466550.04
202512,A02260,saving,10030.85
202512,A02261,investment,0
202512,A02262,saving,27814.6
202512,A02263,card,-483.14
202512,A02264,investment,65304.13
202512,A02265,chequing,3943.14
202512,A02266,investment,77949.92
202512,A02267,card,-3617.75
202512,A02268,lending,17977.55
202512,A02269,lending,0
202512,A02270,investment,255534.67
202512,A02271,chequing,8180.06
202512,A02272,investment,276151.17
202512,A02273,investment,596595.26
202512,A02274,investment,883714.19
202512,A02275,card,-685.61
202512,A02276,card,-2470.84
202512,A02277,investment,675940.25
202512,A02278,investment,65850.29
202512,A02279,investment,990622.09
202512,A02280,investment,857901.49
202512,A02281,saving,12741.95
202512,A02282,mortgage,242194.92
202512,A02283,saving,16218.04
202512,A02284,chequing,14453.59
202512,A02285,saving,18306.23
202512,A02286,investment,17625.78
202512,A02287,investment,5792.26
202512,A02288,saving,9325.12
202512,A02289,saving,18146.71
202512,A02290,investment,584612.24
202512,A02291,investment,219421.8
202512,A02292,card,-2699.17
202512,A02293,saving,12297.79
202512,A02294,lending,40803.82
202512,A02295,chequing,5085.23
202512,A02296,investment,37961.24
202512,A02297,lending,20926.76
202512,A02298,lending,32616.27
202512,A02299,chequing,18186.71
202512,A02300,mortgage,361278.47
202512,A02301,mortgage,122494.32
202512,A02302,card,-2139.55
202512,A02303,investment,59764.01
202512,A02304,chequing,9241.34
202512,A02305,investment,0
202512,A02306,card,-4486.99
202512,A02307,investment,740426.76
202512,A02308,saving,13531.8
202512,A02309,chequing,11018
202512,A02310,card,-2512.78
202512,A02311,investment,17180.7
202512,A02312,investment,0
202512,A02313,lending,39602.24
202512,A02314,investment,679845.2
202512,A02315,investment,57478.75
202512,A02316,chequing,1204.94
202512,A02317,investment,491758.33
202512,A02318,investment,15623.49
202512,A02319,investment,69558.4
202512,A02320,investment,44134.9
202512,A02321,investment,553071.27
202512,A02322,card,-2525.34
202512,A02323,investment,881227.12
202512,A02324,lending,1635.68
202512,A02325,investment,653812.64
202512,A02326,chequing,12199.16
202512,A02327,investment,66694.87
202512,A02328,lending,22938.4
202512,A02329,chequing,9699.19
202512,A02330,card,-2696.17
202512,A02331,card,-172.89
202512,A02332,investment,615873.79
202512,A02333,lending,0
202512,A02334,chequing,11786.69
202512,A02335,investment,801753.33
202512,A02336,investment,877406.62
202512,A02337,chequing,6733.88
202512,A02338,lending,25384.45
202512,A02339,investment,471602.75
202512,A02340,chequing,18236.53
202512,A02341,card,-701.8
202512,A02342,chequing,7278.92
202512,A02343,chequing,2126.86
202512,A02344,investment,16767.44
202512,A02345,saving,17890.99
202512,A02346,investment,987491.66
202512,A02347,investment,160859.38
202512,A02348,card,-4273.08
202512,A02349,investment,93108.91
202512,A02350,investment,418906.36
202512,A02351,investment,0
202512,A02352,chequing,8775.85
202512,A02353,investment,306378.13
202512,A02354,investment,624211.97
202512,A02355,mortgage,120045.04
202512,A02356,mortgage,297124.69
202512,A02357,investment,256327.69
202512,A02358,chequing,16776.13
202512,A02359,investment,704548.48
202512,A02360,lending,42544.76
202512,A02361,chequing,7994.18
202512,A02362,chequing,439.07
202512,A02363,chequing,3921.52
202512,A02364,investment,80127.38
202512,A02365,chequing,5383.71
202512,A02366,investment,69349.3
202512,A02367,saving,788.18
202512,A02368,investment,30599.75
202512,A02369,chequing,9166.72
202512,A02370,chequing,16087.76
202512,A02371,investment,493132.83
202512,A02372,lending,23382.47
202512,A02373,investment,0
202512,A02374,chequing,1247.25
202512,A02375,chequing,12186.62
202512,A02376,card,-718.42
202512,A02377,saving,15354.39
202512,A02378,investment,61093
202512,A02379,chequing,2600.73
202512,A02380,investment,212317.24
202512,A02381,investment,323499.3
202512,A02382,investment,779410.49
202512,A02383,chequing,0
202512,A02384,card,-667.57
202512,A02385,investment,562323.87
202512,A02386,investment,20524.14
202512,A02387,saving,13211.66
202512,A02388,lending,47299.62
202512,A02389,saving,10283.92
202512,A02390,mortgage,226069.1
202512,A02391,chequing,236.01
202512,A02392,investment,464447.72
202512,A02393,investment,31137.46
202512,A02394,saving,18074.96
202512,A02395,investment,101298.02
202512,A02396,chequing,0
202512,A02397,saving,0
202512,A02398,chequing,0
202512,A02399,lending,26558.2
202512,A02400,mortgage,371987.12
202512,A02401,mortgage,0
202512,A02402,chequing,4099.96
202512,A02403,lending,28270.87
202512,A02404,investment,785819.32
202512,A02405,investment,624926.14
202512,A02406,investment,61109.33
202512,A02407,investment,613526.95
202512,A02408,investment,623662.62
202512,A02409,investment,882327.76
202512,A02410,lending,0
202512,A02411,lending,39368.73
202512,A02412,investment,608044.07
202512,A02413,lending,33872.73
202512,A02414,card,-658.41
202512,A02415,mortgage,163519.05
202512,A02416,investment,138336.35
202512,A02417,chequing,10175.67
202512,A02418,investment,23931
202512,A02419,saving,2274.52
202512,A02420,mortgage,185358.88
202512,A02421,investment,113833.16
202512,A02422,lending,5046.34
202512,A02423,chequing,0
202512,A02424,saving,2905.33
202512,A02425,lending,31795.49
202512,A02426,saving,9626.74
202512,A02427,investment,966549.57
202512,A02428,chequing,8872.75
202512,A02429,mortgage,164135.44
202512,A02430,saving,1918.82
202512,A02431,saving,41881.83
202512,A02432,saving,0
202512,A02433,investment,956750.05
202512,A02434,investment,29484.25
202512,A02435,lending,24394.09
202512,A02436,investment,615687.03
202512,A02437,chequing,100.92
202512,A02438,chequing,5787.44
202512,A02439,saving,13579.66
202512,A02440,chequing,19737.6
202512,A02441,investment,74741.8
202512,A02442,investment,0
202512,A02443,investment,0
202512,A02444,investment,10672.07
202512,A02445,chequing,0
202512,A02446,mortgage,275818.58
202512,A02447,saving,42100.32
202512,A02448,investment,200710.02
202512,A02449,chequing,7230
202512,A02450,mortgage,347828.89
202512,A02451,investment,203686.78
202512,A02452,lending,6390.05
202512,A02453,chequing,5711.16
202512,A02454,investment,686006.09
202512,A02455,lending,0
202512,A02456,investment,441253.84
202512,A02457,saving,44804.73
202512,A02458,lending,15356.58
202512,A02459,saving,10012.48
202512,A02460,chequing,9984.89
202512,A02461,saving,39790.44
202512,A02462,investment,110095.44
202512,A02463,investment,846941.68
202512,A02464,investment,159253.61
202512,A02465,chequing,1474.72
202512,A02466,chequing,7973.85
202512,A02467,saving,44564.64
202512,A02468,investment,552093.21
202512,A02469,mortgage,175985.69
202512,A02470,investment,520161.8
202512,A02471,investment,64065.49
202512,A02472,investment,932735.38
202512,A02473,card,-891.58
202512,A02474,saving,30865.41
202512,A02475,investment,887480.43
202512,A02476,investment,7780.75
202512,A02477,investment,871149.27
202512,A02478,investment,621105.62
202512,A02479,mortgage,468748.78
202512,A02480,card,-2291.03
202512,A02481,investment,408461.61
202512,A02482,lending,39950.26
202512,A02483,investment,0
202512,A02484,saving,13183.11
202512,A02485,investment,591274.64
202512,A02486,investment,485574.01
202512,A02487,lending,23208.89
202512,A02488,chequing,14958.97
202512,A02489,investment,737573.37
202512,A02490,mortgage,0
202512,A02491,saving,37412.24
202512,A02492,chequing,7055.8
202512,A02493,mortgage,383179.31
202512,A02494,saving,11911.43
202512,A02495,investment,239455.88
202512,A02496,card,-539.3
202512,A02497,investment,324780.29
202512,A02498,investment,489516.88
202512,A02499,investment,453786.5
202512,A02500,investment,47047.32
202512,A02501,saving,4259.32
202512,A02502,investment,707532.3
202512,A02503,investment,166851.24
202512,A02504,investment,118586.67
202512,A02505,saving,14741.91
202512,A02506,investment,712053.57
202512,A02507,chequing,13383.26
202512,A02508,card,-294.74
202512,A02509,lending,45432.79
202512,A02510,saving,17481.62
202512,A02511,investment,825576.52
202512,A02512,investment,998460.25
202512,A02513,lending,0
202512,A02514,saving,15333.76
202512,A02515,lending,11952.34
202512,A02516,investment,29882.44
202512,A02517,investment,856630.23
202512,A02518,investment,985938.59
202512,A02519,investment,127245.25
202512,A02520,investment,413930.1
202512,A02521,lending,30146.42
202512,A02522,card,-4422.3
202512,A02523,investment,524554.64
202512,A02524,lending,17194.85
202512,A02525,investment,0
202512,A02526,chequing,12390.11
202512,A02527,investment,676763.76
202512,A02528,mortgage,153441.7
202512,A02529,investment,316684.83
202512,A02530,saving,1649.86
202512,A02531,investment,921918.5
202512,A02532,lending,34860.52
202512,A02533,chequing,11693.82
202512,A02534,chequing,15051.67
202512,A02535,chequing,4744.87
202512,A02536,investment,917644.83
202512,A02537,investment,62140.98
202512,A02538,saving,12352.7
202512,A02539,card,0
202512,A02540,mortgage,432618.36
202512,A02541,investment,699436.72
202512,A02542,chequing,2568.75
202512,A02543,saving,10258.2
202512,A02544,mortgage,66490.8
202512,A02545,investment,18919.99
202512,A02546,investment,785119.11
202512,A02547,investment,0
202512,A02548,investment,0
202512,A02549,saving,10013.5
202512,A02550,chequing,4828.33
202512,A02551,investment,0
202512,A02552,investment,481352.54
202512,A02553,investment,60684.02
202512,A02554,card,-1694.11
202512,A02555,chequing,5891.34
202512,A02556,saving,43129.98
202512,A02557,lending,11858.77
202512,A02558,investment,165470.05
202512,A02559,saving,11636.18
202512,A02560,chequing,10994.04
202512,A02561,lending,19130.37
202512,A02562,investment,67951.95
202512,A02563,investment,966519.1
202512,A02564,investment,988139.46
202512,A02565,chequing,2248.6
202512,A02566,saving,3910.21
202512,A02567,investment,449699.77
202512,A02568,investment,250733.81
202512,A02569,investment,366527.48
202512,A02570,investment,0
202512,A02571,investment,202701.94
202512,A02572,investment,294517.58
202512,A02573,mortgage,374503.52
202512,A02574,investment,463752.33
202512,A02575,investment,247669.59
202512,A02576,chequing,5614.18
202512,A02577,investment,935966.9
202512,A02578,mortgage,111747.91
202512,A02579,chequing,825.34
202512,A02580,chequing,17531.53
202512,A02581,investment,870767.51
202512,A02582,chequing,17446.54
202512,A02583,mortgage,198170.18
202512,A02584,chequing,0
202512,A02585,investment,25781.34
202512,A02586,investment,681174.42
202512,A02587,card,-283.61
202512,A02588,saving,10756.79
202512,A02589,investment,676275.29
202512,A02590,lending,0
202512,A02591,chequing,5749.42
202512,A02592,investment,428478.33
202512,A02593,chequing,18780.77
202512,A02594,saving,1365.49
202512,A02595,saving,15163.49
202512,A02596,saving,16024.54
202512,A02597,investment,563879.95
202512,A02598,saving,49870.89
202512,A02599,card,-3304.34
202512,A02600,lending,33063.07
202512,A02601,investment,75504.16
202512,A02602,saving,19803.91
202512,A02603,card,0
202512,A02604,chequing,13767.8
202512,A02605,card,0
202512,A02606,investment,8840.22
202512,A02607,lending,0
202512,A02608,lending,7490.76
202512,A02609,chequing,1459.81
202512,A02610,card,-3745.44
202512,A02611,card,-3306.63
202512,A02612,saving,16952.41
202512,A02613,card,-577.27
202512,A02614,chequing,11190.96
202512,A02615,saving,31215.21
202512,A02616,mortgage,442151.28
202512,A02617,investment,384883.11
202512,A02618,chequing,19953.67
202512,A02619,investment,471916.52
202512,A02620,chequing,8399.51
202512,A02621,saving,47426.88
202512,A02622,chequing,0
202512,A02623,investment,903763.17
202512,A02624,investment,449814.89
202512,A02625,investment,896184.19
202512,A02626,investment,101814.02
202512,A02627,investment,330929.53
202512,A02628,chequing,0
202512,A02629,saving,18571.75
202512,A02630,investment,0
202512,A02631,lending,0
202512,A02632,mortgage,0
202512,A02633,investment,454822.22
202512,A02634,investment,628168.43
202512,A02635,mortgage,62295.33
202512,A02636,investment,477984.35
202512,A02637,investment,53270.39
202512,A02638,investment,780199.96
202512,A02639,investment,539667.73
202512,A02640,chequing,6387.57
202512,A02641,saving,0
202512,A02642,investment,9962.84
202512,A02643,investment,621613.18
202512,A02644,mortgage,327442.09
202512,A02645,investment,0
202512,A02646,chequing,15996.99
202512,A02647,lending,0
202512,A02648,saving,3596.42
202512,A02649,card,-3678.01
202512,A02650,investment,0
202512,A02651,chequing,17632.66
202512,A02652,investment,64956.53
202512,A02653,investment,398448.11
202512,A02654,chequing,769.45
202512,A02655,saving,12033.95
202512,A02656,mortgage,267025.11
202512,A02657,investment,35112.62
202512,A02658,lending,0
202512,A02659,mortgage,439164.65
202512,A02660,investment,633708.31
202512,A02661,lending,17101
202512,A02662,investment,791799.45
202512,A02663,investment,79099.85
202512,A02664,card,-725.4
202512,A02665,investment,805453.38
202512,A02666,investment,544690.13
202512,A02667,investment,44667.61
202512,A02668,chequing,10990.03
202512,A02669,card,-4251.77
202512,A02670,investment,82018.21
202512,A02671,chequing,0
202512,A02672,investment,313265.55
202512,A02673,saving,9992.44
202512,A02674,chequing,3163.42
202512,A02675,chequing,4004.75
202512,A02676,saving,41457.66
202512,A02677,investment,282853.23
202512,A02678,card,-2718.54
202512,A02679,chequing,9570.4
202512,A02680,investment,215498.64
202512,A02681,investment,747954.49
202512,A02682,investment,600980.03
202512,A02683,investment,79534.22
202512,A02684,chequing,0
202512,A02685,saving,9103.02
202512,A02686,chequing,1103.85
202512,A02687,lending,38749.51
202512,A02688,investment,0
202512,A02689,saving,16419.16
202512,A02690,chequing,13621.45
202512,A02691,investment,506865.83
202512,A02692,saving,32649.27
202512,A02693,investment,609089.03
202512,A02694,saving,15189.77
202512,A02695,investment,652289.92
202512,A02696,investment,342755.25
202512,A02697,investment,393410.54
202512,A02698,investment,29614.41
202512,A02699,lending,31920.73
202512,A02700,chequing,6957.86
202512,A02701,investment,425770.87
202512,A02702,investment,671404.67
202512,A02703,chequing,8666.29
202512,A02704,investment,299637.41
202512,A02705,chequing,9781.4
202512,A02706,investment,613459.75
202512,A02707,investment,255110.02
202512,A02708,saving,14830.16
202512,A02709,chequing,15780.12
202512,A02710,investment,961762.14
202512,A02711,chequing,1303.46
202512,A02712,investment,245239.96
202512,A02713,card,-962.35
202512,A02714,card,-109.65
202512,A02715,investment,842723.33
202512,A02716,saving,3100.29
202512,A02717,mortgage,418052.4
202512,A02718,investment,224056.58
202512,A02719,investment,0
202512,A02720,investment,894770.16
202512,A02721,card,-2197.45
202512,A02722,investment,568048.45
202512,A02723,investment,18147.42
202512,A02724,investment,438407.06
202512,A02725,chequing,9365.59
202512,A02726,investment,376261.91
202512,A02727,card,-3369.18
202512,A02728,chequing,18365.54
202512,A02729,saving,12595.96
202512,A02730,chequing,5013.41
202512,A02731,saving,0
202512,A02732,chequing,16394.25
202512,A02733,card,-2697.66
202512,A02734,investment,0
202512,A02735,saving,0
202512,A02736,saving,10425.78
202512,A02737,chequing,13917.2
202512,A02738,mortgage,62443.29
202512,A02739,investment,770347.69
202512,A02740,saving,18027.24
202512,A02741,card,-1476.26
202512,A02742,investment,242332.23
202512,A02743,mortgage,106859.98
202512,A02744,lending,0
202512,A02745,chequing,2675.84
202512,A02746,chequing,8807.08
202512,A02747,investment,0
202512,A02748,investment,83272.86
202512,A02749,investment,115313.71
202512,A02750,card,-4605.01
202512,A02751,saving,13598.08
202512,A02752,saving,12128.21
202512,A02753,saving,19088.29
202512,A02754,investment,459807.97
202512,A02755,saving,14500.63
202512,A02756,investment,120611.76
202512,A02757,card,-3332.44
202512,A02758,mortgage,165631.14
202512,A02759,saving,5306.06
202512,A02760,mortgage,429625.73
202512,A02761,lending,24673.43
202512,A02762,chequing,11909.94
202512,A02763,saving,21912.62
202512,A02764,mortgage,0
202512,A02765,investment,929603.16
202512,A02766,lending,19600.08
202512,A02767,lending,35610.2
202512,A02768,lending,2948.31
202512,A02769,mortgage,84907.4
202512,A02770,saving,7783.49
202512,A02771,investment,0
202512,A02772,investment,839732.27
202512,A02773,mortgage,438791.83
202512,A02774,lending,18647.36
202512,A02775,investment,11014.85
202512,A02776,investment,743774.32
202512,A02777,investment,165946.82
202512,A02778,mortgage,205414.55
202512,A02779,card,0
202512,A02780,chequing,4146.64
202512,A02781,lending,2488.57
202512,A02782,investment,438700.31
202512,A02783,mortgage,57500.53
202512,A02784,investment,12943.78
202512,A02785,chequing,19521.33
202512,A02786,saving,16237.45
202512,A02787,chequing,7914.38
202512,A02788,investment,0
202512,A02789,investment,91405.05
202512,A02790,card,-4534.67
202512,A02791,lending,49208.81
202512,A02792,card,-2900.4
202512,A02793,mortgage,54281.46
202512,A02794,investment,397459.07
202512,A02795,saving,0
202512,A02796,card,0
202512,A02797,chequing,0
202512,A02798,mortgage,141838.34
202512,A02799,investment,565401.8
202512,A02800,investment,0
202512,A02801,lending,0
202512,A02802,chequing,8556.68
202512,A02803,investment,657016.23
202512,A02804,chequing,4489.52
202512,A02805,investment,261750.17
202512,A02806,mortgage,368990.16
202512,A02807,investment,0
202512,A02808,chequing,5289.01
202512,A02809,investment,0
202512,A02810,mortgage,187586.72
202512,A02811,chequing,6175.19
202512,A02812,investment,12634.17
202512,A02813,investment,907381.68
202512,A02814,mortgage,190890.53
202512,A02815,investment,532913.83
202512,A02816,investment,231450.77
202512,A02817,mortgage,209288.25
202512,A02818,investment,196015.63
202512,A02819,saving,5272.85
202512,A02820,chequing,19705.31
202512,A02821,saving,13399.69
202512,A02822,card,-980.86
202512,A02823,investment,22384.98
202512,A02824,chequing,0
202512,A02825,saving,4090.32
202512,A02826,chequing,8698.48
202512,A02827,chequing,11727.96
202512,A02828,investment,220049.68
202512,A02829,chequing,3569.28
202512,A02830,investment,980055.69
202512,A02831,lending,0
202512,A02832,investment,0
202512,A02833,investment,325033.87
202512,A02834,mortgage,149989.97
202512,A02835,investment,0
202512,A02836,investment,17378.83
202512,A02837,investment,128782.83
202512,A02838,chequing,9959.8
202512,A02839,investment,30051.55
202512,A02840,investment,776288.82
202512,A02841,saving,26837.57
202512,A02842,investment,28688.9
202512,A02843,chequing,10248.49
202512,A02844,investment,504894.27
202512,A02845,chequing,8063.01
202512,A02846,investment,179631.39
202512,A02847,investment,588402.1
202512,A02848,investment,523262.7
202512,A02849,lending,0
202512,A02850,saving,43625.31
202512,A02851,saving,6164.41
202512,A02852,investment,865506.97
202512,A02853,saving,38645.73
202512,A02854,chequing,19524.3
202512,A02855,mortgage,76991.83
202512,A02856,chequing,9571.65
202512,A02857,chequing,1601.76
202512,A02858,lending,0
202512,A02859,card,-1681.59
202512,A02860,saving,47326.93
202512,A02861,saving,17386.29
202512,A02862,card,-2145.65
202512,A02863,saving,0
202512,A02864,chequing,6280.27
202512,A02865,investment,816759.57
202512,A02866,investment,0
202512,A02867,investment,0
202512,A02868,investment,92062.56
202512,A02869,investment,297247.91
202512,A02870,lending,21663.95
202512,A02871,investment,631548.41
202512,A02872,investment,157635.29
202512,A02873,investment,782909.51
202512,A02874,chequing,3325.69
202512,A02875,investment,722511.41
202512,A02876,mortgage,440193.42
202512,A02877,lending,0
202512,A02878,investment,605725.53
202512,A02879,chequing,16758.2
202512,A02880,investment,707290.82
202512,A02881,saving,13314.77
202512,A02882,chequing,6433.79
202512,A02883,card,-3480.68
202512,A02884,chequing,10205.18
202512,A02885,investment,85971.46
202512,A02886,chequing,13008.93
202512,A02887,card,-4390.51
202512,A02888,investment,0
202512,A02889,investment,608018.43
202512,A02890,saving,26361.75
202512,A02891,saving,18210.25
202512,A02892,saving,12226.5
202512,A02893,saving,1619.43
202512,A02894,chequing,4958.63
202512,A02895,saving,48705.58
202512,A02896,chequing,12238.6
202512,A02897,card,-4841.58
202512,A02898,investment,428234.17
202512,A02899,mortgage,153639.31
202512,A02900,investment,70947.82
202512,A02901,card,-4211.98
202512,A02902,chequing,9157.66
202512,A02903,investment,415094.84
202512,A02904,chequing,7059.62
202512,A02905,saving,7591.53
202512,A02906,lending,4540.16
202512,A02907,investment,298567.25
202512,A02908,investment,691116.31
202512,A02909,chequing,2791.74
202512,A02910,saving,16287.14
202512,A02911,saving,29051.21
202512,A02912,investment,423329.61
202512,A02913,saving,11255.72
202512,A02914,investment,416034.33
202512,A02915,investment,700878.54
202512,A02916,saving,20586.63
202512,A02917,investment,855923.4
202512,A02918,investment,0
202512,A02919,lending,24035.31
202512,A02920,card,-513.11
202512,A02921,investment,41110.96
202512,A02922,chequing,4098.79
202512,A02923,investment,191672.35
202512,A02924,card,-3785.62
202512,A02925,chequing,16596.95
202512,A02926,investment,277510.95
202512,A02927,investment,483401.24
202512,A02928,investment,568448.58
202512,A02929,chequing,13569.2
202512,A02930,lending,0
202512,A02931,saving,7391.46
202512,A02932,saving,8922.57
202512,A02933,investment,0
202512,A02934,investment,674321.13
202512,A02935,mortgage,392554.1
202512,A02936,lending,41092.5
202512,A02937,investment,258515.75
202512,A02938,mortgage,51991
202512,A02939,investment,305607.7
202512,A02940,lending,39767.43
202512,A02941,saving,13183.95
202512,A02942,chequing,0
202512,A02943,investment,539225.02
202512,A02944,investment,926390.3
202512,A02945,investment,614444.13
202512,A02946,card,-2498.63
202512,A02947,card,-1896.47
202512,A02948,investment,922587.2
202512,A02949,mortgage,281873.8
202512,A02950,chequing,7335.38
202512,A02951,mortgage,126607.77
202512,A02952,lending,11329.2
202512,A02953,investment,919431.83
202512,A02954,card,-3531.98
202512,A02955,investment,194393.39
202512,A02956,investment,578333.33
202512,A02957,investment,0
202512,A02958,chequing,5281.42
202512,A02959,chequing,0
202512,A02960,investment,510860.22
202512,A02961,investment,936007.57
202512,A02962,card,-1902.91
202512,A02963,chequing,13287.5
202512,A02964,chequing,8167.35
202512,A02965,chequing,18362.58
202512,A02966,chequing,2829.48
202512,A02967,card,-3122.22
202512,A02968,lending,10441.23
202512,A02969,chequing,18634.71
202512,A02970,mortgage,449776.28
202512,A02971,lending,5893.93
202512,A02972,investment,75579.5
202512,A02973,chequing,7329.74
202512,A02974,investment,94785.11
202512,A02975,investment,224134.96
202512,A02976,chequing,16714.79
202512,A02977,chequing,7072.15
202512,A02978,card,-2205.75
202512,A02979,investment,126464.57
202512,A02980,chequing,12685.81
202512,A02981,saving,6616.75
202512,A02982,mortgage,484873.42
202512,A02983,investment,962521.32
202512,A02984,investment,559544.2
202512,A02985,chequing,2080.28
202512,A02986,card,-3360.36
202512,A02987,investment,270747.26
202512,A02988,chequing,1389.74
202512,A02989,saving,23689.18
202512,A02990,investment,36019.04
202512,A02991,saving,12583.58
202512,A02992,chequing,3049.5
202512,A02993,investment,0
202512,A02994,mortgage,132359.02
202512,A02995,chequing,7270.05
202512,A02996,card,-2578.58
202512,A02997,saving,16302.54
202512,A02998,card,-699.07
202512,A02999,saving,14072.56
202512,A03000,investment,506418.81
202512,A03001,investment,960683.5
202512,A03002,lending,20008.36
202512,A03003,lending,37290.25
202512,A03004,chequing,8247.35
202512,A03005,investment,306198.44
202512,A03006,card,-897.78
202512,A03007,investment,597491.52
202512,A03008,investment,0
202512,A03009,lending,44228.06
202512,A03010,saving,15562.2
202512,A03011,chequing,9665.29
202512,A03012,investment,492550.34
202512,A03013,mortgage,129033.67
202512,A03014,chequing,2693.43
202512,A03015,investment,269968.42
202512,A03016,mortgage,302581.16
202512,A03017,investment,0
202512,A03018,chequing,7477.1
202512,A03019,investment,849244.33
202512,A03020,investment,844332.04
202512,A03021,investment,913648.02
202512,A03022,chequing,2441.53
202512,A03023,saving,11923.96
202512,A03024,investment,992448.12
202512,A03025,chequing,9069.69
202512,A03026,investment,707348.27
202512,A03027,card,-610.35
202512,A03028,investment,796113.9
202512,A03029,chequing,13338.9
202512,A03030,investment,160957.22
202512,A03031,lending,9507.34
202512,A03032,investment,84536.44
202512,A03033,saving,0
202512,A03034,saving,8695.17
202512,A03035,chequing,19408.13
202512,A03036,investment,382171
202512,A03037,mortgage,468996.49
202512,A03038,chequing,0
202512,A03039,investment,929893.89
202512,A03040,saving,39812.78
202512,A03041,investment,400593.75
202512,A03042,lending,12631.37
202512,A03043,card,-2656.98
202512,A03044,investment,844493.59
202512,A03045,chequing,0
202512,A03046,saving,0
202512,A03047,investment,35993.71
202512,A03048,mortgage,211127.85
202512,A03049,chequing,8595.2
202512,A03050,investment,312930.6
202512,A03051,investment,630655.09
202512,A03052,investment,0
202512,A03053,chequing,18456.92
202512,A03054,investment,118846.92
202512,A03055,mortgage,332303.2
202512,A03056,investment,19265.91
202512,A03057,chequing,5328.09
202512,A03058,investment,0
202512,A03059,saving,30421.05
202512,A03060,saving,11135.35
202512,A03061,card,-3986.52
202512,A03062,investment,284081.4
202512,A03063,card,0
202512,A03064,investment,337592.57
202512,A03065,chequing,8712
202512,A03066,investment,892354.62
202512,A03067,chequing,0
202512,A03068,saving,0
202512,A03069,chequing,11130.06
202512,A03070,card,-2305.58
202512,A03071,investment,0
202512,A03072,chequing,6530.2
202512,A03073,investment,772857.09
202512,A03074,investment,497455.75
202512,A03075,saving,12413.29
202512,A03076,investment,448516.87
202512,A03077,chequing,9024.47
202512,A03078,investment,119925.85
202512,A03079,lending,7305.09
202512,A03080,investment,491320.76
202512,A03081,lending,34790.48
202512,A03082,chequing,7930.78
202512,A03083,chequing,147.6
202512,A03084,investment,99916.55
202512,A03085,card,-4968.38
202512,A03086,investment,693646.66
202512,A03087,investment,443230.48
202512,A03088,saving,3811.49
202512,A03089,lending,45047.45
202512,A03090,chequing,17568.24
202512,A03091,investment,142775.4
202512,A03092,mortgage,442749.9
202512,A03093,mortgage,0
202512,A03094,chequing,1870.43
202512,A03095,investment,976136.42
202512,A03096,investment,0
202512,A03097,investment,0
202512,A03098,saving,6435.78
202512,A03099,investment,14335.71
202512,A03100,investment,964946.48
202512,A03101,mortgage,224587.35
202512,A03102,lending,20868.61
202512,A03103,chequing,8618.39
202512,A03104,investment,116820.68
202512,A03105,investment,936284.49
202512,A03106,investment,886287.12
202512,A03107,investment,626310.4
202512,A03108,investment,0
202512,A03109,card,-796.52
202512,A03110,card,-4340.43
202512,A03111,investment,914654.28
202512,A03112,saving,27452.7
202512,A03113,investment,0
202512,A03114,saving,29603
202512,A03115,investment,71613.14
202512,A03116,mortgage,331926.55
202512,A03117,saving,15889.58
202512,A03118,card,-1368.17
202512,A03119,chequing,0
202512,A03120,chequing,9417.28
202512,A03121,saving,48242.66
202512,A03122,card,-592.81
202512,A03123,card,-1540.48
202512,A03124,lending,42173.56
202512,A03125,investment,82264.72
202512,A03126,chequing,1666.59
202512,A03127,investment,679551.61
202512,A03128,card,-2088.34
202512,A03129,mortgage,145149.47
202512,A03130,investment,473457.13
202512,A03131,investment,808629.48
202512,A03132,investment,0
202512,A03133,chequing,18482.67
202512,A03134,card,-1986.7
202512,A03135,investment,200535.3
202512,A03136,investment,732008.34
202512,A03137,investment,57000.32
202512,A03138,chequing,3771.88
202512,A03139,mortgage,260286.63
202512,A03140,mortgage,426201.22
202512,A03141,chequing,14592.8
202512,A03142,chequing,4777.05
202512,A03143,chequing,0
202512,A03144,lending,31181.71
202512,A03145,card,-4778.34
202512,A03146,investment,977504.34
202512,A03147,lending,41281.21
202512,A03148,investment,642767.23
202512,A03149,investment,0
202512,A03150,investment,0
202512,A03151,investment,0
202512,A03152,investment,670761.42
202512,A03153,lending,40173.88
202512,A03154,saving,19390.9
202512,A03155,chequing,0
202512,A03156,investment,921271.68
202512,A03157,lending,5569.84
202512,A03158,mortgage,133345.03
202512,A03159,mortgage,486914.32
202512,A03160,investment,769196.64
202512,A03161,investment,3623.23
202512,A03162,investment,758051.08
202512,A03163,investment,0
202512,A03164,saving,15092.65
202512,A03165,card,-2219.99
202512,A03166,investment,134716.75
202512,A03167,investment,344261.82
202512,A03168,card,-1698.99
202512,A03169,investment,594841.82
202512,A03170,card,-2001.79
202512,A03171,investment,323841.86
202512,A03172,chequing,7740.9
202512,A03173,chequing,8771.3
202512,A03174,lending,19272.05
202512,A03175,chequing,11978.38
202512,A03176,investment,53805.94
202512,A03177,chequing,7087.3
202512,A03178,investment,782920.76
202512,A03179,chequing,4005.66
202512,A03180,card,-1999.62
202512,A03181,saving,15511.99
202512,A03182,investment,822193.92
202512,A03183,investment,804521.91
202512,A03184,investment,115144.3
202512,A03185,mortgage,387221.3
202512,A03186,card,-2247.68
202512,A03187,card,-4050.58
202512,A03188,card,-2321.32
202512,A03189,chequing,0
202512,A03190,saving,10050.54
202512,A03191,chequing,12195.45
202512,A03192,saving,24151.23
202512,A03193,investment,183118.6
202512,A03194,investment,983547.8
202512,A03195,chequing,9441.81
202512,A03196,saving,1949.47
202512,A03197,investment,0
202512,A03198,investment,670749.07
202512,A03199,card,-2932.65
202512,A03200,chequing,18826.86
202512,A03201,saving,14403.58
202512,A03202,investment,86448.59
202512,A03203,saving,9332.15
202512,A03204,card,-3580.32
202512,A03205,investment,552354.94
202512,A03206,saving,18879.83
202512,A03207,investment,599165.35
202512,A03208,investment,408203.65
202512,A03209,investment,340035.69
202512,A03210,investment,71879.25
202512,A03211,investment,674088.5
202512,A03212,chequing,8383.51
202512,A03213,chequing,6256.51
202512,A03214,saving,6237.17
202512,A03215,saving,17937.07
202512,A03216,chequing,0
202512,A03217,lending,10359.6
202512,A03218,investment,0
202512,A03219,investment,0
202512,A03220,investment,173861.96
202512,A03221,saving,6898.24
202512,A03222,investment,816344.58
202512,A03223,lending,42038.19
202512,A03224,saving,7748.37
202512,A03225,investment,676087.35
202512,A03226,investment,0
202512,A03227,investment,616145.66
202512,A03228,lending,0
202512,A03229,investment,803203.25
202512,A03230,investment,0
202512,A03231,investment,43797.91
202512,A03232,mortgage,106009.61
202512,A03233,investment,471444.13
202512,A03234,chequing,0
202512,A03235,investment,253862.62
202512,A03236,saving,18667.28
202512,A03237,saving,18564.8
202512,A03238,investment,672261.44
202512,A03239,investment,677487.64
202512,A03240,card,-1750
202512,A03241,chequing,0
202512,A03242,chequing,484.04
202512,A03243,investment,585271.91
202512,A03244,investment,748248.02
202512,A03245,chequing,7383.33
202512,A03246,chequing,17767.12
202512,A03247,investment,947043.51
202512,A03248,investment,606892.56
202512,A03249,mortgage,57396.99
202512,A03250,investment,274461.96
202512,A03251,investment,260579.64
202512,A03252,investment,9492.17
202512,A03253,saving,16433.48
202512,A03254,investment,863627.72
202512,A03255,saving,2834.87
202512,A03256,mortgage,214898.02
202512,A03257,saving,10177.37
202512,A03258,lending,0
202512,A03259,chequing,8231.44
202512,A03260,investment,516340.86
202512,A03261,investment,0
202512,A03262,investment,735714.78
202512,A03263,saving,19647.33
202512,A03264,lending,8051.64
202512,A03265,investment,692655.18
202512,A03266,chequing,1408.69
202512,A03267,saving,0
202512,A03268,card,0
202512,A03269,investment,51852.46
202512,A03270,investment,576520.78
202512,A03271,saving,864.03
202512,A03272,chequing,7696.26
202512,A03273,mortgage,486605.82
202512,A03274,investment,287715.48
202512,A03275,investment,913204.85
202512,A03276,investment,748760.56
202512,A03277,chequing,0
202512,A03278,chequing,7236.05
202512,A03279,chequing,0
202512,A03280,investment,104050.71
202512,A03281,chequing,1737.88
202512,A03282,investment,0
202512,A03283,saving,16103.94
202512,A03284,lending,2292.06
202512,A03285,chequing,7531.04
202512,A03286,card,-4386.99
202512,A03287,saving,7416.02
202512,A03288,investment,78079.76
202512,A03289,investment,460924.9
202512,A03290,investment,50893.24
202512,A03291,chequing,8374.59
202512,A03292,investment,157030.66
202512,A03293,chequing,8147.71
202512,A03294,investment,919357.41
202512,A03295,saving,20278.9
202512,A03296,chequing,12033.66
202512,A03297,chequing,1269.4
202512,A03298,saving,42399.24
202512,A03299,investment,51031.94
202512,A03300,card,-4325.51
202512,A03301,lending,0
202512,A03302,investment,687896.52
202512,A03303,investment,222347
202512,A03304,investment,72661.09
202512,A03305,chequing,5538.94
202512,A03306,investment,679735.11
202512,A03307,investment,364497.16
202512,A03308,investment,64225.48
202512,A03309,card,-2421.45
202512,A03310,investment,667310.04
202512,A03311,saving,18868.4
202512,A03312,lending,35975.18
202512,A03313,investment,544333.69
202512,A03314,investment,864699.5
202512,A03315,saving,8447.5
202512,A03316,chequing,17353.05
202512,A03317,investment,233572.92
202512,A03318,investment,866223.31
202512,A03319,investment,911892
202512,A03320,investment,171613.44
202512,A03321,saving,14621.38
202512,A03322,lending,48421.55
202512,A03323,lending,3284.17
202512,A03324,chequing,5679.7
202512,A03325,investment,954985.98
202512,A03326,investment,669029.58
202512,A03327,investment,462690.18
202512,A03328,mortgage,265823.85
202512,A03329,saving,13261.16
202512,A03330,investment,353459.77
202512,A03331,mortgage,117821.61
202512,A03332,mortgage,0
202512,A03333,saving,4557.4
202512,A03334,saving,17870.12
202512,A03335,investment,880575.19
202512,A03336,investment,0
202512,A03337,saving,2482.89
202512,A03338,lending,0
202512,A03339,chequing,4150.4
202512,A03340,chequing,1753.63
202512,A03341,investment,0
202512,A03342,investment,381520.92
202512,A03343,card,-2050.37
202512,A03344,mortgage,182707.2
202512,A03345,lending,43767
202512,A03346,investment,0
202512,A03347,investment,529442.04
202512,A03348,investment,144126.54
202512,A03349,investment,262651.15
202512,A03350,investment,668063.03
202512,A03351,investment,889943.07
202512,A03352,investment,613110.56
202512,A03353,card,-1381.69
202512,A03354,mortgage,246636.58
202512,A03355,chequing,9870
202512,A03356,mortgage,80541.55
202512,A03357,investment,675161.44
202512,A03358,investment,186292.34
202512,A03359,investment,293819.39
202512,A03360,investment,176803.68
202512,A03361,chequing,12384.59
202512,A03362,mortgage,467454.56
202512,A03363,investment,349823.07
202512,A03364,investment,236676.17
202512,A03365,investment,117344.77
202512,A03366,mortgage,494106.8
202512,A03367,investment,462050.53
202512,A03368,saving,19868.65
202512,A03369,saving,8992.03
202512,A03370,investment,500035.14
202512,A03371,investment,204103.89
202512,A03372,card,-2285.9
202512,A03373,saving,35867.52
202512,A03374,lending,6151.06
202512,A03375,chequing,7769.31
202512,A03376,mortgage,167668.45
202512,A03377,investment,897247.16
202512,A03378,chequing,0
202512,A03379,investment,28218.93
202512,A03380,saving,12018.69
202512,A03381,mortgage,495193.91
202512,A03382,investment,0
202512,A03383,saving,0
202512,A03384,saving,0
202512,A03385,mortgage,389861.29
202512,A03386,investment,114944.6
202512,A03387,saving,0
202512,A03388,saving,7300.61
202512,A03389,investment,744508.8
202512,A03390,lending,26013.56
202512,A03391,chequing,5927.07
202512,A03392,investment,939783.06
202512,A03393,investment,295452.69
202512,A03394,lending,35712.91
202512,A03395,saving,12018.19
202512,A03396,chequing,2897.29
202512,A03397,investment,956033.47
202512,A03398,chequing,1131.8
202512,A03399,investment,275636.68
202512,A03400,investment,372445.65
202512,A03401,lending,6532.63
202512,A03402,mortgage,0
202512,A03403,investment,885743.45
202512,A03404,lending,44126.7
202512,A03405,mortgage,483662.05
202512,A03406,investment,666599.63
202512,A03407,chequing,5558.19
202512,A03408,investment,213146.41
202512,A03409,card,0
202512,A03410,investment,482876.45
202512,A03411,investment,832722.29
202512,A03412,investment,89576
202512,A03413,investment,0
202512,A03414,saving,33801.31
202512,A03415,mortgage,468005.16
202512,A03416,investment,640748.53
202512,A03417,card,0
202512,A03418,investment,519506.2
202512,A03419,card,-2652.63
202512,A03420,mortgage,419993.37
202512,A03421,card,-4292.29
202512,A03422,mortgage,231159.71
202512,A03423,mortgage,121361.01
202512,A03424,card,-2954.01
202512,A03425,investment,362689.81
202512,A03426,investment,602010.28
202512,A03427,investment,583689.93
202512,A03428,lending,3575.04
202512,A03429,mortgage,108587.16
202512,A03430,card,-4867.89
202512,A03431,investment,55380.37
202512,A03432,saving,11288.52
202512,A03433,saving,19086.45
202512,A03434,investment,26563.25
202512,A03435,investment,188784.42
202512,A03436,chequing,7978.02
202512,A03437,investment,23921.46
202512,A03438,investment,418276.14
202512,A03439,investment,609650.11
202512,A03440,saving,27087.2
202512,A03441,saving,19156.01
202512,A03442,investment,815881.43
202512,A03443,chequing,19256.89
202512,A03444,chequing,7817.17
202512,A03445,investment,0
202512,A03446,investment,31979.18
202512,A03447,card,-1547.6
202512,A03448,investment,162202.91
202512,A03449,chequing,7875.15
202512,A03450,investment,960765.48
202512,A03451,investment,56710.63
202512,A03452,card,-4710.75
202512,A03453,saving,32545.23
202512,A03454,chequing,6590.76
202512,A03455,card,0
202512,A03456,saving,0
202512,A03457,mortgage,253981.7
202512,A03458,saving,14643.57
202512,A03459,saving,0
202512,A03460,card,-156.03
202512,A03461,investment,167549.24
202512,A03462,mortgage,439036.66
202512,A03463,saving,10885.92
202512,A03464,investment,455486.03
202512,A03465,card,-964.38
202512,A03466,chequing,19029.04
202512,A03467,mortgage,411697.54
202512,A03468,investment,780235.48
202512,A03469,saving,0
202512,A03470,mortgage,136194.86
202512,A03471,investment,489492.46
202512,A03472,saving,8849.69
202512,A03473,card,-648.67
202512,A03474,chequing,15495.05
202512,A03475,investment,204022.85
202512,A03476,investment,529931.35
202512,A03477,investment,0
202512,A03478,investment,912323.7
202512,A03479,chequing,13306.38
202512,A03480,investment,174367.71
202512,A03481,investment,105799.12
202512,A03482,investment,658794.96
202512,A03483,investment,351748.59
202512,A03484,investment,214971.78
202512,A03485,saving,13028.06
202512,A03486,mortgage,351903.05
202512,A03487,chequing,0
202512,A03488,mortgage,307556.34
202512,A03489,chequing,8117.32
202512,A03490,chequing,2638.57
202512,A03491,chequing,1437.03
202512,A03492,investment,359680.64
202512,A03493,saving,34573.98
202512,A03494,mortgage,402549.94
202512,A03495,investment,343201.01
202512,A03496,chequing,8248.69
202512,A03497,chequing,13712.6
202512,A03498,investment,545592.04
202512,A03499,lending,22726.32
202512,A03500,investment,423608.56
202512,A03501,investment,57878.4
202512,A03502,saving,20130.12
202512,A03503,saving,11386.88
202512,A03504,saving,0
202512,A03505,investment,33719.73
202512,A03506,investment,261284.28
202512,A03507,investment,39900.37
202512,A03508,investment,461251.47
202512,A03509,investment,0
202512,A03510,lending,23339.6
202512,A03511,saving,26822
202512,A03512,lending,11875.8
202512,A03513,investment,818811.52
202512,A03514,investment,590588.23
202512,A03515,chequing,8320.11
202512,A03516,lending,23089.67
202512,A03517,chequing,12866.1
202512,A03518,investment,13926.04
202512,A03519,mortgage,346944.81
202512,A03520,chequing,603.48
202512,A03521,lending,10125.64
202512,A03522,investment,39278.22
202512,A03523,investment,394548.9
202512,A03524,investment,35698.91
202512,A03525,investment,864898.7
202512,A03526,investment,870600.17
202512,A03527,investment,757186.27
202512,A03528,investment,326299.65
202512,A03529,saving,17177.23
202512,A03530,investment,0
202512,A03531,investment,94654.62
202512,A03532,lending,2374.37
202512,A03533,investment,0
202512,A03534,card,-3862.09
202512,A03535,mortgage,88079.6
202512,A03536,lending,9935.96
202512,A03537,lending,33204.84
202512,A03538,chequing,9451.64
202512,A03539,lending,10757.42
202512,A03540,card,-1415.86
202512,A03541,saving,42633.29
202512,A03542,lending,45987.71
202512,A03543,mortgage,122453.89
202512,A03544,card,-2112.79
202512,A03545,card,-1847.34
202512,A03546,investment,649122.89
202512,A03547,chequing,18094.55
202512,A03548,investment,526812.04
202512,A03549,saving,4914.53
202512,A03550,investment,15835.89
202512,A03551,chequing,15458.62
202512,A03552,saving,6114.89
202512,A03553,investment,511012.41
202512,A03554,mortgage,199220.01
202512,A03555,chequing,12790.53
202512,A03556,chequing,9043.83
202512,A03557,chequing,17268.8
202512,A03558,investment,104170.77
202512,A03559,investment,680594.18
202512,A03560,saving,18087.79
202512,A03561,investment,903609.36
202512,A03562,investment,541589.41
202512,A03563,investment,653531.3
202512,A03564,saving,9859.29
202512,A03565,investment,111384.11
202512,A03566,investment,753790.44
202512,A03567,investment,819090.9
202512,A03568,card,-842.25
202512,A03569,card,-1244.94
202512,A03570,investment,467764.79
202512,A03571,investment,15684.12
202512,A03572,investment,0
202512,A03573,mortgage,63115.6
202512,A03574,card,-277.3
202512,A03575,card,-4262.67
202512,A03576,investment,855150.8
202512,A03577,investment,689618.41
202512,A03578,investment,727589.45
202512,A03579,lending,7476.14
202512,A03580,investment,889792.48
202512,A03581,investment,0
202512,A03582,investment,937983.95
202512,A03583,investment,0
202512,A03584,investment,898398.35
202512,A03585,mortgage,139023.73
202512,A03586,chequing,19634.64
202512,A03587,mortgage,62972.31
202512,A03588,investment,919957.69
202512,A03589,lending,41277.86
202512,A03590,lending,43756.28
202512,A03591,chequing,12646.24
202512,A03592,investment,527706.41
202512,A03593,investment,616810.11
202512,A03594,investment,901713.25
202512,A03595,saving,15296.14
202512,A03596,lending,26921.77
202512,A03597,investment,97102.56
202512,A03598,saving,32155.54
202512,A03599,mortgage,337913.24
202512,A03600,mortgage,285654.64
202512,A03601,investment,944138.62
202512,A03602,investment,543099.45
202512,A03603,investment,67997.76
202512,A03604,investment,240453.28
202512,A03605,investment,0
202512,A03606,investment,426068.11
202512,A03607,chequing,2463.68
202512,A03608,mortgage,393276.91
202512,A03609,card,-4071.2
202512,A03610,investment,192907.73
202512,A03611,lending,41097.59
202512,A03612,investment,889837.44
202512,A03613,saving,16433.83
202512,A03614,investment,304625.94
202512,A03615,chequing,7209.67
202512,A03616,chequing,12091.76
202512,A03617,saving,19340.59
202512,A03618,investment,0
202512,A03619,investment,13943.94
202512,A03620,investment,784051.78
202512,A03621,chequing,5749.85
202512,A03622,investment,529722.56
202512,A03623,investment,9807.94
202512,A03624,lending,27767.48
202512,A03625,saving,3905.63
202512,A03626,investment,514951.48
202512,A03627,lending,27202.68
202512,A03628,lending,1938.27
202512,A03629,saving,9830.5
202512,A03630,card,-3625.55
202512,A03631,investment,52094.81
202512,A03632,card,-1741.13
202512,A03633,chequing,4958.95
202512,A03634,saving,0
202512,A03635,lending,32345.19
202512,A03636,lending,3347.69
202512,A03637,lending,18186.86
202512,A03638,mortgage,394898.76
202512,A03639,chequing,14540.7
202512,A03640,lending,34840.77
202512,A03641,investment,528912.3
202512,A03642,investment,76228.82
202512,A03643,investment,370213.44
202512,A03644,investment,303906.61
202512,A03645,investment,636159.04
202512,A03646,investment,670325.88
202512,A03647,investment,351983.54
202512,A03648,lending,46112.15
202512,A03649,investment,8387.77
202512,A03650,investment,897823.76
202512,A03651,investment,80276.04
202512,A03652,mortgage,258628.87
202512,A03653,investment,295108.7
202512,A03654,mortgage,392587.89
202512,A03655,investment,2604.28
202512,A03656,investment,457265.85
202512,A03657,investment,982751.01
202512,A03658,card,-2837.77
202512,A03659,chequing,5436.41
202512,A03660,mortgage,57278.51
202512,A03661,investment,145686.44
202512,A03662,chequing,6475.9
202512,A03663,investment,897546.97
202512,A03664,card,-1352.54
202512,A03665,investment,62476.41
202512,A03666,mortgage,260869.33
202512,A03667,investment,993704.91
202512,A03668,lending,0
202512,A03669,chequing,12351.33
202512,A03670,card,-1070.29
202512,A03671,chequing,7095.02
202512,A03672,saving,26778.26
202512,A03673,lending,19568.88
202512,A03674,investment,535139.86
202512,A03675,investment,621198.67
202512,A03676,investment,1546.24
202512,A03677,investment,360430.95
202512,A03678,investment,0
202512,A03679,card,-4346.94
202512,A03680,lending,42195.31
202512,A03681,mortgage,183953.98
202512,A03682,investment,0
202512,A03683,lending,0
202512,A03684,lending,23543.86
202512,A03685,investment,300160.82
202512,A03686,chequing,8876.6
202512,A03687,lending,39323.05
202512,A03688,chequing,2502.3
202512,A03689,investment,85165.18
202512,A03690,investment,768672.14
202512,A03691,investment,120790.07
202512,A03692,investment,680206.21
202512,A03693,chequing,1604.27
202512,A03694,saving,6680.87
202512,A03695,mortgage,265226.32
202512,A03696,investment,604062.51
202512,A03697,lending,16743.13
202512,A03698,chequing,9148.9
202512,A03699,investment,743462.07
202512,A03700,card,-820.71
202512,A03701,investment,83034.49
202512,A03702,saving,4243.84
202512,A03703,chequing,16449.95
202512,A03704,chequing,11604.32
202512,A03705,mortgage,499148.36
202512,A03706,mortgage,50550.35
202512,A03707,saving,18008.69
202512,A03708,investment,149127.2
202512,A03709,investment,809448.8
202512,A03710,investment,642497.97
202512,A03711,lending,8318.24
202512,A03712,mortgage,104942.77
202512,A03713,investment,858047.03
202512,A03714,mortgage,371193.21
202512,A03715,chequing,1633.89
202512,A03716,chequing,0
202512,A03717,investment,17446.75
202512,A03718,card,-1169.98
202512,A03719,mortgage,461789.24
202512,A03720,card,-1937.8
202512,A03721,investment,862669.31
202512,A03722,chequing,9199.34
202512,A03723,investment,517099.2
202512,A03724,mortgage,236938.3
202512,A03725,investment,66747.95
202512,A03726,card,-1524.9
202512,A03727,lending,21731.15
202512,A03728,investment,214148.38
202512,A03729,investment,912284.07
202512,A03730,chequing,10576.78
202512,A03731,chequing,11158.18
202512,A03732,investment,655489.77
202512,A03733,mortgage,104071.66
202512,A03734,mortgage,67657.41
202512,A03735,investment,610877.08
202512,A03736,saving,2954.19
202512,A03737,investment,77790.04
202512,A03738,investment,292660.36
202512,A03739,saving,2723.97
202512,A03740,card,-3777.9
202512,A03741,chequing,7983.42
202512,A03742,chequing,0
202512,A03743,lending,23880.39
202512,A03744,investment,61827.89
202512,A03745,investment,46701.04
202512,A03746,investment,581924.65
202512,A03747,chequing,4119.68
202512,A03748,lending,8528.82
202512,A03749,chequing,8037.66
202512,A03750,chequing,10456.55
202512,A03751,investment,0
202512,A03752,saving,22467.92
202512,A03753,lending,7860.59
202512,A03754,lending,4584.89
202512,A03755,investment,363643.37
202512,A03756,chequing,0
202512,A03757,saving,0
202512,A03758,investment,866808
202512,A03759,mortgage,309978.5
202512,A03760,chequing,9556.97
202512,A03761,investment,725067.21
202512,A03762,investment,0
202512,A03763,investment,41488.91
202512,A03764,investment,994928.72
202512,A03765,investment,25186.8
202512,A03766,card,-118.04
202512,A03767,mortgage,0
202512,A03768,investment,388653.25
202512,A03769,investment,52788.6
202512,A03770,chequing,0
202512,A03771,chequing,7641.35
202512,A03772,investment,0
202512,A03773,chequing,1932.51
202512,A03774,chequing,16344.95
202512,A03775,mortgage,412184.34
202512,A03776,chequing,13722.1
202512,A03777,investment,209825.7
202512,A03778,saving,9576.23
202512,A03779,saving,7637.22
202512,A03780,chequing,15607.77
202512,A03781,investment,0
202512,A03782,saving,17379.09
202512,A03783,investment,68766.77
202512,A03784,investment,860388.34
202512,A03785,card,-2142.43
202512,A03786,investment,484829.27
202512,A03787,chequing,9804.49
202512,A03788,chequing,8280.24
202512,A03789,saving,10096.27
202512,A03790,card,-2348.25
202512,A03791,investment,429272.28
202512,A03792,card,-3704.94
202512,A03793,chequing,0
202512,A03794,mortgage,471712.21
202512,A03795,lending,32377.2
202512,A03796,lending,21324.59
202512,A03797,investment,700341.77
202512,A03798,mortgage,105106.61
202512,A03799,saving,11338.18
202512,A03800,investment,912971.95
202512,A03801,saving,40076.92
202512,A03802,investment,0
202512,A03803,investment,0
202512,A03804,lending,0
202512,A03805,lending,44584.91
202512,A03806,card,-3415.98
202512,A03807,saving,27970.39
202512,A03808,investment,917100.91
202512,A03809,investment,523379.43
202512,A03810,investment,344521.72
202512,A03811,lending,39411.58
202512,A03812,chequing,1046.54
202512,A03813,saving,16442.46
202512,A03814,saving,19402.48
202512,A03815,card,-2821.64
202512,A03816,mortgage,496606.29
202512,A03817,investment,590530.14
202512,A03818,lending,2134.98
202512,A03819,investment,126529.84
202512,A03820,chequing,5657.62
202512,A03821,investment,704651.63
202512,A03822,investment,73588.81
202512,A03823,investment,456906.61
202512,A03824,chequing,1578.27
202512,A03825,chequing,14943.29
202512,A03826,card,-4132.95
202512,A03827,chequing,9874.14
202512,A03828,chequing,4664.71
202512,A03829,lending,17518.89
202512,A03830,mortgage,277137.74
202512,A03831,chequing,5387.5
202512,A03832,investment,19749.76
202512,A03833,investment,290663
202512,A03834,investment,603317.55
202512,A03835,mortgage,409280.04
202512,A03836,investment,235457.06
202512,A03837,saving,12613.9
202512,A03838,chequing,9270.06
202512,A03839,chequing,1928.41
202512,A03840,investment,0
202512,A03841,saving,19277.39
202512,A03842,investment,641143.03
202512,A03843,investment,182062.17
202512,A03844,investment,300864.3
202512,A03845,investment,397135.48
202512,A03846,investment,66936.74
202512,A03847,lending,12728.34
202512,A03848,saving,3321.02
202512,A03849,chequing,6667.08
202512,A03850,lending,37732.08
202512,A03851,investment,0
202512,A03852,lending,39861.69
202512,A03853,investment,202532.55
202512,A03854,investment,112472.01
202512,A03855,card,-1713.78
202512,A03856,mortgage,291245.1
202512,A03857,chequing,14185.38
202512,A03858,chequing,6969.9
202512,A03859,chequing,6965.54
202512,A03860,investment,386980.01
202512,A03861,chequing,0
202512,A03862,card,-2143.43
202512,A03863,card,-2322.13
202512,A03864,investment,41241.96
202512,A03865,chequing,7419.28
202512,A03866,investment,596753.45
202512,A03867,investment,896756.61
202512,A03868,investment,452722.17
202512,A03869,investment,597585.81
202512,A03870,investment,803124.19
202512,A03871,mortgage,475098.69
202512,A03872,investment,327345.34
202512,A03873,investment,889363.75
202512,A03874,mortgage,71390.61
202512,A03875,card,-587.76
202512,A03876,mortgage,64371.47
202512,A03877,investment,319902.99
202512,A03878,card,-3603.66
202512,A03879,investment,0
202512,A03880,chequing,16766.88
202512,A03881,investment,669805.52
202512,A03882,investment,583765.65
202512,A03883,investment,682286.68
202512,A03884,saving,15555.99
202512,A03885,investment,340363.97
202512,A03886,lending,1989.34
202512,A03887,investment,183625.71
202512,A03888,saving,1788.44
202512,A03889,lending,11431.78
202512,A03890,saving,19354.74
202512,A03891,lending,24918.22
202512,A03892,investment,587329.17
202512,A03893,chequing,6360.46
202512,A03894,lending,13887.24
202512,A03895,investment,836669.54
202512,A03896,lending,40991.21
202512,A03897,investment,44240.12
202512,A03898,investment,738349.61
202512,A03899,card,-1551.47
202512,A03900,chequing,8248.79
202512,A03901,investment,689208.48
202512,A03902,chequing,1809.27
202512,A03903,saving,9365.73
202512,A03904,investment,170461.86
202512,A03905,saving,15424.2
202512,A03906,card,-1792.81
202512,A03907,lending,36573.48
202512,A03908,investment,69636.36
202512,A03909,investment,815464.4
202512,A03910,mortgage,0
202512,A03911,lending,49802.29
202512,A03912,lending,37733.94
202512,A03913,investment,0
202512,A03914,investment,730153.8
202512,A03915,lending,39120.54
202512,A03916,mortgage,160235.34
202512,A03917,chequing,10362.91
202512,A03918,investment,785280.66
202512,A03919,chequing,19597.77
202512,A03920,investment,499952.11
202512,A03921,investment,3983.91
202512,A03922,chequing,892.41
202512,A03923,investment,179226.5
202512,A03924,chequing,18596.18
202512,A03925,investment,776299.3
202512,A03926,investment,931599.97
202512,A03927,investment,56487.1
202512,A03928,investment,288115.84
202512,A03929,investment,75254.81
202512,A03930,investment,423439.47
202512,A03931,mortgage,86948.74
202512,A03932,lending,24287.71
202512,A03933,chequing,15123.54
202512,A03934,mortgage,141729.43
202512,A03935,chequing,12774.47
202512,A03936,investment,603332.5
202512,A03937,lending,20247.63
202512,A03938,chequing,4079.03
202512,A03939,investment,67594.75
202512,A03940,investment,0
202512,A03941,card,-3509.6
202512,A03942,lending,41123.03
202512,A03943,mortgage,494624.58
202512,A03944,mortgage,112337.01
202512,A03945,investment,0
202512,A03946,chequing,6371.65
202512,A03947,chequing,2011.89
202512,A03948,card,-1489.07
202512,A03949,investment,533528.69
202512,A03950,lending,8292.76
202512,A03951,chequing,2245.1
202512,A03952,chequing,15511.08
202512,A03953,saving,863.89
202512,A03954,mortgage,120823.86
202512,A03955,investment,27255.32
202512,A03956,investment,144676.83
202512,A03957,investment,0
202512,A03958,investment,76874
202512,A03959,investment,18027.53
202512,A03960,chequing,9943.47
202512,A03961,investment,394127.89
202512,A03962,saving,22761.92
202512,A03963,chequing,7681.03
202512,A03964,chequing,0
202512,A03965,investment,615089.93
202512,A03966,card,0
202512,A03967,investment,223995.05
202512,A03968,saving,10555.26
202512,A03969,saving,29690.01
202512,A03970,card,-304.85
202512,A03971,saving,12636.77
202512,A03972,investment,866975.56
202512,A03973,investment,355562.8
202512,A03974,investment,383169.08
202512,A03975,saving,14664.63
202512,A03976,mortgage,186548.08
202512,A03977,investment,996930.06
202512,A03978,card,-2042.42
202512,A03979,card,-1954.79
202512,A03980,chequing,0
202512,A03981,saving,14498.87
202512,A03982,card,-1996.55
202512,A03983,chequing,1370.87
202512,A03984,saving,39051.05
202512,A03985,chequing,2337.72
202512,A03986,investment,273797.89
202512,A03987,lending,27544.44
202512,A03988,investment,452025.31
202512,A03989,chequing,13499.42
202512,A03990,investment,13024.31
202512,A03991,investment,356182.58
202512,A03992,lending,26720.36
202512,A03993,lending,41231.5
202512,A03994,lending,0
202512,A03995,saving,16953.58
202512,A03996,chequing,2992.43
202512,A03997,mortgage,438024.77
202512,A03998,saving,24754.43
202512,A03999,card,-907.9
202512,A04000,chequing,8081.99
202512,A04001,investment,46628.64
202512,A04002,chequing,15090.07
202512,A04003,investment,526690.84
202512,A04004,investment,880517.34
202512,A04005,saving,2479.01
202512,A04006,investment,263633.35
202512,A04007,investment,268708.5
202512,A04008,chequing,14785.21
202512,A04009,investment,626834.23
202512,A04010,investment,446607.67
202512,A04011,investment,166284.34
202512,A04012,saving,44916.53
202512,A04013,saving,8120.36
202512,A04014,mortgage,483937.58
202512,A04015,saving,0
202512,A04016,card,-669.19
202512,A04017,investment,683313.86
202512,A04018,saving,19646.95
202512,A04019,mortgage,67304.74
202512,A04020,mortgage,139534.14
202512,A04021,chequing,3074.05
202512,A04022,card,-1820.76
202512,A04023,mortgage,0
202512,A04024,investment,873212.26
202512,A04025,lending,0
202512,A04026,investment,495292.1
202512,A04027,saving,2865.44
202512,A04028,saving,16194.17
202512,A04029,investment,36664.68
202512,A04030,investment,254323.85
202512,A04031,mortgage,188728.63
202512,A04032,chequing,4327.18
202512,A04033,chequing,0
202512,A04034,chequing,608.02
202512,A04035,investment,612133.85
202512,A04036,mortgage,259790.53
202512,A04037,card,-2428
202512,A04038,investment,835393.69
202512,A04039,saving,801.03
202512,A04040,investment,849406.62
202512,A04041,investment,11323.73
202512,A04042,investment,716356.78
202512,A04043,mortgage,247453.7
202512,A04044,investment,347206.6
202512,A04045,investment,0
202512,A04046,saving,7381.29
202512,A04047,chequing,7541.04
202512,A04048,investment,531253.12
202512,A04049,investment,0
202512,A04050,investment,727541.66
202512,A04051,investment,0
202512,A04052,mortgage,154752.61
202512,A04053,investment,187612.01
202512,A04054,chequing,18340.42
202512,A04055,investment,823600.67
202512,A04056,investment,878020.45
202512,A04057,card,-3230.56
202512,A04058,card,-702.92
202512,A04059,investment,49212.14
202512,A04060,investment,508409.55
202512,A04061,investment,0
202512,A04062,investment,958868.96
202512,A04063,card,-123.28
202512,A04064,investment,0
202512,A04065,saving,11723.14
202512,A04066,investment,728046.31
202512,A04067,saving,9230.09
202512,A04068,investment,879119.13
202512,A04069,investment,649645.98
202512,A04070,lending,42603.36
202512,A04071,saving,1691.84
202512,A04072,investment,292141.67
202512,A04073,chequing,18451.72
202512,A04074,lending,16664.76
202512,A04075,investment,485906.96
202512,A04076,chequing,5824.88
202512,A04077,chequing,9322.2
202512,A04078,chequing,5373.83
202512,A04079,saving,14614.37
202512,A04080,investment,0
202512,A04081,card,-4111.93
202512,A04082,investment,352307.66
202512,A04083,saving,22366.65
202512,A04084,investment,676264.53
202512,A04085,saving,38105.87
202512,A04086,saving,12507.4
202512,A04087,investment,4111.75
202512,A04088,chequing,14096.18
202512,A04089,card,-1344.77
202512,A04090,investment,144192.98
202512,A04091,mortgage,292191.95
202512,A04092,chequing,6514.25
202512,A04093,investment,252245.66
202512,A04094,lending,22941.62
202512,A04095,card,-3796.89
202512,A04096,investment,0
202512,A04097,saving,18658.07
202512,A04098,investment,586869.19
202512,A04099,saving,12254.94
202512,A04100,investment,88594.48
202512,A04101,chequing,14283.54
202512,A04102,chequing,11234.12
202512,A04103,card,-2303.68
202512,A04104,mortgage,119141.35
202512,A04105,investment,342685.84
202512,A04106,chequing,7413.43
202512,A04107,saving,8854.39
202512,A04108,investment,412726.78
202512,A04109,investment,423545.18
202512,A04110,mortgage,276328.62
202512,A04111,chequing,12434.45
202512,A04112,investment,0
202512,A04113,lending,24727.28
202512,A04114,investment,175306.93
202512,A04115,investment,49158.7
202512,A04116,mortgage,158427.45
202512,A04117,investment,307825.29
202512,A04118,mortgage,307603.81
202512,A04119,investment,213954.22
202512,A04120,investment,944473.21
202512,A04121,chequing,3393.48
202512,A04122,mortgage,342538.08
202512,A04123,chequing,7645.42
202512,A04124,investment,80420.28
202512,A04125,investment,382440.32
202512,A04126,chequing,5415.45
202512,A04127,saving,43300.87
202512,A04128,card,-4027.98
202512,A04129,card,-570.08
202512,A04130,saving,18353.46
202512,A04131,chequing,0
202512,A04132,chequing,7617.48
202512,A04133,saving,5483.87
202512,A04134,chequing,7889.3
202512,A04135,investment,22472.93
202512,A04136,saving,4696.53
202512,A04137,card,-3203.09
202512,A04138,investment,48512.46
202512,A04139,mortgage,379696.06
202512,A04140,investment,48819.85
202512,A04141,card,-1858.18
202512,A04142,lending,0
202512,A04143,card,-4646.12
202512,A04144,investment,170883.41
202512,A04145,chequing,9966.54
202512,A04146,investment,100634.51
202512,A04147,investment,323768.51
202512,A04148,investment,117482.95
202512,A04149,investment,316096.04
202512,A04150,chequing,9340.88
202512,A04151,investment,534386.33
202512,A04152,chequing,9931.07
202512,A04153,saving,7171.64
202512,A04154,investment,598851.81
202512,A04155,mortgage,454306.96
202512,A04156,chequing,3010.92
202512,A04157,chequing,2103.6
202512,A04158,chequing,14076.82
202512,A04159,chequing,0
202512,A04160,chequing,8966.23
202512,A04161,investment,0
202512,A04162,chequing,14414.26
202512,A04163,investment,877578.09
202512,A04164,investment,829868
202512,A04165,chequing,3328.68
202512,A04166,mortgage,77990.25
202512,A04167,saving,7683.77
202512,A04168,saving,11695.98
202512,A04169,investment,931517.77
202512,A04170,saving,5751.77
202512,A04171,chequing,13931.08
202512,A04172,investment,343682.33
202512,A04173,lending,11555.05
202512,A04174,card,-1714.06
202512,A04175,investment,60368.86
202512,A04176,investment,52006.87
202512,A04177,card,-4084.65
202512,A04178,chequing,8746.98
202512,A04179,chequing,16832.4
202512,A04180,lending,14464.28
202512,A04181,investment,0
202512,A04182,lending,33764.02
202512,A04183,mortgage,325388.19
202512,A04184,investment,354583.46
202512,A04185,investment,865813.45
202512,A04186,card,-725.43
202512,A04187,lending,44508.51
202512,A04188,saving,14123.68
202512,A04189,investment,974715.72
202512,A04190,investment,0
202512,A04191,investment,715720.21
202512,A04192,investment,676388.97
202512,A04193,chequing,9934.25
202512,A04194,chequing,16260.78
202512,A04195,investment,29872.29
202512,A04196,investment,62022.07
202512,A04197,mortgage,170500.52
202512,A04198,card,-3397.8
202512,A04199,investment,220801.51
202512,A04200,investment,494280.74
202512,A04201,saving,1013.53
202512,A04202,investment,535837.3
202512,A04203,mortgage,133449.23
202512,A04204,saving,5057.66
202512,A04205,investment,851238.74
202512,A04206,investment,166387.5
202512,A04207,investment,0
202512,A04208,investment,776487.42
202512,A04209,investment,173575.9
202512,A04210,lending,43588.74
202512,A04211,investment,894240.44
202512,A04212,saving,3169.16
202512,A04213,chequing,440.33
202512,A04214,card,-2396.52
202512,A04215,mortgage,175182.2
202512,A04216,chequing,8511.81
202512,A04217,mortgage,404882.69
202512,A04218,investment,781951.98
202512,A04219,saving,9862.43
202512,A04220,lending,6565.64
202512,A04221,investment,240716.06
202512,A04222,chequing,238.16
202512,A04223,investment,991041.89
202512,A04224,investment,0
202512,A04225,chequing,7444.22
202512,A04226,investment,227996.85
202512,A04227,chequing,6363.11
202512,A04228,investment,840530.06
202512,A04229,chequing,713.16
202512,A04230,investment,178268.83
202512,A04231,investment,831466.04
202512,A04232,saving,6933.46
202512,A04233,investment,810514.08
202512,A04234,chequing,9626.66
202512,A04235,investment,455495.67
202512,A04236,investment,740224.53
202512,A04237,saving,1468.4
202512,A04238,investment,364452.07
202512,A04239,lending,48892.51
202512,A04240,mortgage,0
202512,A04241,card,-2475.7
202512,A04242,investment,353729.13
202512,A04243,investment,457591.63
202512,A04244,chequing,2076.39
202512,A04245,investment,586287.23
202512,A04246,card,0
202512,A04247,investment,0
202512,A04248,card,-475.41
202512,A04249,investment,906270.82
202512,A04250,lending,41588.74
202512,A04251,investment,788542.08
202512,A04252,card,-4761.5
202512,A04253,investment,497844.57
202512,A04254,investment,310999.57
202512,A04255,saving,14500.27
202512,A04256,investment,859056.16
202512,A04257,saving,14858.49
202512,A04258,investment,950511.1
202512,A04259,chequing,6228.88
202512,A04260,investment,415784.75
202512,A04261,investment,639670
202512,A04262,saving,4959.66
202512,A04263,investment,254278.77
202512,A04264,investment,0
202512,A04265,mortgage,0
202512,A04266,investment,826669.07
202512,A04267,investment,475285.02
202512,A04268,investment,379777.22
202512,A04269,card,-4938.88
202512,A04270,card,-2617.52
202512,A04271,investment,785937.78
202512,A04272,saving,7636.81
202512,A04273,mortgage,80196.54
202512,A04274,investment,184041.52
202512,A04275,mortgage,466368.77
202512,A04276,mortgage,145854.96
202512,A04277,investment,92440.78
202512,A04278,chequing,2185.76
202512,A04279,investment,638726.53
202512,A04280,chequing,0
202512,A04281,mortgage,279285.19
202512,A04282,mortgage,187835.93
202512,A04283,investment,1867.4
202512,A04284,investment,85311.81
202512,A04285,lending,44606.91
202512,A04286,investment,37230.66
202512,A04287,saving,9845.4
202512,A04288,chequing,6801.5
202512,A04289,investment,85001.73
202512,A04290,investment,205922.31
202512,A04291,saving,31016.2
202512,A04292,investment,31188.48
202512,A04293,investment,41277.1
202512,A04294,investment,13529.94
202512,A04295,investment,331328.64
202512,A04296,card,-279.5
202512,A04297,investment,51407.14
202512,A04298,investment,874315.82
202512,A04299,investment,225799.71
202512,A04300,investment,470884.12
202512,A04301,mortgage,132855.71
202512,A04302,chequing,10355.72
202512,A04303,investment,369748.12
202512,A04304,lending,18979.61
202512,A04305,investment,13623.72
202512,A04306,card,0
202512,A04307,card,0
202512,A04308,lending,23072.62
202512,A04309,lending,47983.23
202512,A04310,investment,426515.16
202512,A04311,lending,7402.08
202512,A04312,investment,0
202512,A04313,investment,85327.3
202512,A04314,investment,273525.38
202512,A04315,lending,17399.82
202512,A04316,chequing,9869.57
202512,A04317,investment,0
202512,A04318,card,-2493.38
202512,A04319,saving,0
202512,A04320,mortgage,226403.98
202512,A04321,investment,0
202512,A04322,card,-1911.54
202512,A04323,chequing,7396.48
202512,A04324,lending,43770.75
202512,A04325,investment,897729.19
202512,A04326,mortgage,0
202512,A04327,card,-2731.96
202512,A04328,investment,808813.21
202512,A04329,investment,771368.84
202512,A04330,lending,23273.8
202512,A04331,chequing,12026.69
202512,A04332,investment,0
202512,A04333,chequing,2300.04
202512,A04334,investment,764526.42
202512,A04335,investment,441654.43
202512,A04336,chequing,0
202512,A04337,saving,48203.12
202512,A04338,investment,240959.93
202512,A04339,investment,744159.8
202512,A04340,mortgage,382957.77
202512,A04341,investment,754847.71
202512,A04342,lending,30431.49
202512,A04343,lending,10915.83
202512,A04344,saving,26881.21
202512,A04345,investment,412124.46
202512,A04346,investment,86202.14
202512,A04347,lending,44607.22
202512,A04348,mortgage,255780.29
202512,A04349,investment,351026.92
202512,A04350,investment,343289.39
202512,A04351,card,-2235.73
202512,A04352,chequing,18937.78
202512,A04353,investment,986957.79
202512,A04354,lending,41776.49
202512,A04355,investment,141907.42
202512,A04356,investment,150374.19
202512,A04357,card,-1192.49
202512,A04358,saving,16455.45
202512,A04359,investment,0
202512,A04360,saving,10064.46
202512,A04361,investment,683511.85
202512,A04362,chequing,16486
202512,A04363,mortgage,149146.45
202512,A04364,mortgage,123829.05
202512,A04365,chequing,11613.01
202512,A04366,card,-3000.74
202512,A04367,lending,39966.72
202512,A04368,investment,64531.29
202512,A04369,investment,834318.21
202512,A04370,investment,90780.67
202512,A04371,investment,0
202512,A04372,card,-970.14
202512,A04373,investment,168683.27
202512,A04374,chequing,19789.1
202512,A04375,investment,757563.55
202512,A04376,investment,59017.82
202512,A04377,saving,10963.13
202512,A04378,investment,425140.95
202512,A04379,lending,0
202512,A04380,investment,93163.37
202512,A04381,investment,447868.84
202512,A04382,mortgage,332749.22
202512,A04383,lending,45077.32
202512,A04384,saving,2454.09
202512,A04385,card,-490.52
202512,A04386,investment,637500.71
202512,A04387,saving,7659.85
202512,A04388,card,-3092.62
202512,A04389,lending,28397.17
202512,A04390,lending,32998.24
202512,A04391,investment,393867.11
202512,A04392,lending,18819.79
202512,A04393,mortgage,0
202512,A04394,chequing,7476.35
202512,A04395,chequing,0
202512,A04396,mortgage,193172.6
202512,A04397,investment,275431.93
202512,A04398,investment,0
202512,A04399,saving,34411.51
202512,A04400,investment,47682.23
202512,A04401,chequing,9924.34
202512,A04402,chequing,8197.42
202512,A04403,card,0
202512,A04404,investment,385360.93
202512,A04405,investment,631171.82
202512,A04406,mortgage,0
202512,A04407,investment,546312.58
202512,A04408,investment,53839.86
202512,A04409,investment,549926.2
202512,A04410,investment,133298.32
202512,A04411,mortgage,156396.36
202512,A04412,investment,702461.26
202512,A04413,lending,0
202512,A04414,investment,24643.06
202512,A04415,chequing,0
202512,A04416,lending,46502.13
202512,A04417,investment,406443.69
202512,A04418,investment,426299.23
202512,A04419,investment,411392.78
202512,A04420,chequing,0
202512,A04421,card,-61.52
202512,A04422,chequing,5975.03
202512,A04423,saving,12205.63
202512,A04424,mortgage,227689.82
202512,A04425,chequing,13727.98
202512,A04426,investment,5496.97
202512,A04427,chequing,5774.26
202512,A04428,saving,10580.3
202512,A04429,investment,678394.29
202512,A04430,saving,1015.55
202512,A04431,chequing,7532.22
202512,A04432,investment,442996.9
202512,A04433,investment,215845.58
202512,A04434,investment,759237.35
202512,A04435,investment,592093.43
202512,A04436,lending,30735.69
202512,A04437,saving,19716.51
202512,A04438,investment,700761.76
202512,A04439,investment,557760.7
202512,A04440,investment,809489.58
202512,A04441,investment,411586.07
202512,A04442,investment,234000.93
202512,A04443,saving,11736.04
202512,A04444,chequing,10643.96
202512,A04445,investment,863985.72
202512,A04446,investment,535863.41
202512,A04447,mortgage,343972.57
202512,A04448,investment,146967.97
202512,A04449,lending,19358.9
202512,A04450,investment,378041.86
202512,A04451,mortgage,0
202512,A04452,chequing,1352.22
202512,A04453,chequing,0
202512,A04454,lending,20042.48
202512,A04455,chequing,17302.85
202512,A04456,chequing,6900.93
202512,A04457,saving,17984.61
202512,A04458,investment,892940.17
202512,A04459,investment,839936.97
202512,A04460,chequing,0
202512,A04461,chequing,6706.96
202512,A04462,mortgage,342911.23
202512,A04463,investment,287978.31
202512,A04464,saving,11475.31
202512,A04465,saving,15442.98
202512,A04466,card,-4549.1
202512,A04467,investment,197955.97
202512,A04468,card,-4848.19
202512,A04469,investment,111607.9
202512,A04470,mortgage,344752.8
202512,A04471,investment,927214.33
202512,A04472,card,-2017.03
202512,A04473,mortgage,393129.51
202512,A04474,investment,568862.79
202512,A04475,saving,11262.66
202512,A04476,chequing,2732.76
202512,A04477,investment,635582.8
202512,A04478,card,-1473.18
202512,A04479,mortgage,441697.75
202512,A04480,investment,921423.67
202512,A04481,chequing,11334.38
202512,A04482,investment,817177.13
202512,A04483,mortgage,0
202512,A04484,chequing,3281.31
202512,A04485,saving,35215.37
202512,A04486,chequing,7347.34
202512,A04487,investment,46943.02
202512,A04488,saving,5913.93
202512,A04489,lending,41832.31
202512,A04490,investment,173685.72
202512,A04491,card,-615.94
202512,A04492,card,0
202512,A04493,investment,857521.71
202512,A04494,mortgage,108343.32
202512,A04495,card,-1658.77
202512,A04496,chequing,17427.01
202512,A04497,investment,535824.66
202512,A04498,investment,846512.31
202512,A04499,saving,28266.52
202512,A04500,chequing,16289.99
202512,A04501,card,-1448.5
202512,A04502,investment,0
202512,A04503,investment,114392.82
202512,A04504,saving,11361.89
202512,A04505,investment,130727.01
202512,A04506,card,0
202512,A04507,investment,656566.99
202512,A04508,mortgage,486290.14
202512,A04509,mortgage,439507.1
202512,A04510,chequing,8356.49
202512,A04511,investment,530654.53
202512,A04512,investment,734441.5
202512,A04513,lending,25379.16
202512,A04514,mortgage,111914.38
202512,A04515,mortgage,224774.25
202512,A04516,saving,18017.89
202512,A04517,mortgage,0
202512,A04518,chequing,3905.67
202512,A04519,investment,905773.08
202512,A04520,investment,771469.98
202512,A04521,card,-3787.38
202512,A04522,investment,729840.33
202512,A04523,investment,694766.03
202512,A04524,investment,510789.87
202512,A04525,chequing,5188.14
202512,A04526,chequing,9945.49
202512,A04527,investment,465846.91
202512,A04528,investment,356010.48
202512,A04529,chequing,820.92
202512,A04530,investment,0
202512,A04531,saving,14386.58
202512,A04532,saving,13464.47
202512,A04533,chequing,7203.03
202512,A04534,chequing,16506.27
202512,A04535,lending,37276.17
202512,A04536,investment,807341.75
202512,A04537,card,-1036.96
202512,A04538,lending,0
202512,A04539,card,-343.4
202512,A04540,investment,87042.96
202512,A04541,saving,10125.28
202512,A04542,card,-1036.67
202512,A04543,card,-2583.48
202512,A04544,investment,89310.23
202512,A04545,card,-4979.51
202512,A04546,investment,86924.23
202512,A04547,chequing,4272.54
202512,A04548,investment,0
202512,A04549,investment,91034.81
202512,A04550,investment,898564.92
202512,A04551,investment,818009.32
202512,A04552,investment,583799.88
202512,A04553,investment,72559.8
202512,A04554,investment,905299.92
202512,A04555,saving,42247.74
202512,A04556,investment,66068.52
202512,A04557,card,-1353.51
202512,A04558,investment,708822.14
202512,A04559,saving,4228.94
202512,A04560,chequing,16626.66
202512,A04561,investment,791005.43
202512,A04562,investment,205315.18
202512,A04563,saving,8840.73
202512,A04564,investment,25527.16
202512,A04565,investment,403572.32
202512,A04566,saving,14484.83
202512,A04567,lending,7561.31
202512,A04568,lending,30285.53
202512,A04569,investment,575020.95
202512,A04570,investment,0
202512,A04571,mortgage,353308.99
202512,A04572,investment,652663.69
202512,A04573,chequing,12917.98
202512,A04574,investment,0
202512,A04575,chequing,9259.61
202512,A04576,investment,208320.16
202512,A04577,lending,6975.84
202512,A04578,investment,420930.14
202512,A04579,saving,13364.98
202512,A04580,investment,943924.27
202512,A04581,investment,0
202512,A04582,investment,929655.48
202512,A04583,card,0
202512,A04584,investment,496763.71
202512,A04585,lending,28343.32
202512,A04586,mortgage,268610.27
202512,A04587,mortgage,172742.95
202512,A04588,chequing,0
202512,A04589,saving,21302.33
202512,A04590,lending,25088.72
202512,A04591,mortgage,365126.62
202512,A04592,investment,141572.57
202512,A04593,card,-632.76
202512,A04594,investment,0
202512,A04595,card,-4073.5
202512,A04596,lending,30685.93
202512,A04597,mortgage,407176.36
202512,A04598,investment,7689.1
202512,A04599,investment,0
202512,A04600,saving,8895.3
202512,A04601,investment,30555.79
202512,A04602,investment,0
202512,A04603,investment,308622.15
202512,A04604,chequing,5370.58
202512,A04605,lending,46975.63
202512,A04606,investment,495359.45
202512,A04607,investment,709185.4
202512,A04608,investment,179564.22
202512,A04609,lending,8239.09
202512,A04610,investment,333784.38
202512,A04611,investment,444031.77
202512,A04612,investment,43100.45
202512,A04613,lending,0
202512,A04614,investment,657575.64
202512,A04615,saving,17455.77
202512,A04616,chequing,5014.55
202512,A04617,chequing,17798.28
202512,A04618,investment,807034
202512,A04619,investment,469171.19
202512,A04620,lending,37822.77
202512,A04621,chequing,2585.63
202512,A04622,saving,20546.25
202512,A04623,investment,56951.43
202512,A04624,investment,62908.97
202512,A04625,card,-1188.59
202512,A04626,chequing,5682.47
202512,A04627,investment,661019.17
202512,A04628,investment,0
202512,A04629,card,-4446.91
202512,A04630,card,0
202512,A04631,chequing,5521.92
202512,A04632,investment,993435.68
202512,A04633,investment,377530.26
202512,A04634,investment,958378.07
202512,A04635,card,-4897.93
202512,A04636,chequing,4034.7
202512,A04637,card,-3469.92
202512,A04638,saving,7984.06
202512,A04639,saving,3539.76
202512,A04640,card,-722.84
202512,A04641,saving,36775.01
202512,A04642,investment,327492.79
202512,A04643,chequing,18738.21
202512,A04644,investment,97101.22
202512,A04645,investment,616833.27
202512,A04646,investment,0
202512,A04647,saving,4693.77
202512,A04648,mortgage,367483.47
202512,A04649,mortgage,369032.85
202512,A04650,card,-1763.58
202512,A04651,investment,529292.39
202512,A04652,saving,10253.04
202512,A04653,chequing,10466.71
202512,A04654,investment,409664.65
202512,A04655,chequing,7866.17
202512,A04656,chequing,18983.21
202512,A04657,lending,28680.71
202512,A04658,chequing,18813.97
202512,A04659,chequing,6314.86
202512,A04660,lending,3435.91
202512,A04661,investment,531612.74
202512,A04662,investment,0
202512,A04663,investment,21469.3
202512,A04664,investment,370934.34
202512,A04665,card,-4708.79
202512,A04666,chequing,0
202512,A04667,lending,38740.97
202512,A04668,investment,39829.19
202512,A04669,card,-1181.86
202512,A04670,saving,0
202512,A04671,investment,329084.99
202512,A04672,mortgage,471692.85
202512,A04673,investment,752020.82
202512,A04674,saving,25934.29
202512,A04675,card,-3620.88
202512,A04676,investment,47693.29
202512,A04677,saving,0
202512,A04678,chequing,7738.71
202512,A04679,chequing,10412.56
202512,A04680,investment,633660.93
202512,A04681,card,-359.73
202512,A04682,saving,15547.09
202512,A04683,investment,962832.64
202512,A04684,chequing,5602.74
202512,A04685,investment,392057.18
202512,A04686,investment,698720.1
202512,A04687,investment,189876.89
202512,A04688,card,-3524.7
202512,A04689,investment,96298.49
202512,A04690,investment,360226.46
202512,A04691,investment,295694.67
202512,A04692,investment,414434.46
202512,A04693,lending,31624.63
202512,A04694,card,-1929.74
202512,A04695,investment,321596.84
202512,A04696,lending,47050.7
202512,A04697,investment,72707.12
202512,A04698,investment,719801.81
202512,A04699,chequing,0
202512,A04700,investment,66869.96
202512,A04701,investment,723864.94
202512,A04702,investment,537391.13
202512,A04703,investment,776394
202512,A04704,investment,26630.99
202512,A04705,investment,233053
202512,A04706,chequing,6961.15
202512,A04707,chequing,1200.36
202512,A04708,chequing,4237.37
202512,A04709,lending,0
202512,A04710,chequing,17839.5
202512,A04711,investment,713513.71
202512,A04712,investment,198842.48
202512,A04713,investment,346525.78
202512,A04714,investment,49235.18
202512,A04715,investment,888954.95
202512,A04716,investment,750080.78
202512,A04717,investment,304091.37
202512,A04718,investment,0
202512,A04719,investment,75287.71
202512,A04720,lending,43313.24
202512,A04721,saving,2045.85
202512,A04722,investment,701008.98
202512,A04723,investment,471466.85
202512,A04724,investment,41077.17
202512,A04725,chequing,5060.94
202512,A04726,investment,606702.27
202512,A04727,chequing,17898.11
202512,A04728,investment,193549.4
202512,A04729,card,-1596.52
202512,A04730,lending,9468.19
202512,A04731,card,-2557.93
202512,A04732,investment,437304.44
202512,A04733,chequing,2250.49
202512,A04734,lending,1078.67
202512,A04735,investment,369530.29
202512,A04736,investment,444568.28
202512,A04737,saving,44862.62
202512,A04738,investment,290721.38
202512,A04739,chequing,9505.46
202512,A04740,investment,477917.46
202512,A04741,investment,0
202512,A04742,investment,858237.4
202512,A04743,mortgage,404443.84
202512,A04744,saving,27791.06
202512,A04745,card,-3315.57
202512,A04746,investment,131893.09
202512,A04747,chequing,9951.67
202512,A04748,chequing,7946.22
202512,A04749,investment,0
202512,A04750,investment,934764.75
202512,A04751,saving,8613.87
202512,A04752,investment,592244.6
202512,A04753,investment,876498.05
202512,A04754,investment,81688.86
202512,A04755,investment,466976.02
202512,A04756,lending,30202.07
202512,A04757,investment,60351.23
202512,A04758,lending,1262.93
202512,A04759,investment,152367.53
202512,A04760,mortgage,228745.49
202512,A04761,lending,23054.72
202512,A04762,investment,152849.91
202512,A04763,lending,9784.38
202512,A04764,chequing,8321.03
202512,A04765,investment,263660.62
202512,A04766,investment,744503.43
202512,A04767,investment,0
202512,A04768,saving,16732.65
202512,A04769,chequing,9192.17
202512,A04770,saving,10343.44
202512,A04771,chequing,18850.11
202512,A04772,investment,548168.1
202512,A04773,investment,71124.83
202512,A04774,investment,25857.76
202512,A04775,chequing,7902.99
202512,A04776,investment,988111.67
202512,A04777,lending,28409.8
202512,A04778,investment,487357.29
202512,A04779,investment,19492.21
202512,A04780,card,-3427.99
202512,A04781,mortgage,419414.84
202512,A04782,investment,0
202512,A04783,chequing,3185.52
202512,A04784,investment,598338.93
202512,A04785,lending,0
202512,A04786,saving,1268.66
202512,A04787,saving,18443.79
202512,A04788,lending,49834.51
202512,A04789,investment,0
202512,A04790,investment,150592.98
202512,A04791,chequing,7740.37
202512,A04792,investment,428815.74
202512,A04793,mortgage,138139.05
202512,A04794,chequing,105.23
202512,A04795,saving,18292.82
202512,A04796,saving,44853.95
202512,A04797,mortgage,386094.94
202512,A04798,investment,732813.89
202512,A04799,mortgage,0
202512,A04800,card,-545.16
202512,A04801,investment,23615.43
202512,A04802,chequing,5133.04
202512,A04803,chequing,4221.81
202512,A04804,investment,17455.93
202512,A04805,saving,9632.04
202512,A04806,investment,908015.79
202512,A04807,investment,163471.39
202512,A04808,investment,196627.87
202512,A04809,investment,527854.08
202512,A04810,mortgage,313531.34
202512,A04811,investment,22559.02
202512,A04812,card,-1723.81
202512,A04813,lending,49443.88
202512,A04814,investment,37562.64
202512,A04815,investment,499230.15
202512,A04816,investment,505671.98
202512,A04817,investment,894223.03
202512,A04818,investment,655872.63
202512,A04819,card,-1408.18
202512,A04820,investment,123019.32
202512,A04821,investment,60288.49
202512,A04822,chequing,8832.98
202512,A04823,mortgage,304389.25
202512,A04824,lending,49887.91
202512,A04825,chequing,9559.37
202512,A04826,saving,31998.49
202512,A04827,investment,642191.76
202512,A04828,chequing,5316.29
202512,A04829,saving,9134.27
202512,A04830,chequing,8229.91
202512,A04831,investment,313768.86
202512,A04832,investment,485161.94
202512,A04833,saving,4910.77
202512,A04834,investment,867339.39
202512,A04835,chequing,12417.76
202512,A04836,investment,953800.71
202512,A04837,card,-823.24
202512,A04838,investment,436195.44
202512,A04839,saving,24459.38
202512,A04840,mortgage,332492.06
202512,A04841,investment,819045.59
202512,A04842,saving,7319
202512,A04843,lending,27952.91
202512,A04844,saving,3587.21
202512,A04845,saving,45306.47
202512,A04846,mortgage,316138.76
202512,A04847,investment,980604.5
202512,A04848,card,-1621.07
202512,A04849,investment,63255.14
202512,A04850,investment,579077.36
202512,A04851,chequing,10926.73
202512,A04852,investment,582407.3
202512,A04853,investment,739337.62
202512,A04854,mortgage,56042.31
202512,A04855,chequing,0
202512,A04856,saving,0
202512,A04857,investment,443336.86
202512,A04858,investment,0
202512,A04859,saving,9681.46
202512,A04860,saving,49481.06
202512,A04861,saving,44108.08
202512,A04862,chequing,9478.55
202512,A04863,investment,626135.99
202512,A04864,investment,958142.61
202512,A04865,saving,17218.79
202512,A04866,investment,814586.64
202512,A04867,card,-1062.89
202512,A04868,investment,644371.6
202512,A04869,investment,849842.68
202512,A04870,card,-4191.88
202512,A04871,investment,882510.51
202512,A04872,card,0
202512,A04873,investment,942107.49
202512,A04874,investment,265414.75
202512,A04875,investment,575951.2
202512,A04876,saving,19063.54
202512,A04877,investment,0
202512,A04878,card,-1099.95
202512,A04879,investment,112941.98
202512,A04880,investment,706387.78
202512,A04881,mortgage,232497.22
202512,A04882,investment,225891.36
202512,A04883,investment,163434.8
202512,A04884,mortgage,145061.79
202512,A04885,saving,0
202512,A04886,investment,69276.32
202512,A04887,lending,43227.64
202512,A04888,investment,0
202512,A04889,investment,112712.35
202512,A04890,card,-4446.17
202512,A04891,mortgage,60824.82
202512,A04892,saving,11139.93
202512,A04893,investment,0
202512,A04894,mortgage,253957.27
202512,A04895,mortgage,383030.16
202512,A04896,investment,7900.08
202512,A04897,investment,703498.45
202512,A04898,investment,12422.48
202512,A04899,investment,320582.55
202512,A04900,saving,7952.6
202512,A04901,investment,417754.47
202512,A04902,chequing,2612.67
202512,A04903,investment,7667.52
202512,A04904,investment,12773.18
202512,A04905,chequing,3019.51
202512,A04906,saving,20999.63
202512,A04907,saving,5397.78
202512,A04908,chequing,2681.91
202512,A04909,saving,9439.66
202512,A04910,investment,735728.25
202512,A04911,saving,27635.71
202512,A04912,mortgage,146573.65
202512,A04913,investment,274076.96
202512,A04914,card,-718.79
202512,A04915,investment,368095.03
202512,A04916,mortgage,240723.99
202512,A04917,investment,916760.12
202512,A04918,investment,25408.12
202512,A04919,investment,0
202512,A04920,card,-117.56
202512,A04921,chequing,7584.3
202512,A04922,lending,0
202512,A04923,mortgage,459433.22
202512,A04924,chequing,0
202512,A04925,chequing,5681.54
202512,A04926,investment,237569.01
202512,A04927,saving,16023.64
202512,A04928,investment,477936.28
202512,A04929,saving,0
202512,A04930,investment,214492.7
202512,A04931,investment,55603.18
202512,A04932,investment,850567.73
202512,A04933,chequing,0
202512,A04934,saving,15159.03
202512,A04935,mortgage,121786.09
202512,A04936,saving,9901.41
202512,A04937,lending,48174.68
202512,A04938,card,-4326.79
202512,A04939,investment,22154.65
202512,A04940,investment,73582.79
202512,A04941,saving,10391.67
202512,A04942,card,-3860.28
202512,A04943,chequing,2328.68
202512,A04944,investment,911751.41
202512,A04945,chequing,569.56
202512,A04946,investment,410472.52
202512,A04947,investment,395116.44
202512,A04948,investment,22977.93
202512,A04949,investment,191075.14
202512,A04950,investment,309141.08
202512,A04951,investment,72356.26
202512,A04952,investment,116886.67
202512,A04953,investment,965263.42
202512,A04954,investment,117058.9
202512,A04955,card,-4142.47
202512,A04956,card,-2781.02
202512,A04957,saving,11839.59
202512,A04958,saving,8833.96
202512,A04959,lending,47898.88
202512,A04960,mortgage,245112.06
202512,A04961,mortgage,271610.53
202512,A04962,saving,46287.41
202512,A04963,mortgage,212698.39
202512,A04964,card,-1071.6
202512,A04965,investment,138382.22
202512,A04966,card,-4539.43
202512,A04967,investment,235093.49
202512,A04968,investment,0
202512,A04969,chequing,17316.31
202512,A04970,investment,39878.27
202512,A04971,investment,41091.13
202512,A04972,investment,122952.28
202512,A04973,investment,83042.09
202512,A04974,saving,19653.03
202512,A04975,card,-496.3
202512,A04976,mortgage,389092.4
202512,A04977,saving,34472.32
202512,A04978,saving,31660.81
202512,A04979,investment,920757.17
202512,A04980,saving,9287.71
202512,A04981,card,-395.17
202512,A04982,card,-4836.27
202512,A04983,card,-1401.18
202512,A04984,mortgage,255806.96
202512,A04985,investment,504180.23
202512,A04986,lending,5765.37
202512,A04987,lending,23869.79
202512,A04988,card,-1849.59
202512,A04989,chequing,6219.54
202512,A04990,investment,263237.45
202512,A04991,investment,480524.87
202512,A04992,saving,6348.17
202512,A04993,investment,434653.04
202512,A04994,chequing,4704.7
202512,A04995,investment,607127.87
202512,A04996,saving,0
202512,A04997,investment,0
202512,A04998,saving,3444.5
202512,A04999,card,0
202512,A05000,investment,992538.84
202512,A05001,saving,15183.25
202512,A05002,chequing,6330.7
202512,A05003,investment,410810.52
202512,A05004,saving,2054.02
202512,A05005,investment,0
202512,A05006,mortgage,448735.96
202512,A05007,investment,72020.18
202512,A05008,chequing,8062.17
202512,A05009,card,-2776.86
202512,A05010,saving,45755.9
202512,A05011,card,-2689.62
202512,A05012,investment,924189.34
202512,A05013,saving,17548.7
202512,A05014,investment,0
202512,A05015,investment,833143.21
202512,A05016,investment,884597.72
202512,A05017,chequing,4406.01
202512,A05018,card,-3428.99
202512,A05019,lending,41470.41
202512,A05020,chequing,5151.72
202512,A05021,investment,519923.61
202512,A05022,investment,198593.41
202512,A05023,investment,118293.8
202512,A05024,card,-1316.6
202512,A05025,chequing,17241.55
202512,A05026,investment,149630.28
202512,A05027,investment,453021.19
202512,A05028,investment,133981.68
202512,A05029,investment,789876.54
202512,A05030,investment,395672.23
202512,A05031,chequing,7577.19
202512,A05032,mortgage,442107.47
202512,A05033,mortgage,257101.54
202512,A05034,investment,360984.25
202512,A05035,chequing,8467.42
202512,A05036,saving,11501.51
202512,A05037,chequing,696.55
202512,A05038,investment,13094.15
202512,A05039,chequing,7206.1
202512,A05040,chequing,9801.18
202512,A05041,chequing,7930.71
202512,A05042,saving,23032.52
202512,A05043,lending,30174.54
202512,A05044,investment,61533.24
202512,A05045,chequing,16034.99
202512,A05046,chequing,19796.88
202512,A05047,investment,3491.08
202512,A05048,saving,0
202512,A05049,mortgage,402309.04
202512,A05050,investment,18946.89
202512,A05051,investment,183966.02
202512,A05052,investment,601753.26
202512,A05053,investment,238379.9
202512,A05054,investment,252733.41
202512,A05055,lending,0
202512,A05056,chequing,3616.02
202512,A05057,investment,0
202512,A05058,card,-2329.32
202512,A05059,investment,701964.73
202512,A05060,chequing,2313.01
202512,A05061,investment,312110.33
202512,A05062,chequing,493.25
202512,A05063,card,-3370.64
202512,A05064,chequing,6010.69
202512,A05065,card,-922.32
202512,A05066,saving,14599.11
202512,A05067,investment,3801.46
202512,A05068,card,-74.14
202512,A05069,investment,0
202512,A05070,lending,20989.92
202512,A05071,chequing,1161.4
202512,A05072,lending,30995.01
202512,A05073,mortgage,322378.92
202512,A05074,investment,790781.89
202512,A05075,investment,747987.92
202512,A05076,lending,49152.32
202512,A05077,investment,683784.6
202512,A05078,mortgage,448849.5
202512,A05079,investment,504867.13
202512,A05080,investment,296184.63
202512,A05081,saving,29828.08
202512,A05082,card,0
202512,A05083,investment,787362.53
202512,A05084,investment,12572.54
202512,A05085,investment,0
202512,A05086,investment,0
202512,A05087,investment,393068.82
202512,A05088,mortgage,382604.14
202512,A05089,lending,10919.77
202512,A05090,saving,16328.51
202512,A05091,investment,94362.14
202512,A05092,mortgage,121643.93
202512,A05093,lending,3323.36
202512,A05094,investment,660882.56
202512,A05095,investment,33101.47
202512,A05096,investment,0
202512,A05097,investment,650681.2
202512,A05098,chequing,3903.75
202512,A05099,card,-981.91
202512,A05100,chequing,12798.8
202512,A05101,lending,23748.77
202512,A05102,lending,37927.21
202512,A05103,mortgage,106867.95
202512,A05104,chequing,11665.24
202512,A05105,mortgage,412353.83
202512,A05106,card,-4800.53
202512,A05107,investment,575549.33
202512,A05108,investment,74946.02
202512,A05109,investment,149562.11
202512,A05110,investment,621487.61
202512,A05111,chequing,0
202512,A05112,chequing,11629.69
202512,A05113,investment,478966.7
202512,A05114,saving,37877.26
202512,A05115,saving,19383.25
202512,A05116,investment,683792.55
202512,A05117,saving,38457.71
202512,A05118,lending,24576.43
202512,A05119,lending,28913.03
202512,A05120,chequing,7303.47
202512,A05121,card,-200.61
202512,A05122,lending,0
202512,A05123,mortgage,334904.79
202512,A05124,saving,0
202512,A05125,investment,0
202512,A05126,investment,581717.07
202512,A05127,lending,11516.51
202512,A05128,investment,483907.1
202512,A05129,investment,859410.85
202512,A05130,saving,8148.25
202512,A05131,saving,2818.75
202512,A05132,investment,258385.6
202512,A05133,investment,0
202512,A05134,card,-3733.27
202512,A05135,mortgage,492746.16
202512,A05136,chequing,17290.15
202512,A05137,chequing,7590.25
202512,A05138,investment,92916.51
202512,A05139,saving,14988.22
202512,A05140,investment,968711.12
202512,A05141,card,-476.46
202512,A05142,investment,789511.71
202512,A05143,mortgage,240095.12
202512,A05144,card,-2144.18
202512,A05145,chequing,18437.68
202512,A05146,card,-4877
202512,A05147,mortgage,313251.92
202512,A05148,investment,99438.12
202512,A05149,investment,44014.39
202512,A05150,saving,0
202512,A05151,card,-3127.81
202512,A05152,card,0
202512,A05153,lending,21397.13
202512,A05154,mortgage,386066.93
202512,A05155,investment,687283.2
202512,A05156,investment,113058.68
202512,A05157,investment,22706.62
202512,A05158,investment,685986.64
202512,A05159,investment,651962.8
202512,A05160,investment,636833.27
202512,A05161,chequing,5911.09
202512,A05162,investment,825637.31
202512,A05163,investment,550220.14
202512,A05164,chequing,7375.94
202512,A05165,card,0
202512,A05166,saving,18324.39
202512,A05167,chequing,6372.09
202512,A05168,chequing,7536.12
202512,A05169,investment,716129.89
202512,A05170,chequing,12782.23
202512,A05171,chequing,15304.26
202512,A05172,lending,26953.64
202512,A05173,chequing,9660.85
202512,A05174,investment,338698.59
202512,A05175,investment,64500.5
202512,A05176,card,-841.35
202512,A05177,investment,339961.52
202512,A05178,saving,17334.03
202512,A05179,saving,11867.43
202512,A05180,saving,7903.83
202512,A05181,chequing,0
202512,A05182,investment,993930.18
202512,A05183,investment,444443.02
202512,A05184,chequing,698.84
202512,A05185,saving,0
202512,A05186,lending,2733.57
202512,A05187,investment,651364.19
202512,A05188,chequing,12057.41
202512,A05189,mortgage,258731.05
202512,A05190,saving,15374.77
202512,A05191,investment,625107.42
202512,A05192,lending,4903.71
202512,A05193,investment,351912.29
202512,A05194,investment,0
202512,A05195,investment,877726.31
202512,A05196,card,-1686.9
202512,A05197,investment,636458.41
202512,A05198,investment,730384.02
202512,A05199,saving,19132.98
202512,A05200,chequing,5423.33
202512,A05201,investment,169060.92
202512,A05202,chequing,15941.87
202512,A05203,saving,16681.41
202512,A05204,chequing,5124.23
202512,A05205,investment,725401.96
202512,A05206,card,-108.89
202512,A05207,mortgage,176515.36
202512,A05208,card,-2843.27
202512,A05209,chequing,9678.2
202512,A05210,chequing,18291.99
202512,A05211,chequing,7909.18
202512,A05212,investment,548870.52
202512,A05213,investment,0
202512,A05214,chequing,3019.4
202512,A05215,mortgage,0
202512,A05216,chequing,1803.95
202512,A05217,lending,34317.43
202512,A05218,saving,0
202512,A05219,chequing,0
202512,A05220,chequing,9944.33
202512,A05221,saving,10963.81
202512,A05222,investment,934681.88
202512,A05223,investment,0
202512,A05224,card,-4800.13
202512,A05225,investment,238352.4
202512,A05226,investment,45535.63
202512,A05227,investment,157477.29
202512,A05228,investment,653658.22
202512,A05229,mortgage,81998.7
202512,A05230,mortgage,117031.68
202512,A05231,chequing,5552.91
202512,A05232,investment,0
202512,A05233,investment,654093.15
202512,A05234,chequing,1030.01
202512,A05235,saving,7356.23
202512,A05236,saving,33096.34
202512,A05237,investment,496393.35
202512,A05238,investment,59610.87
202512,A05239,saving,39281.18
202512,A05240,saving,18895.64
202512,A05241,investment,591498.74
202512,A05242,chequing,3303.7
202512,A05243,investment,882823.56
202512,A05244,investment,68195.84
202512,A05245,lending,2088.12
202512,A05246,investment,825426.01
202512,A05247,chequing,12952.52
202512,A05248,investment,510464.02
202512,A05249,chequing,7580.19
202512,A05250,chequing,11914.57
202512,A05251,investment,687503.62
202512,A05252,card,0
202512,A05253,lending,15489.91
202512,A05254,saving,0
202512,A05255,lending,22932.93
202512,A05256,mortgage,298363.04
202512,A05257,card,-3722.62
202512,A05258,investment,798831.18
202512,A05259,chequing,7941.7
202512,A05260,mortgage,350707.77
202512,A05261,investment,327953.85
202512,A05262,chequing,2512.52
202512,A05263,chequing,3405.82
202512,A05264,chequing,18518.02
202512,A05265,lending,13268.41
202512,A05266,saving,46227.05
202512,A05267,investment,171850.08
202512,A05268,lending,3147.44
202512,A05269,chequing,3717.5
202512,A05270,investment,111655.65
202512,A05271,lending,35772.67
202512,A05272,card,-4327.12
202512,A05273,chequing,660.49
202512,A05274,mortgage,364952.7
202512,A05275,lending,44260.88
202512,A05276,lending,10546.44
202512,A05277,saving,16408.26
202512,A05278,investment,249167.25
202512,A05279,mortgage,0
202512,A05280,investment,270711.95
202512,A05281,saving,29808.02
202512,A05282,investment,951640.19
202512,A05283,chequing,4095.59
202512,A05284,chequing,0
202512,A05285,investment,675531.96
202512,A05286,mortgage,390477.27
202512,A05287,investment,79413.26
202512,A05288,investment,550222.49
202512,A05289,investment,47613.02
202512,A05290,saving,0
202512,A05291,card,-1703.02
202512,A05292,investment,220627.77
202512,A05293,investment,53864.42
202512,A05294,lending,15016.05
202512,A05295,lending,45132.27
202512,A05296,investment,66400.36
202512,A05297,investment,630647.73
202512,A05298,investment,358522.52
202512,A05299,chequing,10774.34
202512,A05300,chequing,15675.7
202512,A05301,saving,16024.47
202512,A05302,investment,48739.09
202512,A05303,card,-1225.52
202512,A05304,mortgage,342502.5
202512,A05305,chequing,7719.02
202512,A05306,investment,142592.55
202512,A05307,card,-4529.19
202512,A05308,card,-317.27
202512,A05309,investment,0
202512,A05310,investment,829410.79
202512,A05311,investment,799776.14
202512,A05312,investment,135776.36
202512,A05313,chequing,0
202512,A05314,investment,966692.37
202512,A05315,investment,0
202512,A05316,lending,23948.93
202512,A05317,chequing,9812.69
202512,A05318,investment,929429.38
202512,A05319,chequing,6749.99
202512,A05320,chequing,13439.69
202512,A05321,lending,41345.49
202512,A05322,chequing,14857.84
202512,A05323,investment,125533.2
202512,A05324,investment,894908.4
202512,A05325,chequing,5496.92
202512,A05326,saving,10156.88
202512,A05327,saving,36710.73
202512,A05328,investment,455435.63
202512,A05329,mortgage,144403.81
202512,A05330,investment,724306.37
202512,A05331,mortgage,81487.48
202512,A05332,saving,5553.21
202512,A05333,investment,790169.07
202512,A05334,investment,647862.88
202512,A05335,saving,14049.21
202512,A05336,investment,102245.55
202512,A05337,saving,13716.2
202512,A05338,mortgage,67667.25
202512,A05339,chequing,9656.56
202512,A05340,saving,14746.78
202512,A05341,mortgage,158123.91
202512,A05342,card,-4964.21
202512,A05343,lending,9631.32
202512,A05344,investment,416269
202512,A05345,investment,671282.97
202512,A05346,chequing,8396.46
202512,A05347,investment,313636.06
202512,A05348,investment,605765.05
202512,A05349,investment,597254.82
202512,A05350,chequing,6716.12
202512,A05351,investment,0
202512,A05352,investment,7534.07
202512,A05353,investment,601601.2
202512,A05354,investment,407467.79
202512,A05355,saving,0
202512,A05356,investment,735132.08
202512,A05357,investment,731964.53
202512,A05358,investment,194186.79
202512,A05359,investment,583090.42
202512,A05360,saving,39505.53
202512,A05361,investment,321094.95
202512,A05362,investment,365821.43
202512,A05363,investment,27518.99
202512,A05364,investment,52494.07
202512,A05365,investment,0
202512,A05366,chequing,18918.04
202512,A05367,saving,32991.93
202512,A05368,chequing,7197.16
202512,A05369,saving,33314.72
202512,A05370,mortgage,0
202512,A05371,chequing,7253.27
202512,A05372,saving,13701.92
202512,A05373,investment,631807.31
202512,A05374,mortgage,302217.63
202512,A05375,saving,15808.91
202512,A05376,mortgage,129405.5
202512,A05377,investment,201270.51
202512,A05378,saving,6335.41
202512,A05379,card,-1456.48
202512,A05380,saving,35236.95
202512,A05381,chequing,4725.39
202512,A05382,investment,842536.95
202512,A05383,saving,12649.35
202512,A05384,chequing,8401.87
202512,A05385,investment,45457.66
202512,A05386,investment,0
202512,A05387,investment,683133.3
202512,A05388,investment,898977.1
202512,A05389,saving,15665.35
202512,A05390,chequing,4969.89
202512,A05391,investment,983596.76
202512,A05392,saving,12642.27
202512,A05393,investment,840808.28
202512,A05394,investment,737339.07
202512,A05395,investment,690565.09
202512,A05396,lending,36272.22
202512,A05397,chequing,0
202512,A05398,saving,14187.92
202512,A05399,mortgage,367934.66
202512,A05400,investment,219796.77
202512,A05401,investment,541556.03
202512,A05402,investment,938652.5
202512,A05403,chequing,12056.97
202512,A05404,saving,5712.98
202512,A05405,investment,891405.54
202512,A05406,mortgage,237323.66
202512,A05407,chequing,0
202512,A05408,lending,44299.78
202512,A05409,investment,635497.99
202512,A05410,chequing,6675.08
202512,A05411,investment,479710.54
202512,A05412,mortgage,474301.14
202512,A05413,investment,918213.66
202512,A05414,chequing,6651.18
202512,A05415,lending,0
202512,A05416,investment,140107.9
202512,A05417,investment,391901.62
202512,A05418,investment,218397.05
202512,A05419,investment,78554.53
202512,A05420,saving,45635.42
202512,A05421,lending,0
202512,A05422,investment,0
202512,A05423,investment,942231.1
202512,A05424,card,-2026.99
202512,A05425,investment,85957.2
202512,A05426,chequing,5612.99
202512,A05427,investment,493027.65
202512,A05428,chequing,8513.24
202512,A05429,chequing,2493.34
202512,A05430,saving,6040.95
202512,A05431,investment,690603.86
202512,A05432,investment,993489.37
202512,A05433,mortgage,0
202512,A05434,investment,86401.31
202512,A05435,investment,861145.9
202512,A05436,chequing,10302.23
202512,A05437,investment,954584.78
202512,A05438,saving,15479.33
202512,A05439,investment,385504.06
202512,A05440,chequing,19971.74
202512,A05441,investment,214241.45
202512,A05442,saving,16315.08
202512,A05443,saving,48192.4
202512,A05444,lending,38582.08
202512,A05445,investment,248956.94
202512,A05446,card,-2105.6
202512,A05447,chequing,18620.08
202512,A05448,mortgage,268479.39
202512,A05449,investment,415199.6
202512,A05450,investment,97001.48
202512,A05451,mortgage,489284.61
202512,A05452,investment,0
202512,A05453,investment,686333.74
202512,A05454,investment,213203.8
202512,A05455,mortgage,320101.18
202512,A05456,investment,574540.73
202512,A05457,investment,52219.29
202512,A05458,saving,0
202512,A05459,chequing,15016.47
202512,A05460,chequing,892.54
202512,A05461,saving,18828.46
202512,A05462,investment,142245.32
202512,A05463,investment,263069.82
202512,A05464,lending,23702.61
202512,A05465,saving,10554.52
202512,A05466,card,0
202512,A05467,investment,697989.96
202512,A05468,saving,9338.44
202512,A05469,chequing,7425.25
202512,A05470,investment,713179.85
202512,A05471,saving,18466.19
202512,A05472,saving,16964.68
202512,A05473,investment,934712.49
202512,A05474,investment,13035.64
202512,A05475,chequing,0
202512,A05476,chequing,17979.25
202512,A05477,mortgage,239628.96
202512,A05478,chequing,9068.06
202512,A05479,chequing,6523.23
202512,A05480,card,-4624.13
202512,A05481,investment,120837.19
202512,A05482,card,-9.84
202512,A05483,card,-3200.53
202512,A05484,card,-4472.36
202512,A05485,card,-1264.6
202512,A05486,saving,819.18
202512,A05487,chequing,4910.39
202512,A05488,card,-1.23
202512,A05489,saving,2971.13
202512,A05490,investment,51236.5
202512,A05491,investment,619501.68
202512,A05492,investment,260052.27
202512,A05493,saving,46006.26
202512,A05494,investment,25950.18
202512,A05495,investment,856509.05
202512,A05496,investment,686155.46
202512,A05497,lending,21250.95
202512,A05498,investment,77997.24
202512,A05499,investment,69926.58
202512,A05500,chequing,12722.77
202512,A05501,investment,0
202512,A05502,investment,0
202512,A05503,investment,901964.33
202512,A05504,saving,13349.61
202512,A05505,chequing,11318.83
202512,A05506,chequing,7703.93
202512,A05507,mortgage,387207.17
202512,A05508,card,-4133.88
202512,A05509,investment,0
202512,A05510,investment,323374.17
202512,A05511,saving,14140.32
202512,A05512,saving,6385.12
202512,A05513,chequing,6898.25
202512,A05514,mortgage,269502.03
202512,A05515,chequing,3197.22
202512,A05516,investment,215280.04
202512,A05517,card,-2233.33
202512,A05518,investment,92197.95
202512,A05519,chequing,1147.76
202512,A05520,investment,807487.88
202512,A05521,investment,682492.28
202512,A05522,investment,526647.54
202512,A05523,investment,0
202512,A05524,investment,43503.16
202512,A05525,lending,49975.53
202512,A05526,lending,0
202512,A05527,chequing,19885.17
202512,A05528,saving,17073.84
202512,A05529,investment,206637.97
202512,A05530,card,-27.78
202512,A05531,mortgage,479261.77
202512,A05532,saving,14323.17
202512,A05533,card,-1056.25
202512,A05534,saving,48262.63
202512,A05535,chequing,0
202512,A05536,investment,22159.45
202512,A05537,investment,752163.54
202512,A05538,saving,25556.2
202512,A05539,mortgage,203812.39
202512,A05540,investment,203694.12
202512,A05541,saving,3948.45
202512,A05542,saving,9450.6
202512,A05543,investment,357328.15
202512,A05544,investment,56224.98
202512,A05545,mortgage,0
202512,A05546,mortgage,191353.39
202512,A05547,investment,0
202512,A05548,mortgage,427581.58
202512,A05549,mortgage,227853.55
202512,A05550,card,0
202512,A05551,lending,10861.02
202512,A05552,investment,0
202512,A05553,investment,20432.81
202512,A05554,chequing,3806.21
202512,A05555,mortgage,412708.45
202512,A05556,chequing,9040.96
202512,A05557,mortgage,229686.7
202512,A05558,investment,797609.09
202512,A05559,chequing,4088.96
202512,A05560,investment,808970.58
202512,A05561,chequing,6293.65
202512,A05562,card,-3595.24
202512,A05563,lending,8650.47
202512,A05564,lending,44748.13
202512,A05565,lending,37730.69
202512,A05566,chequing,19494.74
202512,A05567,investment,63887.2
202512,A05568,chequing,8498.38
202512,A05569,investment,579756.45
202512,A05570,saving,8825.84
202512,A05571,chequing,6805.04
202512,A05572,card,-4609.05
202512,A05573,investment,740721.04
202512,A05574,mortgage,382919.56
202512,A05575,mortgage,140670.57
202512,A05576,investment,652217.13
202512,A05577,investment,880933
202512,A05578,saving,8619.21
202512,A05579,investment,492751.83
202512,A05580,investment,429205.37
202512,A05581,chequing,1634.73
202512,A05582,chequing,0
202512,A05583,saving,6832.15
202512,A05584,investment,54503.1
202512,A05585,lending,44044.23
202512,A05586,chequing,5194.47
202512,A05587,mortgage,115636.45
202512,A05588,lending,9801.67
202512,A05589,investment,583754.68
202512,A05590,investment,353460.07
202512,A05591,investment,49721.21
202512,A05592,investment,62821.8
202512,A05593,chequing,5230.07
202512,A05594,chequing,9403.51
202512,A05595,mortgage,173295.06
202512,A05596,lending,40224.35
202512,A05597,investment,127778.76
202512,A05598,investment,10260.51
202512,A05599,chequing,19712.2
202512,A05600,investment,445373.91
202512,A05601,investment,480254.66
202512,A05602,mortgage,452636.11
202512,A05603,investment,985655.86
202512,A05604,investment,942541.73
202512,A05605,card,-227.33
202512,A05606,card,-223.58
202512,A05607,investment,67549.29
202512,A05608,saving,5116.5
202512,A05609,investment,299214.52
202512,A05610,chequing,12767.82
202512,A05611,investment,0
202512,A05612,investment,0
202512,A05613,saving,10210.53
202512,A05614,investment,214127.18
202512,A05615,investment,35256.4
202512,A05616,investment,477802.22
202512,A05617,mortgage,136997.14
202512,A05618,investment,795292.14
202512,A05619,chequing,6478.61
202512,A05620,investment,568580.09
202512,A05621,lending,41711.12
202512,A05622,chequing,9701.02
202512,A05623,chequing,12618.78
202512,A05624,chequing,15306.87
202512,A05625,chequing,18082.58
202512,A05626,investment,0
202512,A05627,lending,33935.49
202512,A05628,investment,422590.92
202512,A05629,chequing,18796.74
202512,A05630,investment,868602.67
202512,A05631,investment,982185.64
202512,A05632,saving,0
202512,A05633,investment,574553.25
202512,A05634,investment,442238.08
202512,A05635,chequing,4000.34
202512,A05636,chequing,0
202512,A05637,investment,46072.36
202512,A05638,investment,549883.65
202512,A05639,investment,97907.13
202512,A05640,saving,8835.14
202512,A05641,chequing,18044.5
202512,A05642,lending,0
202512,A05643,mortgage,226898.55
202512,A05644,investment,435877.16
202512,A05645,investment,318725.35
202512,A05646,investment,432063.59
202512,A05647,saving,29100.57
202512,A05648,investment,623202.64
202512,A05649,investment,158359.09
202512,A05650,investment,0
202512,A05651,investment,524936.09
202512,A05652,chequing,3428.47
202512,A05653,chequing,1261.82
202512,A05654,chequing,3334.62
202512,A05655,saving,11833.03
202512,A05656,investment,47874.89
202512,A05657,investment,440277.67
202512,A05658,lending,0
202512,A05659,saving,7572.06
202512,A05660,investment,40362.45
202512,A05661,mortgage,130741.75
202512,A05662,investment,47072.68
202512,A05663,saving,12715.25
202512,A05664,investment,405165.69
202512,A05665,lending,15328.5
202512,A05666,investment,0
202512,A05667,card,0
202512,A05668,chequing,5394.08
202512,A05669,mortgage,469932.54
202512,A05670,investment,261952.82
202512,A05671,investment,400341.86
202512,A05672,chequing,9377.87
202512,A05673,saving,2243.4
202512,A05674,chequing,18240.75
202512,A05675,chequing,0
202512,A05676,lending,0
202512,A05677,investment,207134.14
202512,A05678,chequing,13440.3
202512,A05679,chequing,14295.47
202512,A05680,mortgage,234642.09
202512,A05681,investment,729735.79
202512,A05682,investment,109290.35
202512,A05683,saving,19494.73
202512,A05684,card,-2426.91
202512,A05685,investment,777369.13
202512,A05686,investment,236511.43
202512,A05687,card,-408.74
202512,A05688,chequing,6944.07
202512,A05689,investment,22355.22
202512,A05690,investment,511238.19
202512,A05691,investment,332358.01
202512,A05692,investment,158710.48
202512,A05693,chequing,19902.51
202512,A05694,chequing,9193.49
202512,A05695,investment,647121.81
202512,A05696,saving,49595.31
202512,A05697,card,-2634.92
202512,A05698,mortgage,423430.57
202512,A05699,lending,38799.84
202512,A05700,lending,20533.06
202512,A05701,card,0
202512,A05702,investment,560569.98
202512,A05703,chequing,14311.22
202512,A05704,lending,27269.86
202512,A05705,chequing,288.46
202512,A05706,saving,0
202512,A05707,investment,194601.13
202512,A05708,investment,945542.85
202512,A05709,chequing,9174.67
202512,A05710,chequing,5201.02
202512,A05711,investment,861261.45
202512,A05712,investment,867044.41
202512,A05713,investment,159811.13
202512,A05714,investment,327331.03
202512,A05715,card,-2592.47
202512,A05716,saving,13376.44
202512,A05717,saving,48810.9
202512,A05718,mortgage,140797.1
202512,A05719,saving,0
202512,A05720,chequing,18426.1
202512,A05721,saving,30809.74
202512,A05722,investment,840784.23
202512,A05723,investment,993750.5
202512,A05724,investment,618609.37
202512,A05725,investment,59813.36
202512,A05726,investment,88130.35
202512,A05727,mortgage,444375.06
202512,A05728,chequing,8713.49
202512,A05729,investment,585175.33
202512,A05730,chequing,6428.49
202512,A05731,investment,0
202512,A05732,lending,30003.65
202512,A05733,mortgage,471732.8
202512,A05734,saving,0
202512,A05735,saving,12527.15
202512,A05736,lending,2680.28
202512,A05737,investment,443537.08
202512,A05738,chequing,19455.95
202512,A05739,lending,37701.38
202512,A05740,investment,213213
202512,A05741,investment,503205.27
202512,A05742,investment,980967.67
202512,A05743,lending,14736.38
202512,A05744,investment,493597.59
202512,A05745,saving,7577.8
202512,A05746,investment,0
202512,A05747,card,-1917.7
202512,A05748,chequing,4036.79
202512,A05749,mortgage,362450.34
202512,A05750,chequing,5550.7
202512,A05751,investment,82561.46
202512,A05752,investment,987335.04
202512,A05753,card,-3554.24
202512,A05754,saving,13242.03
202512,A05755,investment,454250.45
202512,A05756,card,-2012.88
202512,A05757,lending,3447.7
202512,A05758,investment,284641.13
202512,A05759,saving,44150.69
202512,A05760,investment,853933.12
202512,A05761,investment,33383.07
202512,A05762,card,-4322.85
202512,A05763,investment,373758.47
202512,A05764,investment,594646.76
202512,A05765,mortgage,137713.37
202512,A05766,card,-3355.19
202512,A05767,saving,16170.51
202512,A05768,chequing,1613.6
202512,A05769,investment,0
202512,A05770,investment,124715.6
202512,A05771,investment,898018.5
202512,A05772,investment,0
202512,A05773,chequing,0
202512,A05774,investment,61454.24
202512,A05775,saving,4207.67
202512,A05776,lending,27419.25
202512,A05777,saving,11946.57
202512,A05778,chequing,8876.85
202512,A05779,chequing,8329.1
202512,A05780,mortgage,141417.7
202512,A05781,mortgage,0
202512,A05782,mortgage,331425.42
202512,A05783,investment,123719.8
202512,A05784,mortgage,306893.41
202512,A05785,chequing,17020.96
202512,A05786,saving,11223.95
202512,A05787,investment,34806.18
202512,A05788,card,-707.43
202512,A05789,card,-2960
202512,A05790,investment,79107.52
202512,A05791,investment,0
202512,A05792,investment,0
202512,A05793,investment,643602.52
202512,A05794,lending,48033.51
202512,A05795,investment,303093.55
202512,A05796,chequing,5891.81
202512,A05797,saving,10214.53
202512,A05798,lending,0
202512,A05799,investment,636967.9
202512,A05800,investment,221858.07
202512,A05801,investment,259547.97
202512,A05802,investment,212296.27
202512,A05803,investment,156222.16
202512,A05804,investment,309419.17
202512,A05805,investment,164519.82
202512,A05806,chequing,131.97
202512,A05807,chequing,13962.92
202512,A05808,investment,76591.74
202512,A05809,investment,824773.14
202512,A05810,mortgage,311457.63
202512,A05811,mortgage,133033.81
202512,A05812,chequing,19229.05
202512,A05813,mortgage,492464.8
202512,A05814,chequing,0
202512,A05815,investment,237424.86
202512,A05816,saving,6504.48
202512,A05817,investment,35708.96
202512,A05818,investment,0
202512,A05819,investment,340490.14
202512,A05820,lending,29900.05
202512,A05821,mortgage,143465.42
202512,A05822,investment,748844.55
202512,A05823,mortgage,199323.43
202512,A05824,investment,254398.26
202512,A05825,investment,431644.9
202512,A05826,chequing,15012.75
202512,A05827,chequing,7123.53
202512,A05828,chequing,6138.52
202512,A05829,chequing,2705.82
202512,A05830,investment,901676.53
202512,A05831,mortgage,306053.83
202512,A05832,investment,131206.24
202512,A05833,saving,7608.33
202512,A05834,lending,46603.92
202512,A05835,lending,10714.57
202512,A05836,investment,0
202512,A05837,investment,263252.45
202512,A05838,chequing,6114.47
202512,A05839,lending,11920.13
202512,A05840,chequing,902.24
202512,A05841,chequing,9567.92
202512,A05842,investment,544960.04
202512,A05843,investment,673855.75
202512,A05844,investment,836593.29
202512,A05845,chequing,16801.86
202512,A05846,card,-3785.06
202512,A05847,chequing,16642.55
202512,A05848,investment,0
202512,A05849,chequing,8221.32
202512,A05850,chequing,6516.41
202512,A05851,card,-2650.46
202512,A05852,investment,806158.35
202512,A05853,chequing,7456.31
202512,A05854,mortgage,196448.94
202512,A05855,card,0
202512,A05856,investment,192570.51
202512,A05857,chequing,11853.25
202512,A05858,card,-1946.43
202512,A05859,lending,0
202512,A05860,chequing,6215.87
202512,A05861,chequing,3545.92
202512,A05862,lending,0
202512,A05863,mortgage,281050.12
202512,A05864,mortgage,400816.2
202512,A05865,investment,410741.38
202512,A05866,chequing,2574.4
202512,A05867,saving,8936.19
202512,A05868,investment,902163.15
202512,A05869,investment,0
202512,A05870,chequing,15168.41
202512,A05871,investment,0
202512,A05872,chequing,7177.32
202512,A05873,investment,348642.16
202512,A05874,investment,904110.68
202512,A05875,investment,162555.78
202512,A05876,investment,532144.88
202512,A05877,investment,322056.69
202512,A05878,chequing,4920.77
202512,A05879,card,-1512.6
202512,A05880,chequing,3439.47
202512,A05881,saving,3749.47
202512,A05882,investment,897879.71
202512,A05883,investment,130756.32
202512,A05884,lending,11460.62
202512,A05885,mortgage,445854.18
202512,A05886,investment,783578.59
202512,A05887,investment,384110.53
202512,A05888,investment,493469.58
202512,A05889,saving,4386.97
202512,A05890,lending,21154.42
202512,A05891,chequing,5353.51
202512,A05892,chequing,15027.23
202512,A05893,investment,0
202512,A05894,saving,18378.22
202512,A05895,investment,711822.89
202512,A05896,lending,48680.34
202512,A05897,card,-1841.13
202512,A05898,card,-840.9
202512,A05899,chequing,1311.34
202512,A05900,chequing,7272.07
202512,A05901,card,0
202512,A05902,card,-1134.28
202512,A05903,saving,2170.99
202512,A05904,saving,42970.3
202512,A05905,investment,43575.16
202512,A05906,investment,293014.46
202512,A05907,chequing,6234.96
202512,A05908,saving,17732.28
202512,A05909,investment,658156.09
202512,A05910,investment,608817.77
202512,A05911,chequing,6710.91
202512,A05912,chequing,2927.94
202512,A05913,investment,444044.62
202512,A05914,lending,36664.8
202512,A05915,investment,681535.99
202512,A05916,saving,13204.86
202512,A05917,chequing,2516.32
202512,A05918,saving,18985.98
202512,A05919,investment,218705.93
202512,A05920,chequing,1860.16
202512,A05921,lending,20465.02
202512,A05922,investment,273588.12
202512,A05923,mortgage,297055.52
202512,A05924,card,-4890.77
202512,A05925,investment,38496.74
202512,A05926,card,-1569.73
202512,A05927,mortgage,125801.79
202512,A05928,lending,37442.46
202512,A05929,investment,997242.96
202512,A05930,chequing,0
202512,A05931,saving,36938.14
202512,A05932,card,-1656.14
202512,A05933,card,-3813.64
202512,A05934,mortgage,162459.67
202512,A05935,card,-4725.34
202512,A05936,investment,745974.29
202512,A05937,lending,31394.63
202512,A05938,lending,11179.11
202512,A05939,investment,548652.11
202512,A05940,saving,0
202512,A05941,chequing,0
202512,A05942,lending,13068.25
202512,A05943,investment,529782.54
202512,A05944,investment,63948.05
202512,A05945,investment,0
202512,A05946,chequing,9879.96
202512,A05947,chequing,4225.78
202512,A05948,saving,18373.26
202512,A05949,saving,0
202512,A05950,investment,232729.22
202512,A05951,saving,7670.47
202512,A05952,investment,0
202512,A05953,mortgage,362625.15
202512,A05954,lending,20712.51
202512,A05955,saving,0
202512,A05956,saving,40094.31
202512,A05957,investment,0
202512,A05958,lending,33741.95
202512,A05959,investment,617369.94
202512,A05960,investment,993228.59
202512,A05961,chequing,2117.3
202512,A05962,investment,353149.79
202512,A05963,investment,671900.42
202512,A05964,investment,663378.96
202512,A05965,investment,57781.98
202512,A05966,saving,20903.22
202512,A05967,investment,790172.1
202512,A05968,investment,0
202512,A05969,investment,826140.25
202512,A05970,investment,41917.69
202512,A05971,lending,17770.46
202512,A05972,saving,2564.77
202512,A05973,card,-4743.94
202512,A05974,mortgage,237445.58
202512,A05975,lending,40849.46
202512,A05976,mortgage,228575.77
202512,A05977,chequing,15077.74
202512,A05978,chequing,4228.16
202512,A05979,chequing,3695.31
202512,A05980,chequing,12170.81
202512,A05981,card,-2356.28
202512,A05982,investment,210873.31
202512,A05983,chequing,14069.33
202512,A05984,lending,49644.55
202512,A05985,chequing,9834.21
202512,A05986,chequing,851.47
202512,A05987,lending,37281.64
202512,A05988,investment,667815.7
202512,A05989,saving,7476.19
202512,A05990,investment,275674.45
202512,A05991,investment,755749.47
202512,A05992,investment,933057.92
202512,A05993,saving,0
202512,A05994,mortgage,107536.66
202512,A05995,investment,553016.15
202512,A05996,investment,287541.47
202512,A05997,investment,797022.54
202512,A05998,chequing,13329.26
202512,A05999,investment,270657.31
202512,A06000,saving,11041.79
202512,A06001,saving,9862.46
202512,A06002,saving,0
202512,A06003,mortgage,189626.02
202512,A06004,investment,575935.51
202512,A06005,mortgage,247867.69
202512,A06006,chequing,11053.14
202512,A06007,investment,162608.51
202512,A06008,investment,666321.22
202512,A06009,card,-222.49
202512,A06010,lending,30500.33
202512,A06011,investment,530311.89
202512,A06012,chequing,3202.49
202512,A06013,investment,290360.11
202512,A06014,investment,700615.1
202512,A06015,chequing,2631.88
202512,A06016,card,0
202512,A06017,lending,20004.43
202512,A06018,chequing,10180.49
202512,A06019,card,-3461.95
202512,A06020,saving,9683.7
202512,A06021,investment,277746.15
202512,A06022,lending,22289.43
202512,A06023,saving,7372.12
202512,A06024,saving,6241.36
202512,A06025,chequing,17077.96
202512,A06026,chequing,11501.65
202512,A06027,mortgage,239981.54
202512,A06028,investment,29759.52
202512,A06029,chequing,5231.93
202512,A06030,card,-2175.46
202512,A06031,investment,410852.05
202512,A06032,mortgage,363904.78
202512,A06033,investment,792093.28
202512,A06034,saving,18258.4
202512,A06035,chequing,6986.79
202512,A06036,investment,188360.4
202512,A06037,investment,643464.25
202512,A06038,card,-1990.89
202512,A06039,saving,43859.19
202512,A06040,mortgage,317210.3
202512,A06041,saving,0
202512,A06042,lending,26384.19
202512,A06043,chequing,9286.9
202512,A06044,mortgage,411104.57
202512,A06045,investment,882343.54
202512,A06046,chequing,1181.47
202512,A06047,chequing,15431.6
202512,A06048,investment,704450.99
202512,A06049,investment,652285.88
202512,A06050,chequing,8861.71
202512,A06051,lending,0
202512,A06052,investment,433995.13
202512,A06053,investment,91576.95
202512,A06054,investment,891120.75
202512,A06055,saving,11647.93
202512,A06056,chequing,6599.51
202512,A06057,card,-494.86
202512,A06058,chequing,9734.33
202512,A06059,chequing,7409.14
202512,A06060,investment,156200.91
202512,A06061,card,-323.56
202512,A06062,lending,37536.77
202512,A06063,card,-2749.7
202512,A06064,lending,45682.28
202512,A06065,investment,0
202512,A06066,saving,24500.8
202512,A06067,lending,0
202512,A06068,lending,12951.21
202512,A06069,card,-4891.72
202512,A06070,investment,526981.19
202512,A06071,investment,919288.39
202512,A06072,investment,89231.48
202512,A06073,investment,100962.25
202512,A06074,saving,12453.77
202512,A06075,investment,429168.4
202512,A06076,investment,408057.24
202512,A06077,investment,579875.45
202512,A06078,chequing,13313.82
202512,A06079,investment,562677.97
202512,A06080,card,-2094.6
202512,A06081,chequing,19839.36
202512,A06082,investment,773905.87
202512,A06083,investment,65922.92
202512,A06084,saving,7531.46
202512,A06085,investment,0
202512,A06086,investment,72756.37
202512,A06087,investment,675578.46
202512,A06088,chequing,4714.74
202512,A06089,investment,829954.97
202512,A06090,chequing,5840.09
202512,A06091,chequing,6472.99
202512,A06092,chequing,14345.35
202512,A06093,chequing,4417.3
202512,A06094,lending,20908.43
202512,A06095,investment,78482.78
202512,A06096,investment,21504.15
202512,A06097,saving,12750.68
202512,A06098,mortgage,235157.28
202512,A06099,investment,608175.86
202512,A06100,mortgage,118027.83
202512,A06101,investment,594488.44
202512,A06102,investment,29100.44
202512,A06103,saving,17769.05
202512,A06104,mortgage,313669.5
202512,A06105,investment,133899.7
202512,A06106,chequing,4722.25
202512,A06107,saving,0
202512,A06108,card,-49.6
202512,A06109,lending,14310.23
202512,A06110,lending,48265.5
202512,A06111,lending,33427.83
202512,A06112,investment,817474.19
202512,A06113,investment,0
202512,A06114,mortgage,402480
202512,A06115,lending,32052.97
202512,A06116,investment,96900.18
202512,A06117,mortgage,174028.8
202512,A06118,investment,19794.15
202512,A06119,investment,126259.38
202512,A06120,investment,614507.22
202512,A06121,investment,377135.25
202512,A06122,investment,730613.88
202512,A06123,lending,18236.02
202512,A06124,investment,37364.93
202512,A06125,mortgage,420239.67
202512,A06126,mortgage,0
202512,A06127,lending,0
202512,A06128,investment,703462.97
202512,A06129,card,-2698.93
202512,A06130,lending,0
202512,A06131,chequing,0
202512,A06132,investment,471157.05
202512,A06133,investment,705362.81
202512,A06134,saving,19544.55
202512,A06135,saving,45855.1
202512,A06136,card,-2016.56
202512,A06137,mortgage,340036.6
202512,A06138,investment,832669.88
202512,A06139,mortgage,54482.24
202512,A06140,investment,607902.04
202512,A06141,saving,9159.26
202512,A06142,chequing,7651.85
202512,A06143,investment,384895.77
202512,A06144,investment,103242.79
202512,A06145,lending,49204.67
202512,A06146,investment,645447.49
202512,A06147,chequing,6143.64
202512,A06148,investment,746384.93
202512,A06149,saving,28551.26
202512,A06150,saving,7434.07
202512,A06151,investment,5025.03
202512,A06152,chequing,7916.69
202512,A06153,chequing,9179.77
202512,A06154,investment,160899.41
202512,A06155,saving,39959
202512,A06156,saving,0
202512,A06157,saving,15698.68
202512,A06158,mortgage,402713.74
202512,A06159,investment,73827.72
202512,A06160,lending,17092.5
202512,A06161,investment,237668.78
202512,A06162,saving,0
202512,A06163,lending,44838.12
202512,A06164,mortgage,237380.37
202512,A06165,saving,18518.5
202512,A06166,chequing,15920.37
202512,A06167,card,-2347.33
202512,A06168,card,-2854.46
202512,A06169,lending,4500.76
202512,A06170,investment,505656.59
202512,A06171,chequing,6758.37
202512,A06172,investment,157559.15
202512,A06173,chequing,8521.27
202512,A06174,chequing,7381.15
202512,A06175,investment,0
202512,A06176,card,-4735.61
202512,A06177,investment,296222.01
202512,A06178,chequing,0
202512,A06179,mortgage,0
202512,A06180,lending,34996.34
202512,A06181,investment,415366.35
202512,A06182,investment,460269.46
202512,A06183,investment,770697.47
202512,A06184,lending,34643.91
202512,A06185,mortgage,432804.25
202512,A06186,investment,464226.68
202512,A06187,chequing,14359.64
202512,A06188,investment,390597.56
202512,A06189,chequing,9062.58
202512,A06190,investment,269160.5
202512,A06191,card,-4839.3
202512,A06192,chequing,1124.84
202512,A06193,investment,0
202512,A06194,mortgage,144600.74
202512,A06195,mortgage,113566.74
202512,A06196,saving,27799.85
202512,A06197,lending,45318.88
202512,A06198,investment,561511
202512,A06199,lending,18846.32
202512,A06200,lending,6723.96
202512,A06201,card,-3208.15
202512,A06202,lending,13538.57
202512,A06203,investment,108751.91
202512,A06204,investment,38355.99
202512,A06205,chequing,9539.69
202512,A06206,chequing,9746.25
202512,A06207,chequing,0
202512,A06208,investment,86741.63
202512,A06209,investment,590773.38
202512,A06210,lending,32705.42
202512,A06211,chequing,3503.65
202512,A06212,lending,17199.58
202512,A06213,chequing,8400.06
202512,A06214,chequing,4094.14
202512,A06215,card,-3551.66
202512,A06216,chequing,1147.47
202512,A06217,chequing,5253.54
202512,A06218,investment,0
202512,A06219,investment,202045.76
202512,A06220,mortgage,290110.53
202512,A06221,lending,0
202512,A06222,investment,273635.12
202512,A06223,card,-2487.19
202512,A06224,card,-2905.1
202512,A06225,card,-1204.63
202512,A06226,investment,148966.13
202512,A06227,saving,17203.57
202512,A06228,mortgage,193933.9
202512,A06229,lending,39330.38
202512,A06230,investment,0
202512,A06231,mortgage,258287.1
202512,A06232,investment,81229.19
202512,A06233,investment,976972.7
202512,A06234,investment,479841.7
202512,A06235,investment,0
202512,A06236,saving,4400
202512,A06237,mortgage,0
202512,A06238,investment,921813.19
202512,A06239,card,-459.03
202512,A06240,lending,21908.63
202512,A06241,chequing,12383.51
202512,A06242,card,0
202512,A06243,chequing,16574.38
202512,A06244,lending,40514.88
202512,A06245,investment,76718.89
202512,A06246,card,-608.89
202512,A06247,chequing,4008.17
202512,A06248,chequing,17158.9
202512,A06249,mortgage,207015.28
202512,A06250,investment,851517.29
202512,A06251,investment,922552.03
202512,A06252,saving,45985.99
202512,A06253,investment,498102.33
202512,A06254,investment,208107.44
202512,A06255,chequing,3606.61
202512,A06256,card,-4067.38
202512,A06257,investment,477937.47
202512,A06258,chequing,13216.81
202512,A06259,saving,32819.04
202512,A06260,saving,3578.11
202512,A06261,chequing,616.97
202512,A06262,investment,596128.14
202512,A06263,investment,774967.71
202512,A06264,chequing,8684.86
202512,A06265,investment,296556.75
202512,A06266,lending,19918.83
202512,A06267,investment,660758.02
202512,A06268,chequing,11598.42
202512,A06269,investment,0
202512,A06270,card,-3693.55
202512,A06271,chequing,13924.69
202512,A06272,investment,280599.48
202512,A06273,investment,770291.9
202512,A06274,card,-3742.71
202512,A06275,lending,20387.7
202512,A06276,chequing,0
202512,A06277,investment,858928.84
202512,A06278,saving,26707.34
202512,A06279,chequing,2480.18
202512,A06280,saving,36511.95
202512,A06281,chequing,5126.76
202512,A06282,mortgage,428911.95
202512,A06283,lending,6795.4
202512,A06284,mortgage,55469.03
202512,A06285,lending,0
202512,A06286,investment,140150.34
202512,A06287,investment,606290.47
202512,A06288,investment,771282.73
202512,A06289,investment,0
202512,A06290,investment,604660.28
202512,A06291,investment,23054.1
202512,A06292,chequing,5532.03
202512,A06293,saving,6215.58
202512,A06294,chequing,16352.04
202512,A06295,lending,30913.32
202512,A06296,mortgage,499802.3
202512,A06297,investment,477343.83
202512,A06298,chequing,13598.35
202512,A06299,investment,340594.64
202512,A06300,investment,99442.5
202512,A06301,investment,949198.07
202512,A06302,mortgage,143406.08
202512,A06303,lending,49515.58
202512,A06304,investment,604145.16
202512,A06305,investment,631215.78
202512,A06306,chequing,0
202512,A06307,investment,53293.87
202512,A06308,chequing,14314.61
202512,A06309,card,-1989.81
202512,A06310,chequing,8427.16
202512,A06311,mortgage,0
202512,A06312,mortgage,445742.73
202512,A06313,investment,557346.98
202512,A06314,chequing,17831.64
202512,A06315,investment,219862.09
202512,A06316,mortgage,0
202512,A06317,lending,33813.03
202512,A06318,mortgage,466513.32
202512,A06319,lending,3220.58
202512,A06320,investment,2874.77
202512,A06321,mortgage,105950.64
202512,A06322,investment,389409.73
202512,A06323,saving,9607.37
202512,A06324,investment,223754.36
202512,A06325,chequing,18051.27
202512,A06326,card,-2233.43
202512,A06327,investment,826046.43
202512,A06328,investment,180563.19
202512,A06329,mortgage,92424.21
202512,A06330,investment,726931.13
202512,A06331,card,-4684.35
202512,A06332,investment,558165.76
202512,A06333,chequing,15989.47
202512,A06334,chequing,5951.12
202512,A06335,investment,851991.55
202512,A06336,investment,131825.9
202512,A06337,chequing,6462.03
202512,A06338,investment,39420.79
202512,A06339,investment,251414
202512,A06340,investment,654545.25
202512,A06341,chequing,19524.3
202512,A06342,investment,642411.9
202512,A06343,investment,349440.18
202512,A06344,investment,615847.69
202512,A06345,card,0
202512,A06346,chequing,9279.91
202512,A06347,card,0
202512,A06348,saving,0
202512,A06349,lending,48510.89
202512,A06350,investment,0
202512,A06351,investment,946414.17
202512,A06352,investment,66164.51
202512,A06353,chequing,9143.25
202512,A06354,mortgage,191325.7
202512,A06355,card,-1222.94
202512,A06356,saving,13730.4
202512,A06357,saving,31240.2
202512,A06358,card,-3680.54
202512,A06359,chequing,1244.91
202512,A06360,saving,19308.32
202512,A06361,lending,35349.33
202512,A06362,chequing,0
202512,A06363,investment,0
202512,A06364,card,-934.27
202512,A06365,saving,9591.64
202512,A06366,chequing,5506.49
202512,A06367,investment,723537.6
202512,A06368,lending,27092.78
202512,A06369,lending,43287.61
202512,A06370,investment,24065.48
202512,A06371,card,-126.76
202512,A06372,investment,37915.44
202512,A06373,chequing,17454.3
202512,A06374,lending,44696.42
202512,A06375,card,-1106.49
202512,A06376,card,-1680.59
202512,A06377,investment,753600.38
202512,A06378,chequing,9289.69
202512,A06379,lending,28022.45
202512,A06380,card,0
202512,A06381,investment,14932.15
202512,A06382,mortgage,220974.35
202512,A06383,mortgage,490176.83
202512,A06384,investment,860284.8
202512,A06385,card,-3679.92
202512,A06386,mortgage,224235.07
202512,A06387,investment,352460.46
202512,A06388,saving,10974.57
202512,A06389,investment,416883.68
202512,A06390,card,-4995.76
202512,A06391,saving,48340.59
202512,A06392,card,-754.67
202512,A06393,chequing,7854.06
202512,A06394,chequing,18514.73
202512,A06395,mortgage,168557.61
202512,A06396,chequing,5368.29
202512,A06397,investment,785521.53
202512,A06398,investment,496178.49
202512,A06399,mortgage,477931.97
202512,A06400,investment,861087.83
202512,A06401,saving,9260.68
202512,A06402,investment,995983.24
202512,A06403,investment,754258.88
202512,A06404,lending,43061.97
202512,A06405,chequing,3928.34
202512,A06406,mortgage,178569.33
202512,A06407,card,-1220.71
202512,A06408,investment,835917.15
202512,A06409,saving,5693.07
202512,A06410,investment,442055.11
202512,A06411,chequing,5527.21
202512,A06412,investment,17696.37
202512,A06413,saving,15205.12
202512,A06414,saving,6401.84
202512,A06415,investment,27588.96
202512,A06416,investment,493775.83
202512,A06417,investment,782098.15
202512,A06418,card,0
202512,A06419,saving,2835.84
202512,A06420,investment,242537.42
202512,A06421,mortgage,71149.41
202512,A06422,lending,10522.02
202512,A06423,chequing,8840.48
202512,A06424,lending,1223.89
202512,A06425,investment,128626.62
202512,A06426,investment,188429.66
202512,A06427,chequing,17482.51
202512,A06428,investment,357926.46
202512,A06429,investment,79982.19
202512,A06430,saving,5474.2
202512,A06431,investment,356073.24
202512,A06432,investment,110346.18
202512,A06433,investment,345598.13
202512,A06434,saving,45775.47
202512,A06435,saving,10024.19
202512,A06436,saving,2780.95
202512,A06437,investment,631847.17
202512,A06438,investment,19530.67
202512,A06439,saving,48801.87
202512,A06440,mortgage,251282.17
202512,A06441,lending,38647.56
202512,A06442,investment,159149.83
202512,A06443,lending,25116.34
202512,A06444,mortgage,178941.93
202512,A06445,investment,858987.16
202512,A06446,saving,0
202512,A06447,investment,83707.43
202512,A06448,investment,13292.27
202512,A06449,chequing,12835.45
202512,A06450,chequing,12602.91
202512,A06451,investment,761146.99
202512,A06452,investment,0
202512,A06453,investment,987655.85
202512,A06454,card,-1801.71
202512,A06455,investment,475879.41
202512,A06456,card,0
202512,A06457,saving,0
202512,A06458,investment,156507.95
202512,A06459,investment,1271.31
202512,A06460,investment,695843.43
202512,A06461,saving,5292.82
202512,A06462,investment,0
202512,A06463,card,-4002.48
202512,A06464,chequing,7012.22
202512,A06465,chequing,2442.6
202512,A06466,investment,0
202512,A06467,chequing,12762.13
202512,A06468,investment,831709.7
202512,A06469,investment,601820.25
202512,A06470,investment,980303.27
202512,A06471,investment,838471.94
202512,A06472,chequing,1907.98
202512,A06473,lending,41234.79
202512,A06474,investment,778994.56
202512,A06475,investment,100593.52
202512,A06476,saving,2927.68
202512,A06477,investment,373177.52
202512,A06478,investment,737828.59
202512,A06479,card,-4204
202512,A06480,lending,22849.1
202512,A06481,mortgage,420722.44
202512,A06482,card,0
202512,A06483,investment,26025.65
202512,A06484,chequing,0
202512,A06485,investment,960212.89
202512,A06486,chequing,17395.62
202512,A06487,lending,15979.33
202512,A06488,mortgage,482260.79
202512,A06489,investment,368607.73
202512,A06490,chequing,10107.54
202512,A06491,investment,865101.17
202512,A06492,investment,874702.14
202512,A06493,lending,25727.18
202512,A06494,investment,666528.45
202512,A06495,chequing,8431.68
202512,A06496,saving,11415.63
202512,A06497,chequing,10299.42
202512,A06498,chequing,11348.6
202512,A06499,investment,79349.64
202512,A06500,investment,864499.79
202512,A06501,chequing,8613.64
202512,A06502,chequing,123.9
202512,A06503,investment,664217.28
202512,A06504,card,-1520.27
202512,A06505,chequing,7591.77
202512,A06506,card,0
202512,A06507,card,-800.83
202512,A06508,investment,648982.69
202512,A06509,chequing,8344.39
202512,A06510,chequing,5543.11
202512,A06511,lending,29827.78
202512,A06512,lending,28891.91
202512,A06513,investment,392865.85
202512,A06514,saving,11863.45
202512,A06515,card,-1565.19
202512,A06516,investment,0
202512,A06517,chequing,4886.46
202512,A06518,chequing,6278.23
202512,A06519,saving,6066.91
202512,A06520,card,0
202512,A06521,investment,317518.27
202512,A06522,saving,9238.22
202512,A06523,investment,856220.74
202512,A06524,investment,863160.57
202512,A06525,investment,527308.46
202512,A06526,mortgage,492523.77
202512,A06527,investment,295416.13
202512,A06528,chequing,0
202512,A06529,investment,597450.85
202512,A06530,chequing,8467.24
202512,A06531,chequing,8074.1
202512,A06532,mortgage,86566.46
202512,A06533,investment,45536.83
202512,A06534,chequing,5273.19
202512,A06535,investment,801932.81
202512,A06536,chequing,3519.73
202512,A06537,investment,409228.11
202512,A06538,investment,580108.75
202512,A06539,saving,13740.55
202512,A06540,chequing,3187.11
202512,A06541,saving,4057.1
202512,A06542,chequing,15407.7
202512,A06543,investment,8768.76
202512,A06544,investment,839933.09
202512,A06545,saving,11913.04
202512,A06546,card,-2975.98
202512,A06547,saving,12663.58
202512,A06548,investment,828566.03
202512,A06549,investment,520713.82
202512,A06550,mortgage,420595.54
202512,A06551,mortgage,440459.35
202512,A06552,investment,264907.01
202512,A06553,chequing,6402.61
202512,A06554,saving,1425.27
202512,A06555,investment,72667.77
202512,A06556,investment,242462.21
202512,A06557,mortgage,0
202512,A06558,investment,761388.87
202512,A06559,lending,28081.98
202512,A06560,saving,9832.76
202512,A06561,investment,297372.44
202512,A06562,chequing,0
202512,A06563,investment,962337.78
202512,A06564,investment,399176.36
202512,A06565,investment,16021.23
202512,A06566,investment,768608.32
202512,A06567,investment,259082.24
202512,A06568,investment,218612.34
202512,A06569,investment,810643.2
202512,A06570,mortgage,328318.4
202512,A06571,investment,358034.26
202512,A06572,investment,397842.18
202512,A06573,investment,179196.65
202512,A06574,card,-4383.2
202512,A06575,investment,20546.55
202512,A06576,chequing,4395.43
202512,A06577,saving,10552.71
202512,A06578,saving,3419.24
202512,A06579,investment,798895.83
202512,A06580,investment,389104.33
202512,A06581,investment,746881.99
202512,A06582,investment,398002.94
202512,A06583,saving,41404.56
202512,A06584,saving,24420.51
202512,A06585,chequing,2130.49
202512,A06586,chequing,10807.35
202512,A06587,saving,9949.17
202512,A06588,lending,22632.59
202512,A06589,mortgage,213634.7
202512,A06590,investment,50816.55
202512,A06591,investment,19118.31
202512,A06592,card,-2770.56
202512,A06593,chequing,5515.17
202512,A06594,chequing,9111.04
202512,A06595,mortgage,130964.61
202512,A06596,investment,66451.51
202512,A06597,investment,0
202512,A06598,saving,9500.14
202512,A06599,investment,743789.67
202512,A06600,card,-2915.88
202512,A06601,investment,639514.22
202512,A06602,chequing,3032.6
202512,A06603,investment,0
202512,A06604,saving,0
202512,A06605,chequing,3843.18
202512,A06606,card,0
202512,A06607,investment,98542.39
202512,A06608,chequing,17849.81
202512,A06609,investment,667913.62
202512,A06610,investment,968002.16
202512,A06611,chequing,14162.55
202512,A06612,investment,85903.21
202512,A06613,saving,9017.15
202512,A06614,card,-927.58
202512,A06615,investment,724731.35
202512,A06616,saving,4645.34
202512,A06617,card,-933.79
202512,A06618,investment,53563.38
202512,A06619,investment,518904.09
202512,A06620,investment,116395.98
202512,A06621,saving,19015.28
202512,A06622,lending,36820.9
202512,A06623,saving,8801.86
202512,A06624,chequing,7612.17
202512,A06625,saving,14810.13
202512,A06626,lending,12744.69
202512,A06627,mortgage,153675.92
202512,A06628,investment,386141.14
202512,A06629,chequing,11519.21
202512,A06630,investment,301535.86
202512,A06631,investment,106960.72
202512,A06632,investment,149274.08
202512,A06633,card,-1880.49
202512,A06634,saving,5173.2
202512,A06635,card,-1043.45
202512,A06636,mortgage,351511.62
202512,A06637,lending,33253.81
202512,A06638,investment,93426.86
202512,A06639,investment,329711.18
202512,A06640,lending,0
202512,A06641,chequing,9857.63
202512,A06642,investment,62784.28
202512,A06643,investment,717062.83
202512,A06644,investment,581574.69
202512,A06645,investment,220863.61
202512,A06646,investment,845965.12
202512,A06647,chequing,5349.32
202512,A06648,saving,40672.13
202512,A06649,lending,33177.17
202512,A06650,saving,12951.44
202512,A06651,lending,16289.99
202512,A06652,chequing,6995.44
202512,A06653,investment,554566.92
202512,A06654,investment,60976.11
202512,A06655,saving,0
202512,A06656,investment,922278.13
202512,A06657,mortgage,357258.9
202512,A06658,investment,873153.64
202512,A06659,saving,9732.51
202512,A06660,investment,949390.66
202512,A06661,investment,224199.45
202512,A06662,saving,5114.15
202512,A06663,investment,633284.34
202512,A06664,investment,171169.87
202512,A06665,investment,54014.19
202512,A06666,card,-2249.51
202512,A06667,chequing,9738.8
202512,A06668,card,-2514.02
202512,A06669,chequing,1546.5
202512,A06670,investment,90963.56
202512,A06671,lending,32670.73
202512,A06672,mortgage,197134.13
202512,A06673,investment,500741.67
202512,A06674,lending,24965.83
202512,A06675,investment,696892.05
202512,A06676,investment,742646.76
202512,A06677,investment,288993.28
202512,A06678,investment,986663.13
202512,A06679,chequing,0
202512,A06680,card,-3301.2
202512,A06681,investment,815146.88
202512,A06682,lending,1458.69
202512,A06683,lending,47184.57
202512,A06684,chequing,7442.8
202512,A06685,investment,37255.7
202512,A06686,saving,0
202512,A06687,investment,74306.98
202512,A06688,chequing,18672.76
202512,A06689,mortgage,382282.66
202512,A06690,investment,811173.88
202512,A06691,chequing,0
202512,A06692,chequing,3496.06
202512,A06693,investment,499269.19
202512,A06694,investment,469742.08
202512,A06695,investment,687278.18
202512,A06696,mortgage,447058.1
202512,A06697,investment,0
202512,A06698,investment,31594.18
202512,A06699,lending,0
202512,A06700,investment,2174.6
202512,A06701,investment,306328
202512,A06702,investment,98893.56
202512,A06703,chequing,7538.35
202512,A06704,card,-2639.55
202512,A06705,chequing,2608.31
202512,A06706,investment,0
202512,A06707,chequing,17555.52
202512,A06708,investment,642051.22
202512,A06709,saving,8133.35
202512,A06710,mortgage,411632.33
202512,A06711,investment,481412.79
202512,A06712,saving,0
202512,A06713,investment,180060.3
202512,A06714,chequing,18058.56
202512,A06715,lending,28082.93
202512,A06716,mortgage,0
202512,A06717,mortgage,232687.64
202512,A06718,chequing,11918.8
202512,A06719,chequing,19645.99
202512,A06720,investment,676060.31
202512,A06721,mortgage,113296.8
202512,A06722,saving,0
202512,A06723,saving,15347
202512,A06724,card,0
202512,A06725,investment,244387.87
202512,A06726,investment,339288.15
202512,A06727,mortgage,0
202512,A06728,investment,994159.45
202512,A06729,investment,329056.38
202512,A06730,chequing,7828.63
202512,A06731,lending,47769.57
202512,A06732,lending,18652.26
202512,A06733,chequing,17337.91
202512,A06734,card,-4170.85
202512,A06735,saving,37146.53
202512,A06736,mortgage,276264.01
202512,A06737,card,0
202512,A06738,chequing,8608.26
202512,A06739,investment,528691.97
202512,A06740,chequing,1474.09
202512,A06741,mortgage,352349.04
202512,A06742,card,-4563.28
202512,A06743,investment,644412.4
202512,A06744,investment,73153.84
202512,A06745,mortgage,0
202512,A06746,lending,12529.23
202512,A06747,mortgage,406622.46
202512,A06748,investment,189363.51
202512,A06749,investment,494397.21
202512,A06750,chequing,2665.69
202512,A06751,card,-2930.69
202512,A06752,saving,21172.7
202512,A06753,mortgage,0
202512,A06754,saving,38722.9
202512,A06755,chequing,0
202512,A06756,chequing,13984.19
202512,A06757,chequing,541.1
202512,A06758,investment,911899.56
202512,A06759,lending,36804.08
202512,A06760,card,-2769.86
202512,A06761,investment,251980.37
202512,A06762,lending,14183.59
202512,A06763,chequing,7385.81
202512,A06764,investment,950584.62
202512,A06765,investment,61096.05
202512,A06766,chequing,6689.79
202512,A06767,investment,581347.24
202512,A06768,investment,87604.34
202512,A06769,chequing,8268.94
202512,A06770,investment,454949.04
202512,A06771,card,-2672.17
202512,A06772,investment,181302.88
202512,A06773,mortgage,297401.86
202512,A06774,chequing,2881.22
202512,A06775,chequing,16770.67
202512,A06776,mortgage,284877.6
202512,A06777,investment,30820.67
202512,A06778,mortgage,362039.75
202512,A06779,investment,0
202512,A06780,investment,668146.99
202512,A06781,investment,652324.45
202512,A06782,mortgage,125094.62
202512,A06783,chequing,5986.56
202512,A06784,investment,474369.18
202512,A06785,investment,613704.66
202512,A06786,chequing,0
202512,A06787,lending,2500.28
202512,A06788,investment,75347.66
202512,A06789,saving,22424.57
202512,A06790,investment,0
202512,A06791,investment,983186.02
202512,A06792,card,-3564.55
202512,A06793,lending,10855.81
202512,A06794,lending,46632.27
202512,A06795,chequing,6998.09
202512,A06796,investment,88423.39
202512,A06797,card,-2399.1
202512,A06798,chequing,819.95
202512,A06799,investment,665005.43
202512,A06800,chequing,4829.66
202512,A06801,investment,819648.94
202512,A06802,saving,2629.15
202512,A06803,chequing,6724.78
202512,A06804,saving,17019.68
202512,A06805,mortgage,241824.97
202512,A06806,card,-2124
202512,A06807,saving,22117.26
202512,A06808,chequing,13963.8
202512,A06809,lending,28357.79
202512,A06810,investment,51601.7
202512,A06811,investment,217414.06
202512,A06812,chequing,5439.47
202512,A06813,investment,173737.99
202512,A06814,card,-1165
202512,A06815,investment,101256.59
202512,A06816,chequing,4589.18
202512,A06817,chequing,6060.24
202512,A06818,investment,155254.32
202512,A06819,saving,5236.66
202512,A06820,lending,35337.3
202512,A06821,mortgage,105031.16
202512,A06822,mortgage,0
202512,A06823,card,-466.38
202512,A06824,investment,459134.41
202512,A06825,mortgage,471868.05
202512,A06826,chequing,2504.98
202512,A06827,chequing,7539.86
202512,A06828,mortgage,384835.15
202512,A06829,investment,365323.36
202512,A06830,investment,52606.68
202512,A06831,saving,2058.06
202512,A06832,chequing,1634.73
202512,A06833,mortgage,498365.19
202512,A06834,card,-1658.44
202512,A06835,saving,13482.83
202512,A06836,chequing,1519.43
202512,A06837,investment,913685.03
202512,A06838,lending,24433.08
202512,A06839,investment,240481.47
202512,A06840,investment,498488.66
202512,A06841,investment,624045.15
202512,A06842,saving,13148.91
202512,A06843,lending,5344.68
202512,A06844,investment,244468.29
202512,A06845,card,-2609.46
202512,A06846,card,-2556.09
202512,A06847,chequing,7324.38
202512,A06848,lending,29976.53
202512,A06849,lending,5424.91
202512,A06850,mortgage,460910.84
202512,A06851,saving,23509.31
202512,A06852,investment,6160.17
202512,A06853,chequing,12589.16
202512,A06854,card,-2934.02
202512,A06855,mortgage,440505.77
202512,A06856,chequing,4311.38
202512,A06857,investment,459698.42
202512,A06858,card,-4232.9
202512,A06859,investment,816180.42
202512,A06860,chequing,18449.4
202512,A06861,chequing,12437.09
202512,A06862,saving,14171.37
202512,A06863,saving,3453.04
202512,A06864,saving,4998.19
202512,A06865,investment,142375.75
202512,A06866,investment,759835.16
202512,A06867,chequing,8978.88
202512,A06868,saving,14559.32
202512,A06869,saving,0
202512,A06870,investment,0
202512,A06871,investment,0
202512,A06872,saving,6613.44
202512,A06873,saving,8388.56
202512,A06874,investment,995968.05
202512,A06875,saving,7244.7
202512,A06876,lending,11867.32
202512,A06877,investment,909489.13
202512,A06878,saving,15026.77
202512,A06879,investment,111777.94
202512,A06880,lending,48544.69
202512,A06881,lending,40943.35
202512,A06882,chequing,2705.6
202512,A06883,chequing,8025.64
202512,A06884,investment,749418.74
202512,A06885,investment,726998.69
202512,A06886,investment,95068.51
202512,A06887,investment,310748.85
202512,A06888,investment,106853.06
202512,A06889,investment,352923.85
202512,A06890,chequing,11999.82
202512,A06891,chequing,13155.61
202512,A06892,investment,683264.02
202512,A06893,lending,35025.98
202512,A06894,chequing,7635.98
202512,A06895,chequing,19748.41
202512,A06896,saving,17771.55
202512,A06897,investment,571551.28
202512,A06898,lending,27460.32
202512,A06899,investment,44878.35
202512,A06900,investment,77260.09
202512,A06901,investment,728150.08
202512,A06902,chequing,15559.86
202512,A06903,investment,991203.38
202512,A06904,investment,365012.79
202512,A06905,investment,127316.99
202512,A06906,chequing,7705.58
202512,A06907,investment,161316.18
202512,A06908,saving,9345.29
202512,A06909,chequing,9021.86
202512,A06910,investment,208898.18
202512,A06911,card,-3378.13
202512,A06912,card,-4812.42
202512,A06913,investment,500327.97
202512,A06914,mortgage,127119.62
202512,A06915,investment,15527
202512,A06916,saving,12888.54
202512,A06917,investment,957661.95
202512,A06918,investment,316494.23
202512,A06919,mortgage,99541.22
202512,A06920,investment,362163.07
202512,A06921,investment,444461.22
202512,A06922,mortgage,290533.01
202512,A06923,investment,199096.48
202512,A06924,chequing,0
202512,A06925,chequing,10902.3
202512,A06926,investment,740867.17
202512,A06927,investment,0
202512,A06928,lending,10314.57
202512,A06929,card,-908.41
202512,A06930,chequing,3081.37
202512,A06931,mortgage,411372.06
202512,A06932,investment,892151.25
202512,A06933,card,-638.13
202512,A06934,investment,894583.63
202512,A06935,investment,0
202512,A06936,investment,522611.81
202512,A06937,investment,743660.46
202512,A06938,lending,46749.55
202512,A06939,saving,23550.99
202512,A06940,investment,115968.4
202512,A06941,chequing,817.99
202512,A06942,investment,41182.89
202512,A06943,chequing,0
202512,A06944,investment,673232
202512,A06945,mortgage,86906.92
202512,A06946,chequing,12899.78
202512,A06947,saving,0
202512,A06948,investment,0
202512,A06949,mortgage,475829.28
202512,A06950,card,-2509.12
202512,A06951,chequing,7585.16
202512,A06952,card,-96.07
202512,A06953,saving,13346.07
202512,A06954,lending,16694.52
202512,A06955,saving,5744.21
202512,A06956,investment,84408.11
202512,A06957,chequing,9953.65
202512,A06958,investment,45240.95
202512,A06959,chequing,13178.9
202512,A06960,saving,14405.39
202512,A06961,lending,17801.17
202512,A06962,lending,26204.16
202512,A06963,mortgage,68266.21
202512,A06964,investment,82339.92
202512,A06965,lending,5579.99
202512,A06966,mortgage,482339.02
202512,A06967,investment,0
202512,A06968,chequing,15918.07
202512,A06969,investment,174663.69
202512,A06970,card,-505.62
202512,A06971,investment,247549.01
202512,A06972,saving,13109.49
202512,A06973,mortgage,485314.73
202512,A06974,lending,34170.78
202512,A06975,saving,772.38
202512,A06976,chequing,6026.86
202512,A06977,lending,49781.37
202512,A06978,lending,33508.07
202512,A06979,investment,993244.98
202512,A06980,chequing,0
202512,A06981,investment,303485.12
202512,A06982,investment,639092.24
202512,A06983,investment,0
202512,A06984,investment,77849.61
202512,A06985,chequing,18506.62
202512,A06986,lending,15724.17
202512,A06987,mortgage,90541.21
202512,A06988,lending,37890.47
202512,A06989,investment,0
202512,A06990,investment,0
202512,A06991,investment,774030.18
202512,A06992,investment,0
202512,A06993,mortgage,468759.16
202512,A06994,investment,709831.75
202512,A06995,mortgage,56591.84
202512,A06996,card,-763.95
202512,A06997,investment,976385.19
202512,A06998,investment,467453.49
202512,A06999,card,-1890
202512,A07000,investment,211588.1
202512,A07001,lending,5315.87
202512,A07002,chequing,19568.06
202512,A07003,chequing,9360.38
202512,A07004,investment,557112.94
202512,A07005,investment,945544
202512,A07006,investment,122964.07
202512,A07007,chequing,1181.57
202512,A07008,investment,22333.74
202512,A07009,saving,18473.83
202512,A07010,saving,12808.75
202512,A07011,chequing,12974.35
202512,A07012,investment,56483.33
202512,A07013,investment,79461.45
202512,A07014,investment,672247.53
202512,A07015,investment,237761.98
202512,A07016,lending,18107.37
202512,A07017,investment,66537.13
202512,A07018,saving,9267.53
202512,A07019,chequing,6666.25
202512,A07020,investment,0
202512,A07021,chequing,0
202512,A07022,investment,845155.47
202512,A07023,investment,0
202512,A07024,investment,564665.59
202512,A07025,investment,432391.12
202512,A07026,investment,826841.72
202512,A07027,chequing,19341
202512,A07028,lending,27457.06
202512,A07029,saving,0
202512,A07030,investment,67290.3
202512,A07031,card,-937.86
202512,A07032,chequing,8803.43
202512,A07033,investment,171306.05
202512,A07034,chequing,4262.5
202512,A07035,investment,0
202512,A07036,mortgage,239598.55
202512,A07037,saving,45094.26
202512,A07038,investment,666622.87
202512,A07039,saving,2883.33
202512,A07040,investment,899975.85
202512,A07041,investment,610368.48
202512,A07042,mortgage,395778.44
202512,A07043,investment,925246.18
202512,A07044,card,-4014.28
202512,A07045,investment,427070.54
202512,A07046,investment,205999.23
202512,A07047,chequing,18425.12
202512,A07048,chequing,8523.22
202512,A07049,saving,542.36
202512,A07050,investment,830378.39
202512,A07051,chequing,4021.82
202512,A07052,chequing,8120.45
202512,A07053,investment,400001.75
202512,A07054,investment,315608.96
202512,A07055,saving,5220.72
202512,A07056,investment,649051.8
202512,A07057,investment,960937.73
202512,A07058,investment,106595.31
202512,A07059,mortgage,0
202512,A07060,lending,24175.74
202512,A07061,investment,838548.59
202512,A07062,investment,0
202512,A07063,lending,42188.27
202512,A07064,chequing,18793.76
202512,A07065,mortgage,172171.83
202512,A07066,investment,172421.45
202512,A07067,investment,692779.5
202512,A07068,investment,0
202512,A07069,chequing,1458.08
202512,A07070,saving,44121.89
202512,A07071,investment,300183.95
202512,A07072,investment,0
202512,A07073,investment,67374.68
202512,A07074,investment,0
202512,A07075,chequing,5257.58
202512,A07076,investment,597003.61
202512,A07077,investment,518128.08
202512,A07078,mortgage,449538.1
202512,A07079,investment,344722.28
202512,A07080,investment,332679.53
202512,A07081,mortgage,0
202512,A07082,investment,482430.27
202512,A07083,chequing,10411.49
202512,A07084,saving,16799.91
202512,A07085,investment,328325.53
202512,A07086,investment,5963.29
202512,A07087,investment,742575.89
202512,A07088,investment,61438.39
202512,A07089,investment,0
202512,A07090,mortgage,0
202512,A07091,saving,3676.97
202512,A07092,saving,2097.5
202512,A07093,lending,25554.02
202512,A07094,investment,74771.85
202512,A07095,investment,582707.68
202512,A07096,saving,42168.45
202512,A07097,mortgage,238510.35
202512,A07098,lending,43213.21
202512,A07099,investment,957299.09
202512,A07100,chequing,7885.5
202512,A07101,saving,1126.71
202512,A07102,investment,98481.81
202512,A07103,investment,255510.28
202512,A07104,chequing,11424.22
202512,A07105,investment,229750.73
202512,A07106,investment,0
202512,A07107,saving,13404.39
202512,A07108,investment,834213.11
202512,A07109,investment,418120.33
202512,A07110,investment,664439.86
202512,A07111,chequing,5363.1
202512,A07112,chequing,0
202512,A07113,saving,33917.93
202512,A07114,investment,803637.18
202512,A07115,saving,0
202512,A07116,investment,0
202512,A07117,chequing,15122.19
202512,A07118,investment,587972.21
202512,A07119,investment,200070.56
202512,A07120,chequing,13173.45
202512,A07121,investment,48635.05
202512,A07122,investment,626169.49
202512,A07123,card,-1558.22
202512,A07124,chequing,16792.33
202512,A07125,investment,267966.56
202512,A07126,saving,21654.12
202512,A07127,investment,0
202512,A07128,saving,34882.67
202512,A07129,lending,32868.73
202512,A07130,chequing,18795.88
202512,A07131,card,-4085.86
202512,A07132,investment,610685.33
202512,A07133,investment,847325.58
202512,A07134,investment,490155
202512,A07135,mortgage,489481.55
202512,A07136,investment,83177.59
202512,A07137,card,-4464.05
202512,A07138,chequing,6505.89
202512,A07139,chequing,11362.14
202512,A07140,chequing,10559.24
202512,A07141,saving,520.03
202512,A07142,investment,385384.92
202512,A07143,chequing,2067.59
202512,A07144,chequing,14323.79
202512,A07145,investment,691250.26
202512,A07146,investment,738106.23
202512,A07147,lending,31868.94
202512,A07148,chequing,7296.02
202512,A07149,investment,0
202512,A07150,investment,176617.74
202512,A07151,saving,35494.46
202512,A07152,investment,719597.74
202512,A07153,investment,26968.44
202512,A07154,saving,18664.12
202512,A07155,investment,887968.79
202512,A07156,chequing,6361.7
202512,A07157,card,-1826.93
202512,A07158,card,-1553.88
202512,A07159,investment,511474.53
202512,A07160,card,-2241.27
202512,A07161,chequing,1788.8
202512,A07162,chequing,15268.24
202512,A07163,chequing,0
202512,A07164,saving,12608.92
202512,A07165,investment,823950.18
202512,A07166,card,-3507.11
202512,A07167,investment,63763.68
202512,A07168,saving,0
202512,A07169,saving,0
202512,A07170,saving,19672.57
202512,A07171,card,-2285.96
202512,A07172,saving,0
202512,A07173,chequing,18913.22
202512,A07174,saving,20391.68
202512,A07175,investment,142716.28
202512,A07176,chequing,15778.22
202512,A07177,chequing,3160.94
202512,A07178,card,-4534.93
202512,A07179,lending,39606.29
202512,A07180,card,0
202512,A07181,investment,0
202512,A07182,saving,5658.85
202512,A07183,investment,841655.43
202512,A07184,mortgage,320510.41
202512,A07185,investment,632946.71
202512,A07186,investment,199139.29
202512,A07187,investment,17753.66
202512,A07188,chequing,7034.58
202512,A07189,lending,21555.92
202512,A07190,mortgage,0
202512,A07191,mortgage,412939.26
202512,A07192,investment,460826.49
202512,A07193,investment,321640.99
202512,A07194,lending,39763.5
202512,A07195,investment,71997.49
202512,A07196,saving,14232.59
202512,A07197,chequing,5631.01
202512,A07198,investment,141760.38
202512,A07199,investment,486112.36
202512,A07200,investment,527970.57
202512,A07201,investment,704045.39
202512,A07202,chequing,18497.38
202512,A07203,investment,948625.4
202512,A07204,investment,903973.72
202512,A07205,saving,2994.92
202512,A07206,investment,0
202512,A07207,chequing,7708.98
202512,A07208,mortgage,154390.55
202512,A07209,mortgage,237292.33
202512,A07210,lending,4775.73
202512,A07211,saving,0
202512,A07212,lending,14208.09
202512,A07213,chequing,8136.64
202512,A07214,mortgage,240141.16
202512,A07215,card,-3750.09
202512,A07216,investment,708732.48
202512,A07217,saving,6076.69
202512,A07218,card,-2646.05
202512,A07219,investment,851440.68
202512,A07220,mortgage,267613.39
202512,A07221,chequing,1111.76
202512,A07222,investment,62223.58
202512,A07223,chequing,11269.55
202512,A07224,investment,733858.3
202512,A07225,chequing,3298.57
202512,A07226,chequing,0
202512,A07227,investment,0
202512,A07228,investment,677490.09
202512,A07229,chequing,0
202512,A07230,investment,32764.6
202512,A07231,investment,791327.87
202512,A07232,mortgage,105991
202512,A07233,investment,53115.61
202512,A07234,investment,831958.21
202512,A07235,chequing,3684.77
202512,A07236,saving,10749.73
202512,A07237,saving,10715.88
202512,A07238,saving,5870.53
202512,A07239,investment,264780.09
202512,A07240,chequing,4506.47
202512,A07241,chequing,3479.67
202512,A07242,investment,0
202512,A07243,card,0
202512,A07244,investment,181770.7
202512,A07245,investment,100007.59
202512,A07246,mortgage,122974.35
202512,A07247,chequing,741.42
202512,A07248,saving,1536.13
202512,A07249,lending,14553.91
202512,A07250,investment,97365.55
202512,A07251,investment,99972.05
202512,A07252,investment,352361.39
202512,A07253,chequing,13964.26
202512,A07254,investment,432009.44
202512,A07255,lending,40805.65
202512,A07256,card,0
202512,A07257,investment,855248.57
202512,A07258,investment,462471.86
202512,A07259,chequing,2297.31
202512,A07260,lending,32437.29
202512,A07261,investment,566730.33
202512,A07262,card,0
202512,A07263,investment,138323.1
202512,A07264,mortgage,132553.82
202512,A07265,investment,580451.78
202512,A07266,lending,1129.06
202512,A07267,chequing,17522.75
202512,A07268,investment,282821.77
202512,A07269,investment,460364.78
202512,A07270,investment,845233.09
202512,A07271,investment,0
202512,A07272,chequing,19982.82
202512,A07273,investment,811262.55
202512,A07274,card,-4188.01
202512,A07275,mortgage,111120.65
202512,A07276,card,-4987.66
202512,A07277,chequing,17165.78
202512,A07278,investment,574067.84
202512,A07279,lending,2552.41
202512,A07280,investment,831584.78
202512,A07281,investment,40347.04
202512,A07282,saving,3321.51
202512,A07283,lending,37000.62
202512,A07284,saving,16388.73
202512,A07285,investment,794447.32
202512,A07286,investment,469301.95
202512,A07287,card,-3355.27
202512,A07288,investment,175399.46
202512,A07289,card,-2515.09
202512,A07290,lending,6739.43
202512,A07291,investment,488646.15
202512,A07292,saving,16317.24
202512,A07293,investment,0
202512,A07294,investment,229171.36
202512,A07295,investment,0
202512,A07296,investment,4125.13
202512,A07297,chequing,11694.5
202512,A07298,saving,8241.35
202512,A07299,lending,25627.74
202512,A07300,investment,828858.09
202512,A07301,chequing,18111.08
202512,A07302,lending,15588
202512,A07303,investment,850590.11
202512,A07304,investment,504040.86
202512,A07305,investment,32370.17
202512,A07306,card,-2293.55
202512,A07307,mortgage,258720.19
202512,A07308,investment,956004.74
202512,A07309,chequing,7235.51
202512,A07310,chequing,4449.09
202512,A07311,mortgage,334016.33
202512,A07312,lending,38970.3
202512,A07313,investment,30965.39
202512,A07314,saving,18292.92
202512,A07315,chequing,433.88
202512,A07316,investment,574185.01
202512,A07317,investment,32047.14
202512,A07318,chequing,11043.88
202512,A07319,mortgage,317223.23
202512,A07320,saving,34566.68
202512,A07321,mortgage,369435.81
202512,A07322,card,-2898.07
202512,A07323,card,-2606.67
202512,A07324,investment,0
202512,A07325,saving,13386.17
202512,A07326,investment,441016.9
202512,A07327,saving,10467.79
202512,A07328,mortgage,384912.31
202512,A07329,chequing,6152.65
202512,A07330,lending,37914.96
202512,A07331,investment,172527.98
202512,A07332,investment,82895.35
202512,A07333,investment,0
202512,A07334,card,-735.5
202512,A07335,saving,0
202512,A07336,chequing,0
202512,A07337,chequing,2472.62
202512,A07338,saving,0
202512,A07339,chequing,15317.29
202512,A07340,saving,9246.36
202512,A07341,lending,19442.44
202512,A07342,chequing,16707.67
202512,A07343,investment,0
202512,A07344,mortgage,352020.78
202512,A07345,card,-3563.71
202512,A07346,investment,592715.14
202512,A07347,chequing,13805.56
202512,A07348,investment,179717.44
202512,A07349,chequing,9211.45
202512,A07350,chequing,1265.13
202512,A07351,card,-48.61
202512,A07352,lending,0
202512,A07353,chequing,12733.11
202512,A07354,card,-3506.9
202512,A07355,saving,25795.5
202512,A07356,investment,290211.76
202512,A07357,saving,42808.4
202512,A07358,mortgage,0
202512,A07359,investment,721655.94
202512,A07360,investment,715709.61
202512,A07361,saving,1539.41
202512,A07362,investment,366642.58
202512,A07363,mortgage,230641.1
202512,A07364,investment,657893.48
202512,A07365,investment,913331.18
202512,A07366,chequing,17076.99
202512,A07367,investment,718487.43
202512,A07368,investment,83302.83
202512,A07369,saving,10633.98
202512,A07370,chequing,0
202512,A07371,chequing,9902.35
202512,A07372,mortgage,192890.38
202512,A07373,mortgage,304470.33
202512,A07374,saving,4198.39
202512,A07375,investment,0
202512,A07376,investment,234174.85
202512,A07377,saving,45045.65
202512,A07378,chequing,15819.54
202512,A07379,saving,26270.93
202512,A07380,investment,661270.03
202512,A07381,chequing,8398.58
202512,A07382,saving,22712.09
202512,A07383,saving,41399.48
202512,A07384,investment,435672.47
202512,A07385,mortgage,378059.64
202512,A07386,investment,90131.44
202512,A07387,card,-1980.63
202512,A07388,saving,8474.26
202512,A07389,saving,41540.07
202512,A07390,card,-3670.33
202512,A07391,investment,622128.91
202512,A07392,investment,12548.94
202512,A07393,investment,820617.02
202512,A07394,investment,992848.37
202512,A07395,investment,188236.38
202512,A07396,investment,244100.42
202512,A07397,investment,723091.58
202512,A07398,lending,1323.32
202512,A07399,investment,0
202512,A07400,saving,29716.83
202512,A07401,investment,609704.92
202512,A07402,saving,29380.14
202512,A07403,investment,226350.23
202512,A07404,saving,7571.91
202512,A07405,investment,85513.89
202512,A07406,investment,187830.8
202512,A07407,card,-440.36
202512,A07408,chequing,325.41
202512,A07409,investment,205722.63
202512,A07410,chequing,16880.47
202512,A07411,lending,31408.51
202512,A07412,card,-2810.75
202512,A07413,investment,867231.95
202512,A07414,lending,27324.32
202512,A07415,investment,961565.86
202512,A07416,chequing,4422.72
202512,A07417,lending,1864.09
202512,A07418,investment,658962.28
202512,A07419,investment,66117.55
202512,A07420,lending,38141.36
202512,A07421,investment,530053.57
202512,A07422,card,-900.07
202512,A07423,chequing,14872.4
202512,A07424,chequing,5598.27
202512,A07425,mortgage,231737.33
202512,A07426,investment,193714.42
202512,A07427,chequing,237.28
202512,A07428,chequing,6849.2
202512,A07429,investment,285810.64
202512,A07430,investment,200699.43
202512,A07431,mortgage,57182.78
202512,A07432,chequing,3136.99
202512,A07433,investment,271478.64
202512,A07434,lending,5216.2
202512,A07435,investment,788995.28
202512,A07436,investment,357442.84
202512,A07437,chequing,0
202512,A07438,investment,17127.97
202512,A07439,chequing,18611.91
202512,A07440,chequing,0
202512,A07441,chequing,9022.93
202512,A07442,card,-2125.56
202512,A07443,investment,645854.79
202512,A07444,investment,621107.85
202512,A07445,mortgage,484698.39
202512,A07446,lending,17516.1
202512,A07447,card,-4209.31
202512,A07448,investment,350324.48
202512,A07449,saving,47447.1
202512,A07450,investment,0
202512,A07451,investment,539372.78
202512,A07452,investment,827982.27
202512,A07453,investment,0
202512,A07454,investment,0
202512,A07455,lending,0
202512,A07456,chequing,4108.32
202512,A07457,mortgage,398798.04
202512,A07458,investment,949106.36
202512,A07459,investment,0
202512,A07460,investment,10966.73
202512,A07461,investment,153636.35
202512,A07462,card,-4804.14
202512,A07463,chequing,9366.73
202512,A07464,mortgage,484579.35
202512,A07465,chequing,7184.86
202512,A07466,chequing,7908.71
202512,A07467,investment,972611.29
202512,A07468,lending,0
202512,A07469,chequing,0
202512,A07470,investment,249607.92
202512,A07471,lending,0
202512,A07472,saving,35723.89
202512,A07473,mortgage,394756.64
202512,A07474,investment,214696.23
202512,A07475,investment,96825.88
202512,A07476,saving,19782.82
202512,A07477,investment,49041.91
202512,A07478,investment,53853.66
202512,A07479,card,-3024.81
202512,A07480,chequing,18146.32
202512,A07481,saving,0
202512,A07482,lending,32242.75
202512,A07483,investment,38560
202512,A07484,chequing,14696.91
202512,A07485,saving,18428.26
202512,A07486,investment,593367.81
202512,A07487,chequing,5946.82
202512,A07488,investment,139541.94
202512,A07489,investment,718026.4
202512,A07490,investment,346212.52
202512,A07491,investment,0
202512,A07492,card,-1188.07
202512,A07493,mortgage,200793.28
202512,A07494,saving,16085.52
202512,A07495,investment,0
202512,A07496,saving,2680.11
202512,A07497,mortgage,50931
202512,A07498,card,-1393.28
202512,A07499,saving,10110.31
202512,A07500,chequing,8045.65
202512,A07501,saving,17557.31
202512,A07502,chequing,16379.46
202512,A07503,investment,523324.85
202512,A07504,investment,3016.07
202512,A07505,card,-3237.79
202512,A07506,chequing,12745.75
202512,A07507,lending,22691.49
202512,A07508,card,-2750.39
202512,A07509,investment,33997.86
202512,A07510,investment,632248.34
202512,A07511,investment,202564.42
202512,A07512,investment,41156.89
202512,A07513,investment,803679.33
202512,A07514,saving,0
202512,A07515,mortgage,413041.35
202512,A07516,saving,9103.94
202512,A07517,investment,385963.5
202512,A07518,card,-3383.12
202512,A07519,chequing,11398.61
202512,A07520,mortgage,159052.47
202512,A07521,investment,110280.5
202512,A07522,lending,13639.57
202512,A07523,chequing,3481.44
202512,A07524,investment,94512.57
202512,A07525,investment,426127.95
202512,A07526,investment,376618.28
202512,A07527,saving,18375.32
202512,A07528,mortgage,424686.08
202512,A07529,mortgage,59083.01
202512,A07530,investment,72152.38
202512,A07531,investment,535192.01
202512,A07532,investment,521237.18
202512,A07533,investment,322572.58
202512,A07534,chequing,7041.35
202512,A07535,card,-259.12
202512,A07536,investment,69615.9
202512,A07537,mortgage,0
202512,A07538,investment,938472.75
202512,A07539,card,-4634.01
202512,A07540,lending,24721.1
202512,A07541,investment,887380.6
202512,A07542,chequing,11487.41
202512,A07543,saving,17166.17
202512,A07544,saving,42366.86
202512,A07545,investment,609359.85
202512,A07546,lending,16883.46
202512,A07547,investment,555362.7
202512,A07548,investment,85156.58
202512,A07549,mortgage,392335.18
202512,A07550,investment,846284.34
202512,A07551,investment,91455.33
202512,A07552,investment,448597.99
202512,A07553,lending,43917.94
202512,A07554,saving,19452.51
202512,A07555,investment,576345.55
202512,A07556,investment,483762.61
202512,A07557,investment,93353.09
202512,A07558,investment,766578.8
202512,A07559,investment,299813.75
202512,A07560,saving,19459.51
202512,A07561,investment,166919.59
202512,A07562,lending,9873.31
202512,A07563,investment,474943.91
202512,A07564,investment,0
202512,A07565,saving,34788.95
202512,A07566,investment,929261.19
202512,A07567,card,-4355.3
202512,A07568,saving,7850.08
202512,A07569,investment,352399.56
202512,A07570,saving,0
202512,A07571,mortgage,242210.41
202512,A07572,investment,227355.75
202512,A07573,investment,872855.78
202512,A07574,investment,362469.08
202512,A07575,investment,485040.65
202512,A07576,card,-1373.58
202512,A07577,investment,214975.09
202512,A07578,card,-318.38
202512,A07579,investment,84087.91
202512,A07580,investment,0
202512,A07581,mortgage,0
202512,A07582,chequing,684.07
202512,A07583,saving,18832.12
202512,A07584,card,-4267.48
202512,A07585,card,-4885.05
202512,A07586,investment,347208.49
202512,A07587,investment,52939.01
202512,A07588,saving,27552.11
202512,A07589,lending,26739.9
202512,A07590,chequing,5876.42
202512,A07591,chequing,0
202512,A07592,saving,48628.62
202512,A07593,lending,22467.43
202512,A07594,mortgage,115551.01
202512,A07595,saving,23165.08
202512,A07596,investment,955135.86
202512,A07597,investment,227599.3
202512,A07598,lending,12798.78
202512,A07599,lending,30931.82
202512,A07600,investment,231394.2
202512,A07601,investment,60437.15
202512,A07602,investment,632251.69
202512,A07603,lending,25687.38
202512,A07604,lending,4393.56
202512,A07605,investment,795778.09
202512,A07606,investment,35178.84
202512,A07607,investment,401842.09
202512,A07608,chequing,8341.27
202512,A07609,saving,1830.07
202512,A07610,chequing,17515.34
202512,A07611,chequing,6492.01
202512,A07612,investment,90540.27
202512,A07613,investment,15327.5
202512,A07614,chequing,14985.29
202512,A07615,investment,391059.83
202512,A07616,mortgage,62232.24
202512,A07617,card,-2630.13
202512,A07618,chequing,15477.96
202512,A07619,lending,29429.38
202512,A07620,lending,48342.18
202512,A07621,investment,82541
202512,A07622,lending,2571.67
202512,A07623,chequing,7584.15
202512,A07624,investment,423766.75
202512,A07625,investment,839528.49
202512,A07626,chequing,13542.44
202512,A07627,investment,920874
202512,A07628,chequing,9549.92
202512,A07629,investment,958369.49
202512,A07630,card,-4041.89
202512,A07631,chequing,16598.03
202512,A07632,mortgage,260517.53
202512,A07633,investment,262229.23
202512,A07634,saving,11844.35
202512,A07635,saving,1035.32
202512,A07636,investment,435465.47
202512,A07637,chequing,7077.62
202512,A07638,investment,611208.58
202512,A07639,lending,38719.85
202512,A07640,card,-1037.56
202512,A07641,investment,579257.42
202512,A07642,chequing,1586.49
202512,A07643,chequing,12525.44
202512,A07644,investment,0
202512,A07645,investment,254300.32
202512,A07646,chequing,4207.44
202512,A07647,card,-1808.79
202512,A07648,investment,12054.1
202512,A07649,mortgage,192637.57
202512,A07650,investment,744438.39
202512,A07651,mortgage,333685.2
202512,A07652,investment,0
202512,A07653,saving,10494.42
202512,A07654,chequing,15573.84
202512,A07655,investment,96776.23
202512,A07656,mortgage,104206.53
202512,A07657,investment,0
202512,A07658,chequing,8502.29
202512,A07659,lending,3876.52
202512,A07660,mortgage,450626.87
202512,A07661,card,-2114.26
202512,A07662,chequing,9827.83
202512,A07663,investment,592788.52
202512,A07664,card,-3442.44
202512,A07665,investment,809407.27
202512,A07666,lending,15522.27
202512,A07667,saving,1726.46
202512,A07668,card,-1713.74
202512,A07669,saving,2947.34
202512,A07670,lending,23675.78
202512,A07671,chequing,5276.55
202512,A07672,investment,217804.13
202512,A07673,card,-1504.44
202512,A07674,investment,0
202512,A07675,chequing,814.46
202512,A07676,investment,453338.26
202512,A07677,lending,26791.93
202512,A07678,chequing,14554.47
202512,A07679,chequing,10609.58
202512,A07680,lending,23909.61
202512,A07681,chequing,12370.77
202512,A07682,chequing,10153.66
202512,A07683,investment,257795.84
202512,A07684,investment,940548.22
202512,A07685,mortgage,0
202512,A07686,chequing,7452.04
202512,A07687,investment,910025.96
202512,A07688,lending,18580.69
202512,A07689,investment,459070.27
202512,A07690,investment,30870.09
202512,A07691,investment,22346.75
202512,A07692,card,-2416.37
202512,A07693,mortgage,108343.27
202512,A07694,chequing,17703.56
202512,A07695,investment,0
202512,A07696,lending,37192.31
202512,A07697,chequing,14981.18
202512,A07698,investment,854427.84
202512,A07699,investment,485091.5
202512,A07700,investment,55119.57
202512,A07701,chequing,6417.19
202512,A07702,lending,18727.51
202512,A07703,investment,82481.39
202512,A07704,investment,384999.78
202512,A07705,saving,31961.87
202512,A07706,investment,348282.48
202512,A07707,chequing,7823.53
202512,A07708,investment,788116.61
202512,A07709,investment,0
202512,A07710,investment,0
202512,A07711,investment,0
202512,A07712,investment,0
202512,A07713,investment,222700.03
202512,A07714,lending,15451.33
202512,A07715,saving,10994.89
202512,A07716,investment,81129.93
202512,A07717,investment,241291.02
202512,A07718,lending,2857.2
202512,A07719,mortgage,115057.34
202512,A07720,mortgage,222140.47
202512,A07721,saving,14770.55
202512,A07722,investment,311425.37
202512,A07723,chequing,612.41
202512,A07724,investment,830032.43
202512,A07725,investment,446305.36
202512,A07726,investment,398979.88
202512,A07727,lending,49258.02
202512,A07728,card,-993.86
202512,A07729,mortgage,258643.58
202512,A07730,chequing,10786.73
202512,A07731,lending,37826.67
202512,A07732,investment,192216.16
202512,A07733,chequing,17171.09
202512,A07734,saving,35399.56
202512,A07735,mortgage,312143.03
202512,A07736,chequing,1458.89
202512,A07737,chequing,19151.42
202512,A07738,chequing,6252.89
202512,A07739,chequing,5078.75
202512,A07740,investment,971290.29
202512,A07741,chequing,5756.37
202512,A07742,card,-1237.32
202512,A07743,investment,874753.81
202512,A07744,investment,354970.79
202512,A07745,chequing,9757.1
202512,A07746,card,-2544.73
202512,A07747,investment,794737.32
202512,A07748,lending,33179.83
202512,A07749,chequing,13544.26
202512,A07750,mortgage,294553.95
202512,A07751,lending,31724.25
202512,A07752,investment,81848.86
202512,A07753,lending,24111.92
202512,A07754,lending,29937.19
202512,A07755,investment,365178.01
202512,A07756,chequing,4854.84
202512,A07757,saving,1666.44
202512,A07758,investment,296559.98
202512,A07759,investment,38664.18
202512,A07760,investment,792962.58
202512,A07761,lending,10006.38
202512,A07762,saving,0
202512,A07763,investment,91527.5
202512,A07764,investment,248578.81
202512,A07765,investment,0
202512,A07766,investment,60106.61
202512,A07767,investment,0
202512,A07768,card,-595.88
202512,A07769,investment,413512.72
202512,A07770,chequing,18758.12
202512,A07771,investment,0
202512,A07772,investment,544417.35
202512,A07773,chequing,15407.53
202512,A07774,chequing,6776.93
202512,A07775,investment,954053.68
202512,A07776,card,-1420.14
202512,A07777,lending,18537.78
202512,A07778,lending,40571.01
202512,A07779,investment,0
202512,A07780,investment,759276.2
202512,A07781,investment,22014.45
202512,A07782,mortgage,144690.57
202512,A07783,investment,0
202512,A07784,saving,16243.85
202512,A07785,chequing,1858.83
202512,A07786,investment,481229.9
202512,A07787,investment,816798.79
202512,A07788,lending,9193.96
202512,A07789,chequing,7309.65
202512,A07790,investment,318003.33
202512,A07791,card,-2311.37
202512,A07792,chequing,16528.63
202512,A07793,card,-4490.61
202512,A07794,chequing,206.75
202512,A07795,investment,304233.43
202512,A07796,lending,42499.34
202512,A07797,chequing,11675.61
202512,A07798,investment,678599.66
202512,A07799,investment,366772.56
202512,A07800,mortgage,68329.73
202512,A07801,mortgage,52839.63
202512,A07802,chequing,4570.3
202512,A07803,lending,35262.93
202512,A07804,investment,919664.85
202512,A07805,investment,339154.18
202512,A07806,investment,0
202512,A07807,chequing,10309.3
202512,A07808,investment,575938.46
202512,A07809,investment,524702.57
202512,A07810,mortgage,239515.57
202512,A07811,chequing,6226.85
202512,A07812,saving,46302.51
202512,A07813,investment,999713.38
202512,A07814,lending,7838.24
202512,A07815,chequing,16263.94
202512,A07816,investment,725841.45
202512,A07817,chequing,12253.2
202512,A07818,lending,30283.21
202512,A07819,chequing,16820.6
202512,A07820,investment,41789.46
202512,A07821,investment,256921.8
202512,A07822,lending,2645.45
202512,A07823,investment,903216.39
202512,A07824,card,-1551.62
202512,A07825,card,-1404.32
202512,A07826,investment,152870.62
202512,A07827,lending,0
202512,A07828,investment,0
202512,A07829,investment,962327.35
202512,A07830,lending,3635.41
202512,A07831,mortgage,419014.19
202512,A07832,lending,19761.75
202512,A07833,lending,17029.31
202512,A07834,mortgage,310780.06
202512,A07835,saving,5882.05
202512,A07836,investment,652544.59
202512,A07837,investment,7650.66
202512,A07838,investment,60916.8
202512,A07839,lending,20379.22
202512,A07840,saving,5808.95
202512,A07841,mortgage,408536.56
202512,A07842,investment,0
202512,A07843,lending,26793.42
202512,A07844,lending,17627
202512,A07845,investment,966210.64
202512,A07846,saving,3912.08
202512,A07847,card,-3687.65
202512,A07848,investment,17347.83
202512,A07849,card,-4035.98
202512,A07850,card,-174.44
202512,A07851,investment,0
202512,A07852,saving,4950.44
202512,A07853,saving,8813.16
202512,A07854,mortgage,453558.64
202512,A07855,saving,13899.3
202512,A07856,investment,368829.22
202512,A07857,chequing,10954.64
202512,A07858,card,0
202512,A07859,chequing,12295.47
202512,A07860,chequing,10422.86
202512,A07861,chequing,10957.97
202512,A07862,saving,5176.7
202512,A07863,chequing,0
202512,A07864,investment,968386.54
202512,A07865,investment,910486.23
202512,A07866,chequing,12804.47
202512,A07867,lending,21400.27
202512,A07868,saving,8565.71
202512,A07869,chequing,8327.44
202512,A07870,investment,746269.24
202512,A07871,chequing,8231.28
202512,A07872,investment,0
202512,A07873,investment,132585.64
202512,A07874,saving,42988.76
202512,A07875,card,-318.13
202512,A07876,investment,915452.23
202512,A07877,investment,16238.09
202512,A07878,saving,13960.39
202512,A07879,chequing,7399.41
202512,A07880,investment,71728.93
202512,A07881,saving,8728.29
202512,A07882,saving,23981.74
202512,A07883,card,-3643.22
202512,A07884,chequing,0
202512,A07885,saving,49430.52
202512,A07886,investment,636424.07
202512,A07887,mortgage,190147.13
202512,A07888,investment,301117.66
202512,A07889,investment,44178.36
202512,A07890,investment,216924.11
202512,A07891,saving,8886.13
202512,A07892,saving,40614.6
202512,A07893,chequing,18591.9
202512,A07894,chequing,7870.48
202512,A07895,investment,8328.24
202512,A07896,mortgage,323690.54
202512,A07897,investment,391446.28
202512,A07898,investment,311427.14
202512,A07899,investment,3562.74
202512,A07900,investment,42257.06
202512,A07901,investment,254957.86
202512,A07902,mortgage,0
202512,A07903,investment,917562.69
202512,A07904,chequing,2231.86
202512,A07905,investment,29793
202512,A07906,chequing,8744.39
202512,A07907,investment,734550.36
202512,A07908,investment,909842.09
202512,A07909,saving,8035.32
202512,A07910,chequing,7461.28
202512,A07911,saving,5555.35
202512,A07912,investment,791504.79
202512,A07913,investment,704370.69
202512,A07914,investment,56484.23
202512,A07915,investment,324830.57
202512,A07916,saving,1766.6
202512,A07917,investment,324478
202512,A07918,chequing,0
202512,A07919,card,0
202512,A07920,mortgage,0
202512,A07921,saving,8960.25
202512,A07922,lending,2848.57
202512,A07923,chequing,8365.04
202512,A07924,investment,0
202512,A07925,investment,596311.52
202512,A07926,chequing,0
202512,A07927,lending,0
202512,A07928,investment,779327.77
202512,A07929,chequing,5846.59
202512,A07930,investment,357435.34
202512,A07931,saving,16287.6
202512,A07932,investment,253585.55
202512,A07933,chequing,9163.98
202512,A07934,chequing,14977.73
202512,A07935,chequing,6003.58
202512,A07936,mortgage,464992.98
202512,A07937,saving,16687.92
202512,A07938,investment,114473.26
202512,A07939,chequing,5662.86
202512,A07940,investment,339700.46
202512,A07941,saving,13098.38
202512,A07942,lending,7599.83
202512,A07943,investment,86936.03
202512,A07944,investment,902247.78
202512,A07945,investment,401029.52
202512,A07946,lending,43829.73
202512,A07947,saving,8068.89
202512,A07948,card,-4651.56
202512,A07949,investment,980430.73
202512,A07950,lending,0
202512,A07951,card,-4502
202512,A07952,investment,507608.41
202512,A07953,mortgage,371622.71
202512,A07954,card,-3584.71
202512,A07955,mortgage,347683.33
202512,A07956,investment,608471.56
202512,A07957,card,-4420.3
202512,A07958,chequing,19638.95
202512,A07959,chequing,12128.23
202512,A07960,saving,0
202512,A07961,investment,722894.3
202512,A07962,investment,209560.1
202512,A07963,chequing,8203.92
202512,A07964,chequing,8961.11
202512,A07965,chequing,4300.24
202512,A07966,chequing,0
202512,A07967,investment,120386.11
202512,A07968,chequing,8597.67
202512,A07969,lending,6662.93
202512,A07970,saving,6371.15
202512,A07971,investment,860942.71
202512,A07972,chequing,0
202512,A07973,chequing,8884.21
202512,A07974,investment,310082.25
202512,A07975,investment,0
202512,A07976,investment,822769.85
202512,A07977,investment,244748.21
202512,A07978,mortgage,222011.2
202512,A07979,investment,251763.26
202512,A07980,investment,0
202512,A07981,chequing,1592.43
202512,A07982,saving,14661.55
202512,A07983,investment,666981.65
202512,A07984,investment,89448.21
202512,A07985,saving,18809.02
202512,A07986,saving,18267.71
202512,A07987,mortgage,256026.37
202512,A07988,card,-1046.87
202512,A07989,mortgage,75773.42
202512,A07990,card,-4134.47
202512,A07991,saving,14189.58
202512,A07992,investment,0
202512,A07993,investment,879763.17
202512,A07994,investment,1154.48
202512,A07995,card,0
202512,A07996,card,-2775.59
202512,A07997,investment,208976.3
202512,A07998,saving,4998.68
202512,A07999,saving,0
202512,A08000,lending,44423.91
202512,A08001,chequing,0
202512,A08002,investment,430592.59
202512,A08003,investment,827042.27
202512,A08004,card,-3383.85
202512,A08005,investment,381468.88
202512,A08006,saving,0
202512,A08007,chequing,5081.62
202512,A08008,chequing,16095.8
202512,A08009,saving,0
202512,A08010,chequing,4899.29
202512,A08011,investment,765612.26
202512,A08012,investment,0
202512,A08013,chequing,8630.97
202512,A08014,card,-2163.9
202512,A08015,chequing,0
202512,A08016,saving,0
202512,A08017,lending,3502.43
202512,A08018,investment,85045.76
202512,A08019,investment,758639.97
202512,A08020,chequing,15471.95
202512,A08021,investment,133675.05
202512,A08022,saving,12019.85
202512,A08023,lending,35491.73
202512,A08024,chequing,9569.12
202512,A08025,saving,0
202512,A08026,chequing,1987.18
202512,A08027,mortgage,168438.45
202512,A08028,investment,372252.35
202512,A08029,chequing,0
202512,A08030,saving,3937.11
202512,A08031,card,-2017.64
202512,A08032,mortgage,469664.39
202512,A08033,investment,988009.07
202512,A08034,lending,30174.6
202512,A08035,investment,761277.65
202512,A08036,saving,15369.18
202512,A08037,card,-747.94
202512,A08038,lending,2816.57
202512,A08039,chequing,7095.07
202512,A08040,chequing,8565.92
202512,A08041,mortgage,495431.72
202512,A08042,investment,376022.79
202512,A08043,chequing,2349.44
202512,A08044,investment,458620.87
202512,A08045,chequing,6202.89
202512,A08046,saving,8684.17
202512,A08047,investment,469603.87
202512,A08048,chequing,10541.39
202512,A08049,lending,24979.54
202512,A08050,mortgage,214532.37
202512,A08051,investment,366587.56
202512,A08052,investment,94959.78
202512,A08053,saving,16511.06
202512,A08054,investment,28890.1
202512,A08055,saving,10271.48
202512,A08056,investment,708488.77
202512,A08057,investment,818856.9
202512,A08058,saving,16458.59
202512,A08059,card,-4415.93
202512,A08060,investment,192392.93
202512,A08061,investment,94358
202512,A08062,card,-2830.18
202512,A08063,investment,403477.98
202512,A08064,investment,0
202512,A08065,lending,23083.22
202512,A08066,investment,799230.47
202512,A08067,investment,70009.66
202512,A08068,investment,79034.83
202512,A08069,chequing,0
202512,A08070,mortgage,377399.86
202512,A08071,chequing,5812.98
202512,A08072,chequing,6343.52
202512,A08073,investment,51231.64
202512,A08074,investment,722028.18
202512,A08075,investment,323872.36
202512,A08076,investment,915561.01
202512,A08077,chequing,0
202512,A08078,saving,47757.07
202512,A08079,saving,1377.76
202512,A08080,mortgage,90802.98
202512,A08081,lending,31021.49
202512,A08082,investment,521644.67
202512,A08083,lending,27721.71
202512,A08084,saving,14062.24
202512,A08085,chequing,0
202512,A08086,investment,891854.91
202512,A08087,investment,75351.96
202512,A08088,card,-2216.78
202512,A08089,investment,539919.27
202512,A08090,investment,454393.22
202512,A08091,investment,409021.14
202512,A08092,saving,5170.57
202512,A08093,chequing,17501.28
202512,A08094,lending,18862.65
202512,A08095,investment,731245.18
202512,A08096,saving,18345.39
202512,A08097,investment,996520.24
202512,A08098,card,0
202512,A08099,mortgage,299706.57
202512,A08100,saving,9608.42
202512,A08101,investment,157271.2
202512,A08102,investment,917028.82
202512,A08103,investment,841331.6
202512,A08104,lending,31615.2
202512,A08105,investment,538981.61
202512,A08106,investment,0
202512,A08107,saving,758.55
202512,A08108,investment,93058.33
202512,A08109,investment,490462.52
202512,A08110,lending,27553.82
202512,A08111,chequing,12789.8
202512,A08112,card,-1397.15
202512,A08113,investment,799660.73
202512,A08114,investment,301614.88
202512,A08115,mortgage,164444.93
202512,A08116,investment,467939.61
202512,A08117,investment,495754.08
202512,A08118,chequing,0
202512,A08119,lending,21277.45
202512,A08120,mortgage,474982.07
202512,A08121,mortgage,368062.38
202512,A08122,investment,73396.83
202512,A08123,investment,83752.66
202512,A08124,card,-1171.14
202512,A08125,investment,234740.43
202512,A08126,investment,354611.95
202512,A08127,investment,94583.23
202512,A08128,investment,55340.33
202512,A08129,chequing,10685.17
202512,A08130,investment,438363.99
202512,A08131,lending,5977.69
202512,A08132,chequing,4449.4
202512,A08133,investment,184306.17
202512,A08134,chequing,12977.76
202512,A08135,mortgage,431382.24
202512,A08136,card,-1153.1
202512,A08137,saving,19858.42
202512,A08138,mortgage,182820.1
202512,A08139,chequing,8411.93
202512,A08140,investment,38922.7
202512,A08141,investment,949593.73
202512,A08142,lending,13878.05
202512,A08143,saving,16722.14
202512,A08144,investment,532861.81
202512,A08145,chequing,4752.27
202512,A08146,investment,82828.23
202512,A08147,saving,1743.15
202512,A08148,lending,34583.03
202512,A08149,card,0
202512,A08150,mortgage,233672.77
202512,A08151,investment,851465.8
202512,A08152,card,-2076.39
202512,A08153,investment,116364.05
202512,A08154,investment,5241.95
202512,A08155,saving,11658.96
202512,A08156,saving,9373.63
202512,A08157,saving,47457.92
202512,A08158,card,-384.23
202512,A08159,chequing,9939.9
202512,A08160,saving,8477.77
202512,A08161,investment,973601.34
202512,A08162,lending,14196.29
202512,A08163,investment,840416.47
202512,A08164,investment,37633.7
202512,A08165,investment,71815.69
202512,A08166,investment,388577.81
202512,A08167,investment,243577.25
202512,A08168,investment,0
202512,A08169,lending,30175.23
202512,A08170,investment,672535.5
202512,A08171,investment,64839.28
202512,A08172,chequing,7867.88
202512,A08173,mortgage,0
202512,A08174,investment,834615.07
202512,A08175,investment,427627.54
202512,A08176,investment,704134.44
202512,A08177,investment,270086.42
202512,A08178,chequing,18674.96
202512,A08179,chequing,0
202512,A08180,chequing,9842.99
202512,A08181,investment,393460.42
202512,A08182,card,-1568.22
202512,A08183,investment,586550.12
202512,A08184,chequing,5718.52
202512,A08185,chequing,2181.76
202512,A08186,chequing,15649.43
202512,A08187,mortgage,113375.72
202512,A08188,mortgage,163534.67
202512,A08189,chequing,5261.31
202512,A08190,investment,111560.53
202512,A08191,investment,575672.49
202512,A08192,mortgage,432315.93
202512,A08193,investment,838726.22
202512,A08194,investment,15759.72
202512,A08195,chequing,6401.75
202512,A08196,chequing,13007.72
202512,A08197,investment,656687.56
202512,A08198,investment,89697.13
202512,A08199,chequing,192.84
202512,A08200,saving,17434.16
202512,A08201,mortgage,388640.28
202512,A08202,lending,0
202512,A08203,investment,312951.4
202512,A08204,mortgage,224433.53
202512,A08205,saving,16020.4
202512,A08206,saving,7798.99
202512,A08207,mortgage,377073.3
202512,A08208,lending,45589.13
202512,A08209,investment,825500.38
202512,A08210,saving,14160.87
202512,A08211,saving,11262.45
202512,A08212,investment,42738.55
202512,A08213,lending,8913.73
202512,A08214,investment,469214.43
202512,A08215,investment,65878.7
202512,A08216,investment,335343.76
202512,A08217,saving,18250
202512,A08218,saving,13662.98
202512,A08219,investment,0
202512,A08220,investment,511440.55
202512,A08221,investment,248045.43
202512,A08222,saving,0
202512,A08223,chequing,15125.95
202512,A08224,saving,0
202512,A08225,investment,805363.23
202512,A08226,lending,0
202512,A08227,chequing,4098.76
202512,A08228,investment,341809.77
202512,A08229,mortgage,91598.48
202512,A08230,chequing,17136.64
202512,A08231,investment,502525.56
202512,A08232,saving,5491.54
202512,A08233,investment,486833.8
202512,A08234,chequing,9360.97
202512,A08235,lending,5157.61
202512,A08236,investment,542935.26
202512,A08237,investment,338153.44
202512,A08238,chequing,14502.32
202512,A08239,investment,629183.87
202512,A08240,card,-4134.22
202512,A08241,investment,528222.93
202512,A08242,investment,807365.7
202512,A08243,investment,931495.39
202512,A08244,investment,520207.07
202512,A08245,investment,647138.62
202512,A08246,card,-2671.79
202512,A08247,saving,0
202512,A08248,investment,198002.41
202512,A08249,mortgage,237956.76
202512,A08250,chequing,0
202512,A08251,investment,801535.81
202512,A08252,investment,49276.91
202512,A08253,saving,15188.48
202512,A08254,lending,20866.95
202512,A08255,chequing,8421.75
202512,A08256,card,-731.08
202512,A08257,chequing,19485.65
202512,A08258,investment,718338.43
202512,A08259,card,-1442.69
202512,A08260,investment,535206.15
202512,A08261,mortgage,113148.25
202512,A08262,mortgage,459971.02
202512,A08263,mortgage,446568.31
202512,A08264,investment,424616.98
202512,A08265,investment,885905.22
202512,A08266,investment,912692.29
202512,A08267,lending,3044.35
202512,A08268,lending,16324.45
202512,A08269,investment,389304.38
202512,A08270,investment,175361.01
202512,A08271,investment,20663.31
202512,A08272,investment,419360.52
202512,A08273,saving,0
202512,A08274,investment,986638.63
202512,A08275,lending,7270.14
202512,A08276,investment,746665.37
202512,A08277,lending,4174.81
202512,A08278,chequing,7544.59
202512,A08279,card,-4771.13
202512,A08280,lending,0
202512,A08281,investment,820651.69
202512,A08282,card,-2024.15
202512,A08283,investment,8850.42
202512,A08284,investment,3585.71
202512,A08285,saving,14546.82
202512,A08286,investment,405027.13
202512,A08287,saving,0
202512,A08288,card,0
202512,A08289,lending,14758.2
202512,A08290,chequing,0
202512,A08291,chequing,6904.14
202512,A08292,mortgage,381968.18
202512,A08293,saving,44910.6
202512,A08294,saving,31193.65
202512,A08295,chequing,18758.72
202512,A08296,investment,0
202512,A08297,chequing,18741.94
202512,A08298,saving,7671.87
202512,A08299,chequing,19244.94
202512,A08300,investment,646381.06
202512,A08301,investment,574964.96
202512,A08302,investment,438202.88
202512,A08303,saving,13830.87
202512,A08304,mortgage,0
202512,A08305,mortgage,61823.97
202512,A08306,investment,0
202512,A08307,chequing,6732.88
202512,A08308,investment,313804.57
202512,A08309,lending,23743.14
202512,A08310,saving,11477.44
202512,A08311,chequing,0
202512,A08312,lending,21062.32
202512,A08313,investment,0
202512,A08314,chequing,0
202512,A08315,mortgage,209922.49
202512,A08316,chequing,418.44
202512,A08317,saving,12203.21
202512,A08318,chequing,14586.33
202512,A08319,investment,95877.03
202512,A08320,lending,45110.84
202512,A08321,lending,10903.21
202512,A08322,mortgage,291955.32
202512,A08323,mortgage,258513.66
202512,A08324,investment,962468.49
202512,A08325,chequing,7246.93
202512,A08326,saving,2703.7
202512,A08327,investment,699832.58
202512,A08328,mortgage,87865.52
202512,A08329,lending,46223.68
202512,A08330,lending,27589.62
202512,A08331,mortgage,272015.67
202512,A08332,saving,17685.05
202512,A08333,investment,651869.15
202512,A08334,mortgage,119023.68
202512,A08335,investment,226058.84
202512,A08336,investment,508202.48
202512,A08337,card,-1968.91
202512,A08338,investment,839232.73
202512,A08339,investment,606635.34
202512,A08340,chequing,0
202512,A08341,investment,462431.74
202512,A08342,investment,386860.87
202512,A08343,investment,740770.39
202512,A08344,mortgage,499077.2
202512,A08345,chequing,16673.67
202512,A08346,investment,336180.35
202512,A08347,saving,49157.47
202512,A08348,lending,9964.16
202512,A08349,investment,530412.9
202512,A08350,investment,885567.63
202512,A08351,saving,11109.74
202512,A08352,saving,19428.43
202512,A08353,chequing,0
202512,A08354,saving,13601.57
202512,A08355,card,-2938.16
202512,A08356,investment,0
202512,A08357,chequing,14326.58
202512,A08358,mortgage,65886.22
202512,A08359,chequing,5041.85
202512,A08360,chequing,350.58
202512,A08361,investment,0
202512,A08362,investment,926725.44
202512,A08363,investment,0
202512,A08364,investment,30975.14
202512,A08365,investment,0
202512,A08366,lending,40420.15
202512,A08367,chequing,0
202512,A08368,lending,46279.18
202512,A08369,saving,8872.05
202512,A08370,chequing,9451.77
202512,A08371,chequing,5729.76
202512,A08372,saving,14464.5
202512,A08373,investment,620457.97
202512,A08374,saving,15952.69
202512,A08375,card,-570.52
202512,A08376,saving,18279.56
202512,A08377,chequing,6839.56
202512,A08378,investment,60236.73
202512,A08379,chequing,6265.27
202512,A08380,investment,403002.17
202512,A08381,chequing,9132.38
202512,A08382,card,-1166.54
202512,A08383,chequing,3652.56
202512,A08384,card,-1287.57
202512,A08385,card,-4374.79
202512,A08386,card,-2767.21
202512,A08387,investment,288502.58
202512,A08388,investment,392495.58
202512,A08389,lending,20375.26
202512,A08390,investment,463153.96
202512,A08391,investment,0
202512,A08392,chequing,6996.98
202512,A08393,investment,0
202512,A08394,saving,13554.8
202512,A08395,chequing,0
202512,A08396,investment,583909.65
202512,A08397,mortgage,104600.28
202512,A08398,investment,200102.29
202512,A08399,chequing,1698.78
202512,A08400,saving,4679.93
202512,A08401,lending,25348.15
202512,A08402,chequing,16903.4
202512,A08403,mortgage,297761.2
202512,A08404,lending,21362.09
202512,A08405,chequing,8028.95
202512,A08406,chequing,0
202512,A08407,card,-2272.86
202512,A08408,investment,580165.51
202512,A08409,investment,0
202512,A08410,investment,359225.82
202512,A08411,investment,795301.39
202512,A08412,chequing,6096.39
202512,A08413,chequing,7521.29
202512,A08414,mortgage,407346.78
202512,A08415,investment,549392.04
202512,A08416,investment,415404.7
202512,A08417,investment,5540.49
202512,A08418,investment,699025.82
202512,A08419,saving,14462.86
202512,A08420,mortgage,237802.55
202512,A08421,investment,684813.56
202512,A08422,card,-3640.91
202512,A08423,saving,5036.45
202512,A08424,investment,975255
202512,A08425,card,-3282.64
202512,A08426,investment,54936.23
202512,A08427,chequing,2137.98
202512,A08428,investment,438567.89
202512,A08429,investment,887217.11
202512,A08430,mortgage,312369.77
202512,A08431,saving,14214.61
202512,A08432,chequing,2464.6
202512,A08433,chequing,7230.69
202512,A08434,card,-3337.25
202512,A08435,lending,2164.45
202512,A08436,investment,441879.96
202512,A08437,investment,617931.75
202512,A08438,investment,185126.76
202512,A08439,investment,400747.11
202512,A08440,chequing,12441.66
202512,A08441,saving,8249.51
202512,A08442,card,-4021.74
202512,A08443,mortgage,224163.82
202512,A08444,investment,381908.18
202512,A08445,investment,26953.85
202512,A08446,mortgage,84614.72
202512,A08447,lending,38896.84
202512,A08448,saving,8835.35
202512,A08449,card,0
202512,A08450,investment,258847.43
202512,A08451,saving,11161.34
202512,A08452,mortgage,273875.25
202512,A08453,mortgage,170115.27
202512,A08454,investment,409579.15
202512,A08455,mortgage,147105.39
202512,A08456,chequing,15081.81
202512,A08457,mortgage,0
202512,A08458,saving,28013.76
202512,A08459,lending,13214.11
202512,A08460,chequing,7361.98
202512,A08461,investment,77669.7
202512,A08462,card,-2862.81
202512,A08463,chequing,18649.85
202512,A08464,saving,38650.98
202512,A08465,saving,5172.51
202512,A08466,saving,45392.19
202512,A08467,card,-494.99
202512,A08468,mortgage,408849.92
202512,A08469,investment,3601.11
202512,A08470,chequing,12348.88
202512,A08471,investment,901459.28
202512,A08472,chequing,5818.56
202512,A08473,saving,11699.94
202512,A08474,investment,210456.06
202512,A08475,mortgage,132174.24
202512,A08476,investment,269634.3
202512,A08477,mortgage,272483.22
202512,A08478,investment,0
202512,A08479,investment,0
202512,A08480,card,-855.82
202512,A08481,chequing,0
202512,A08482,investment,58631.87
202512,A08483,investment,0
202512,A08484,investment,364111.28
202512,A08485,investment,984742.45
202512,A08486,card,-2888.74
202512,A08487,card,-585.95
202512,A08488,card,-2679.14
202512,A08489,investment,652159.16
202512,A08490,card,-4918.92
202512,A08491,chequing,17594.85
202512,A08492,lending,26168.44
202512,A08493,saving,19754.83
202512,A08494,chequing,10412.46
202512,A08495,mortgage,246247.79
202512,A08496,card,-3527.39
202512,A08497,investment,28973.61
202512,A08498,saving,7661.73
202512,A08499,investment,22043.86
202512,A08500,chequing,162.87
202512,A08501,chequing,2449.02
202512,A08502,investment,64642.09
202512,A08503,mortgage,354516.47
202512,A08504,investment,91323.02
202512,A08505,investment,0
202512,A08506,chequing,19047.71
202512,A08507,card,-2223.52
202512,A08508,investment,8096.47
202512,A08509,mortgage,438501.31
202512,A08510,chequing,15042.39
202512,A08511,investment,573021.65
202512,A08512,investment,602001.89
202512,A08513,investment,92099.64
202512,A08514,chequing,7772.19
202512,A08515,chequing,8796.71
202512,A08516,investment,96013.56
202512,A08517,saving,14778.89
202512,A08518,saving,36337.92
202512,A08519,card,-2474.87
202512,A08520,investment,762297.53
202512,A08521,investment,956251.28
202512,A08522,card,-162.76
202512,A08523,saving,15313.59
202512,A08524,investment,180227.34
202512,A08525,investment,459732.9
202512,A08526,investment,92239.09
202512,A08527,mortgage,380567.36
202512,A08528,investment,324590.52
202512,A08529,lending,26736.72
202512,A08530,investment,619695.43
202512,A08531,investment,395904.88
202512,A08532,investment,916880.83
202512,A08533,chequing,16611.76
202512,A08534,investment,358601.16
202512,A08535,investment,496298.97
202512,A08536,investment,142507
202512,A08537,saving,9634.5
202512,A08538,lending,15569.18
202512,A08539,mortgage,127056.84
202512,A08540,investment,795949.62
202512,A08541,chequing,6299.7
202512,A08542,saving,0
202512,A08543,investment,10666.71
202512,A08544,chequing,8500.18
202512,A08545,investment,0
202512,A08546,lending,17376.33
202512,A08547,saving,17352.24
202512,A08548,investment,336414.76
202512,A08549,investment,783270.72
202512,A08550,investment,481842.49
202512,A08551,investment,0
202512,A08552,investment,351802.18
202512,A08553,investment,733260.87
202512,A08554,chequing,4414.52
202512,A08555,investment,92396.7
202512,A08556,investment,104395.18
202512,A08557,chequing,14662.01
202512,A08558,card,-3106.17
202512,A08559,chequing,6737.38
202512,A08560,investment,896182.42
202512,A08561,saving,23485.93
202512,A08562,card,-1211.75
202512,A08563,chequing,10177.38
202512,A08564,mortgage,0
202512,A08565,card,-2760.61
202512,A08566,investment,379678.6
202512,A08567,investment,0
202512,A08568,lending,2438.01
202512,A08569,investment,851888.81
202512,A08570,investment,20742
202512,A08571,chequing,4101.28
202512,A08572,lending,37883.65
202512,A08573,lending,3793.53
202512,A08574,investment,4844.46
202512,A08575,investment,871094.97
202512,A08576,investment,89797.43
202512,A08577,chequing,0
202512,A08578,chequing,10498.7
202512,A08579,investment,437862.62
202512,A08580,chequing,6899.17
202512,A08581,mortgage,407263.63
202512,A08582,investment,710036.6
202512,A08583,investment,27958.72
202512,A08584,card,-1555.55
202512,A08585,investment,0
202512,A08586,investment,957368.31
202512,A08587,chequing,18817.48
202512,A08588,saving,7874.65
202512,A08589,mortgage,73029.29
202512,A08590,chequing,5106.33
202512,A08591,lending,26775.15
202512,A08592,lending,16831.12
202512,A08593,chequing,11648.88
202512,A08594,lending,0
202512,A08595,saving,49118.32
202512,A08596,mortgage,170697.51
202512,A08597,investment,195345.35
202512,A08598,investment,379985.19
202512,A08599,investment,0
202512,A08600,investment,817968.08
202512,A08601,chequing,2566.25
202512,A08602,chequing,9887.02
202512,A08603,investment,923883.35
202512,A08604,saving,6758.88
202512,A08605,chequing,9031.09
202512,A08606,investment,20474.86
202512,A08607,lending,2794.02
202512,A08608,chequing,10990.49
202512,A08609,investment,536938.03
202512,A08610,investment,0
202512,A08611,chequing,5994.61
202512,A08612,mortgage,278622.65
202512,A08613,card,-3879.44
202512,A08614,lending,31297.79
202512,A08615,lending,13990.66
202512,A08616,saving,4845.82
202512,A08617,investment,0
202512,A08618,card,-4294.68
202512,A08619,saving,13364.74
202512,A08620,investment,413545.14
202512,A08621,mortgage,339494.32
202512,A08622,chequing,0
202512,A08623,chequing,2072.03
202512,A08624,investment,383450.72
202512,A08625,saving,32042.05
202512,A08626,saving,3860.41
202512,A08627,investment,90835.91
202512,A08628,chequing,7653.38
202512,A08629,saving,41691.36
202512,A08630,saving,7752.84
202512,A08631,investment,695330.34
202512,A08632,lending,17405.71
202512,A08633,investment,727340.96
202512,A08634,investment,628422.87
202512,A08635,investment,47244.06
202512,A08636,saving,40064.07
202512,A08637,card,-4651.74
202512,A08638,investment,18317.15
202512,A08639,chequing,12930.39
202512,A08640,investment,537844.72
202512,A08641,mortgage,443955.06
202512,A08642,investment,703116.94
202512,A08643,mortgage,360969.85
202512,A08644,chequing,5817.55
202512,A08645,chequing,8092.19
202512,A08646,card,-4143.16
202512,A08647,mortgage,387954.03
202512,A08648,saving,5952.63
202512,A08649,investment,972999.54
202512,A08650,lending,11899.03
202512,A08651,investment,830273.12
202512,A08652,chequing,0
202512,A08653,saving,1314.2
202512,A08654,investment,412612.26
202512,A08655,investment,492164.23
202512,A08656,investment,980025.33
202512,A08657,investment,0
202512,A08658,investment,24443.84
202512,A08659,mortgage,157897.28
202512,A08660,investment,316632.24
202512,A08661,investment,27805.82
202512,A08662,chequing,0
202512,A08663,chequing,9534.57
202512,A08664,investment,244705.9
202512,A08665,mortgage,0
202512,A08666,mortgage,218065.72
202512,A08667,chequing,11969.77
202512,A08668,investment,0
202512,A08669,investment,875698.46
202512,A08670,card,-4346.05
202512,A08671,saving,3510.19
202512,A08672,saving,4546.47
202512,A08673,investment,0
202512,A08674,chequing,6147.56
202512,A08675,card,-2827.57
202512,A08676,investment,40399.09
202512,A08677,investment,0
202512,A08678,chequing,18936.82
202512,A08679,investment,57770.23
202512,A08680,saving,14415.5
202512,A08681,saving,16763.04
202512,A08682,investment,499659.25
202512,A08683,investment,32224.83
202512,A08684,investment,500091.78
202512,A08685,card,-423.42
202512,A08686,card,-2336.87
202512,A08687,saving,7179.42
202512,A08688,saving,4025.02
202512,A08689,saving,8823.07
202512,A08690,chequing,0
202512,A08691,chequing,9967.03
202512,A08692,lending,26326.58
202512,A08693,investment,581296.03
202512,A08694,investment,279799.36
202512,A08695,chequing,9585.37
202512,A08696,card,-4466.45
202512,A08697,investment,792869.75
202512,A08698,chequing,1872.99
202512,A08699,investment,63943.99
202512,A08700,chequing,11800.87
202512,A08701,investment,856715.49
202512,A08702,chequing,13624.5
202512,A08703,saving,14666.58
202512,A08704,mortgage,392487.53
202512,A08705,lending,29707.07
202512,A08706,chequing,4494.95
202512,A08707,investment,856262.61
202512,A08708,investment,77318.92
202512,A08709,investment,383234.63
202512,A08710,chequing,5623.36
202512,A08711,chequing,18104.13
202512,A08712,mortgage,270186.69
202512,A08713,saving,6814.08
202512,A08714,chequing,9960.34
202512,A08715,investment,380969.17
202512,A08716,lending,22004.18
202512,A08717,card,0
202512,A08718,investment,905199.58
202512,A08719,investment,0
202512,A08720,mortgage,269893.71
202512,A08721,lending,0
202512,A08722,investment,139733.39
202512,A08723,saving,0
202512,A08724,lending,43095.31
202512,A08725,investment,932417.26
202512,A08726,investment,155808.66
202512,A08727,investment,6295.47
202512,A08728,lending,10975.55
202512,A08729,saving,9444.84
202512,A08730,mortgage,312879.99
202512,A08731,lending,36877.03
202512,A08732,investment,40734.83
202512,A08733,investment,849748.67
202512,A08734,investment,847338.79
202512,A08735,investment,346155.46
202512,A08736,chequing,7694.11
202512,A08737,investment,18099.85
202512,A08738,investment,686940.22
202512,A08739,lending,6871.25
202512,A08740,investment,685266.82
202512,A08741,investment,127138.26
202512,A08742,saving,3870.45
202512,A08743,chequing,3599
202512,A08744,chequing,12145.99
202512,A08745,investment,0
202512,A08746,chequing,0
202512,A08747,mortgage,185934.35
202512,A08748,chequing,1645.01
202512,A08749,chequing,5453.43
202512,A08750,card,-3423.19
202512,A08751,saving,1740.9
202512,A08752,chequing,15161.29
202512,A08753,chequing,17644.03
202512,A08754,investment,332716.05
202512,A08755,saving,10326.96
202512,A08756,mortgage,196268.04
202512,A08757,investment,2338.42
202512,A08758,chequing,11216.59
202512,A08759,investment,769058.64
202512,A08760,investment,0
202512,A08761,investment,579502.47
202512,A08762,investment,756130.3
202512,A08763,saving,10522.67
202512,A08764,investment,471928.89
202512,A08765,investment,628412.56
202512,A08766,lending,13822.49
202512,A08767,investment,837537.86
202512,A08768,mortgage,201196.42
202512,A08769,investment,97682.16
202512,A08770,investment,352206.08
202512,A08771,investment,19603.88
202512,A08772,lending,43131.21
202512,A08773,investment,24487.45
202512,A08774,investment,839798.33
202512,A08775,chequing,0
202512,A08776,mortgage,290780.67
202512,A08777,investment,264060.06
202512,A08778,investment,851020.4
202512,A08779,investment,976112.68
202512,A08780,chequing,0
202512,A08781,lending,32198.86
202512,A08782,investment,828744.81
202512,A08783,card,-3677.67
202512,A08784,investment,235705.81
202512,A08785,investment,145066.8
202512,A08786,investment,686273.72
202512,A08787,investment,0
202512,A08788,investment,28218.07
202512,A08789,chequing,5077.92
202512,A08790,saving,8431.24
202512,A08791,chequing,11966.66
202512,A08792,saving,16882.11
202512,A08793,mortgage,208141.59
202512,A08794,chequing,9799.92
202512,A08795,investment,44513.93
202512,A08796,lending,45375.15
202512,A08797,lending,37455.66
202512,A08798,investment,863156.36
202512,A08799,investment,548345.98
202512,A08800,lending,34832.69
202512,A08801,chequing,6361.39
202512,A08802,lending,0
202512,A08803,investment,682818.78
202512,A08804,investment,0
202512,A08805,investment,240500.75
202512,A08806,lending,30846.1
202512,A08807,investment,614816.1
202512,A08808,investment,234889.82
202512,A08809,chequing,6363.13
202512,A08810,chequing,4697.55
202512,A08811,investment,768431.29
202512,A08812,mortgage,241200.89
202512,A08813,investment,77329.98
202512,A08814,saving,3397.27
202512,A08815,chequing,313.69
202512,A08816,card,-4563.56
202512,A08817,chequing,16259.84
202512,A08818,investment,0
202512,A08819,chequing,5395.49
202512,A08820,chequing,9598.71
202512,A08821,mortgage,406726.78
202512,A08822,investment,219084.62
202512,A08823,investment,502989.08
202512,A08824,saving,37121.32
202512,A08825,mortgage,0
202512,A08826,saving,707.16
202512,A08827,chequing,0
202512,A08828,mortgage,240796.45
202512,A08829,chequing,3809.01
202512,A08830,investment,627338.97
202512,A08831,investment,83616.79
202512,A08832,investment,0
202512,A08833,saving,670.42
202512,A08834,investment,98938.1
202512,A08835,chequing,15006.51
202512,A08836,chequing,0
202512,A08837,saving,11288.14
202512,A08838,chequing,6534.16
202512,A08839,saving,17785.84
202512,A08840,investment,724336.21
202512,A08841,chequing,5165.97
202512,A08842,saving,38731.24
202512,A08843,mortgage,262238.91
202512,A08844,investment,428598.63
202512,A08845,investment,599372.07
202512,A08846,investment,684340.22
202512,A08847,lending,12731.58
202512,A08848,lending,11350.66
202512,A08849,mortgage,443596.76
202512,A08850,lending,29278
202512,A08851,investment,715735.75
202512,A08852,card,-3974.22
202512,A08853,investment,294785.83
202512,A08854,card,0
202512,A08855,investment,89997.49
202512,A08856,investment,154547.78
202512,A08857,chequing,9664.86
202512,A08858,chequing,8627.21
202512,A08859,chequing,6545.76
202512,A08860,investment,620084.59
202512,A08861,chequing,5298.04
202512,A08862,saving,16125.76
202512,A08863,card,-3203.92
202512,A08864,chequing,0
202512,A08865,investment,234066.99
202512,A08866,investment,254502.91
202512,A08867,investment,78651.87
202512,A08868,investment,645215.06
202512,A08869,investment,76772.64
202512,A08870,investment,0
202512,A08871,saving,8525.14
202512,A08872,investment,104327.26
202512,A08873,investment,526945.26
202512,A08874,chequing,9622.8
202512,A08875,investment,367262.99
202512,A08876,saving,9466.64
202512,A08877,chequing,3711.61
202512,A08878,investment,782530.94
202512,A08879,investment,652121.44
202512,A08880,investment,0
202512,A08881,investment,0
202512,A08882,chequing,8424.49
202512,A08883,investment,920661.38
202512,A08884,investment,398558.42
202512,A08885,investment,209351.81
202512,A08886,card,-3390.29
202512,A08887,saving,5865.38
202512,A08888,saving,28251.26
202512,A08889,mortgage,0
202512,A08890,investment,416541.23
202512,A08891,saving,6178.98
202512,A08892,investment,915027.54
202512,A08893,card,-166.79
202512,A08894,card,0
202512,A08895,investment,629616.63
202512,A08896,lending,12222.13
202512,A08897,saving,4059.09
202512,A08898,investment,750719.84
202512,A08899,lending,33638.47
202512,A08900,card,-1158.28
202512,A08901,card,-868.8
202512,A08902,lending,2350.89
202512,A08903,lending,19453.74
202512,A08904,lending,34625.85
202512,A08905,saving,17772
202512,A08906,investment,651903.24
202512,A08907,saving,19160.88
202512,A08908,saving,14890.58
202512,A08909,mortgage,324876.91
202512,A08910,chequing,7217.37
202512,A08911,chequing,19179.13
202512,A08912,investment,920221.8
202512,A08913,card,-1823.18
202512,A08914,saving,13562.4
202512,A08915,investment,221578.75
202512,A08916,investment,971073.74
202512,A08917,saving,19518.65
202512,A08918,investment,266009.26
202512,A08919,investment,309982.19
202512,A08920,investment,0
202512,A08921,investment,32990.12
202512,A08922,chequing,0
202512,A08923,investment,392992.55
202512,A08924,chequing,11532.67
202512,A08925,mortgage,0
202512,A08926,saving,14730.15
202512,A08927,investment,581585.07
202512,A08928,investment,243316.36
202512,A08929,card,-945.56
202512,A08930,saving,9414.38
202512,A08931,saving,6416.56
202512,A08932,investment,613348.5
202512,A08933,lending,35996.74
202512,A08934,mortgage,327615.82
202512,A08935,investment,230093.46
202512,A08936,lending,9596.72
202512,A08937,investment,90058.49
202512,A08938,investment,508206.26
202512,A08939,investment,590337.65
202512,A08940,investment,756366.77
202512,A08941,lending,31525.62
202512,A08942,chequing,9218.76
202512,A08943,mortgage,470320.75
202512,A08944,card,-1569.29
202512,A08945,investment,256970.5
202512,A08946,investment,895527.75
202512,A08947,investment,392272.99
202512,A08948,investment,44872.89
202512,A08949,chequing,14681.63
202512,A08950,saving,0
202512,A08951,investment,860118.95
202512,A08952,chequing,0
202512,A08953,saving,18493.22
202512,A08954,chequing,10822.27
202512,A08955,saving,23264.49
202512,A08956,investment,29624.03
202512,A08957,investment,560425.35
202512,A08958,chequing,1024.56
202512,A08959,lending,20796.39
202512,A08960,chequing,9520.37
202512,A08961,lending,10432.11
202512,A08962,investment,446653.29
202512,A08963,saving,14686.92
202512,A08964,chequing,4647.86
202512,A08965,mortgage,210239.05
202512,A08966,saving,19228.36
202512,A08967,investment,264891.88
202512,A08968,investment,286061.54
202512,A08969,chequing,19687.75
202512,A08970,investment,48719.67
202512,A08971,investment,262845.34
202512,A08972,mortgage,50595.63
202512,A08973,lending,34598.23
202512,A08974,investment,391004.03
202512,A08975,mortgage,366672.24
202512,A08976,card,-1198.44
202512,A08977,investment,129187.79
202512,A08978,investment,333902.61
202512,A08979,lending,42569.52
202512,A08980,mortgage,314098.68
202512,A08981,mortgage,205768.12
202512,A08982,investment,493506.42
202512,A08983,lending,1782.01
202512,A08984,chequing,3112.96
202512,A08985,investment,648739.93
202512,A08986,card,-3060.61
202512,A08987,investment,496971.94
202512,A08988,lending,0
202512,A08989,investment,896764.36
202512,A08990,chequing,1673.06
202512,A08991,saving,26041.85
202512,A08992,investment,436447.83
202512,A08993,investment,339208.88
202512,A08994,lending,39114.58
202512,A08995,investment,22565.34
202512,A08996,investment,158929.4
202512,A08997,card,-92.08
202512,A08998,investment,245504.85
202512,A08999,investment,43566.1
202512,A09000,lending,18358.26
202512,A09001,investment,41487.63
202512,A09002,investment,383203.94
202512,A09003,mortgage,145989.37
202512,A09004,investment,506336.2
202512,A09005,investment,629442.55
202512,A09006,card,-4512.29
202512,A09007,investment,253006.32
202512,A09008,saving,16342.88
202512,A09009,chequing,5023.45
202512,A09010,saving,6128.34
202512,A09011,saving,8116.23
202512,A09012,chequing,0
202512,A09013,saving,30191.59
202512,A09014,chequing,17723.12
202512,A09015,chequing,15429.19
202512,A09016,saving,9434.11
202512,A09017,investment,441189.78
202512,A09018,saving,5892.86
202512,A09019,investment,514471.16
202512,A09020,saving,19143.59
202512,A09021,investment,907155.73
202512,A09022,chequing,6093.36
202512,A09023,saving,7625.02
202512,A09024,investment,8289.4
202512,A09025,chequing,2646.7
202512,A09026,mortgage,437559.5
202512,A09027,card,-4833.48
202512,A09028,chequing,0
202512,A09029,saving,8130.52
202512,A09030,investment,357624.78
202512,A09031,saving,16864.36
202512,A09032,mortgage,224239.36
202512,A09033,lending,21765.09
202512,A09034,investment,515070.01
202512,A09035,mortgage,480574.18
202512,A09036,investment,676451.85
202512,A09037,saving,18840.78
202512,A09038,chequing,8380.37
202512,A09039,chequing,1328.38
202512,A09040,chequing,10844.08
202512,A09041,chequing,14092.36
202512,A09042,mortgage,0
202512,A09043,saving,13647.04
202512,A09044,investment,85890.87
202512,A09045,investment,987669.55
202512,A09046,investment,91816.15
202512,A09047,chequing,3255.96
202512,A09048,chequing,9232.21
202512,A09049,lending,16454.65
202512,A09050,investment,573308.23
202512,A09051,saving,11917.93
202512,A09052,investment,527136.84
202512,A09053,investment,78310.53
202512,A09054,investment,185249.06
202512,A09055,investment,54917.25
202512,A09056,investment,0
202512,A09057,chequing,6006.54
202512,A09058,card,0
202512,A09059,mortgage,0
202512,A09060,chequing,15886.1
202512,A09061,investment,964965.1
202512,A09062,card,-416.03
202512,A09063,lending,37600.8
202512,A09064,mortgage,441844.47
202512,A09065,chequing,8336.19
202512,A09066,investment,929800.99
202512,A09067,card,-4262.81
202512,A09068,chequing,7301.87
202512,A09069,investment,666375.67
202512,A09070,card,0
202512,A09071,chequing,13804.18
202512,A09072,card,0
202512,A09073,investment,959443.36
202512,A09074,mortgage,86336.52
202512,A09075,mortgage,486716.81
202512,A09076,lending,2624.22
202512,A09077,investment,703774.85
202512,A09078,investment,411483.54
202512,A09079,investment,879498.75
202512,A09080,chequing,13622.18
202512,A09081,card,-2022.75
202512,A09082,chequing,12721.44
202512,A09083,saving,43002.56
202512,A09084,chequing,18057.21
202512,A09085,card,-4351.49
202512,A09086,saving,13930.84
202512,A09087,saving,4326.55
202512,A09088,investment,0
202512,A09089,saving,0
202512,A09090,investment,381357.45
202512,A09091,investment,326007.24
202512,A09092,saving,3483.58
202512,A09093,mortgage,486398.16
202512,A09094,mortgage,170007.6
202512,A09095,mortgage,52887.99
202512,A09096,investment,799071.86
202512,A09097,chequing,18013.62
202512,A09098,investment,667698.32
202512,A09099,chequing,6687.63
202512,A09100,lending,0
202512,A09101,investment,588584.95
202512,A09102,mortgage,296030.83
202512,A09103,lending,0
202512,A09104,lending,17910.4
202512,A09105,lending,34515.37
202512,A09106,chequing,9283
202512,A09107,investment,521324.24
202512,A09108,lending,17240.02
202512,A09109,investment,439725.87
202512,A09110,investment,71444.6
202512,A09111,investment,15219.75
202512,A09112,saving,38640.15
202512,A09113,chequing,8512.36
202512,A09114,investment,877256.25
202512,A09115,chequing,6859.38
202512,A09116,saving,10655.63
202512,A09117,investment,4833.17
202512,A09118,chequing,5209.19
202512,A09119,mortgage,478173.81
202512,A09120,chequing,6828.95
202512,A09121,investment,819499.35
202512,A09122,chequing,5380.33
202512,A09123,chequing,7756.3
202512,A09124,lending,49354.83
202512,A09125,saving,8059.36
202512,A09126,investment,291400.6
202512,A09127,chequing,7743.04
202512,A09128,chequing,4906.77
202512,A09129,investment,420834.54
202512,A09130,investment,92082.22
202512,A09131,card,-2637.66
202512,A09132,investment,196566.88
202512,A09133,mortgage,219966.99
202512,A09134,chequing,1868.07
202512,A09135,investment,54714.37
202512,A09136,saving,0
202512,A09137,card,-3142.58
202512,A09138,card,-1560.41
202512,A09139,investment,117310.45
202512,A09140,saving,4548.32
202512,A09141,chequing,0
202512,A09142,investment,71979.39
202512,A09143,investment,879997.99
202512,A09144,investment,696117.35
202512,A09145,chequing,2869.02
202512,A09146,lending,16908.3
202512,A09147,saving,14730.12
202512,A09148,investment,871622.75
202512,A09149,investment,184444.15
202512,A09150,card,-1488.57
202512,A09151,investment,0
202512,A09152,saving,28833.04
202512,A09153,saving,5487.91
202512,A09154,investment,0
202512,A09155,investment,69865.93
202512,A09156,chequing,5435.11
202512,A09157,chequing,0
202512,A09158,lending,2800.7
202512,A09159,investment,546155.04
202512,A09160,investment,769391.56
202512,A09161,saving,5366.9
202512,A09162,investment,204674.61
202512,A09163,mortgage,379050.98
202512,A09164,investment,27294.22
202512,A09165,saving,1177.17
202512,A09166,chequing,0
202512,A09167,investment,11147.82
202512,A09168,chequing,13585.16
202512,A09169,lending,46402.04
202512,A09170,investment,429539.83
202512,A09171,chequing,4991.79
202512,A09172,lending,15024.19
202512,A09173,chequing,6661.25
202512,A09174,investment,69209.78
202512,A09175,investment,387732.31
202512,A09176,investment,39921.56
202512,A09177,investment,180576.77
202512,A09178,investment,251114.56
202512,A09179,chequing,19952.17
202512,A09180,card,-1963.77
202512,A09181,investment,588930.5
202512,A09182,saving,35385.4
202512,A09183,lending,19288.71
202512,A09184,chequing,6377.36
202512,A09185,chequing,9598.23
202512,A09186,investment,408619.68
202512,A09187,investment,427352.09
202512,A09188,investment,805382.55
202512,A09189,chequing,0
202512,A09190,investment,851501.23
202512,A09191,card,-3442.75
202512,A09192,mortgage,76030.24
202512,A09193,chequing,8802.91
202512,A09194,chequing,7231.62
202512,A09195,investment,21524.99
202512,A09196,investment,382765.41
202512,A09197,investment,362899.07
202512,A09198,investment,747411.54
202512,A09199,investment,681381.74
202512,A09200,investment,4484.57
202512,A09201,investment,799309.48
202512,A09202,investment,49532.87
202512,A09203,investment,46879.04
202512,A09204,investment,215653.58
202512,A09205,investment,739518.8
202512,A09206,mortgage,175124.27
202512,A09207,investment,53333.2
202512,A09208,investment,428411.34
202512,A09209,investment,259082.3
202512,A09210,investment,75307.91
202512,A09211,investment,960947.31
202512,A09212,investment,88867.54
202512,A09213,card,-2409.34
202512,A09214,chequing,3779.83
202512,A09215,mortgage,460195.9
202512,A09216,investment,0
202512,A09217,chequing,10733.9
202512,A09218,mortgage,145343.6
202512,A09219,chequing,13389.62
202512,A09220,lending,4407.94
202512,A09221,investment,184398.87
202512,A09222,saving,13839.44
202512,A09223,lending,34602.58
202512,A09224,chequing,7657.32
202512,A09225,investment,275006.2
202512,A09226,mortgage,373795.91
202512,A09227,investment,0
202512,A09228,saving,7091.33
202512,A09229,saving,16571.52
202512,A09230,mortgage,215309.4
202512,A09231,investment,303506.82
202512,A09232,investment,267086.92
202512,A09233,investment,966131.09
202512,A09234,chequing,15846.16
202512,A09235,investment,483458.04
202512,A09236,investment,67628.58
202512,A09237,card,-1165.84
202512,A09238,lending,48965.68
202512,A09239,investment,868743.5
202512,A09240,investment,417606.95
202512,A09241,saving,0
202512,A09242,investment,985272.5
202512,A09243,saving,11352.09
202512,A09244,investment,899559.68
202512,A09245,investment,0
202512,A09246,saving,18024.87
202512,A09247,mortgage,199623.54
202512,A09248,investment,0
202512,A09249,chequing,9512.54
202512,A09250,chequing,6409.35
202512,A09251,chequing,2135.45
202512,A09252,chequing,4965.62
202512,A09253,chequing,17617.49
202512,A09254,lending,39080.4
202512,A09255,saving,6815.91
202512,A09256,investment,989559.81
202512,A09257,investment,446178.05
202512,A09258,card,-1168.83
202512,A09259,investment,94392.63
202512,A09260,investment,58862.99
202512,A09261,investment,543001.42
202512,A09262,chequing,6419.74
202512,A09263,investment,17984.65
202512,A09264,investment,7110.12
202512,A09265,mortgage,251575.26
202512,A09266,saving,48867.95
202512,A09267,card,-3807.21
202512,A09268,saving,8435.97
202512,A09269,saving,48026.01
202512,A09270,card,-44.98
202512,A09271,saving,6646.72
202512,A09272,mortgage,499202.01
202512,A09273,lending,47102.05
202512,A09274,investment,0
202512,A09275,saving,15631.81
202512,A09276,saving,19359.83
202512,A09277,chequing,6258.88
202512,A09278,mortgage,382111.3
202512,A09279,investment,618836.65
202512,A09280,investment,651668.9
202512,A09281,mortgage,64344.98
202512,A09282,chequing,9222.31
202512,A09283,investment,644503.08
202512,A09284,mortgage,487642.38
202512,A09285,card,-1880.72
202512,A09286,lending,34705.91
202512,A09287,chequing,16749.17
202512,A09288,chequing,7500.66
202512,A09289,investment,241473
202512,A09290,chequing,3232.3
202512,A09291,chequing,17722.18
202512,A09292,chequing,0
202512,A09293,investment,777338.25
202512,A09294,saving,7690.25
202512,A09295,lending,43267.75
202512,A09296,lending,28366.63
202512,A09297,card,-2919.86
202512,A09298,investment,640420.13
202512,A09299,investment,738186.45
202512,A09300,card,-1270.61
202512,A09301,investment,0
202512,A09302,investment,943489.12
202512,A09303,card,-3215.65
202512,A09304,investment,0
202512,A09305,investment,189216.84
202512,A09306,investment,0
202512,A09307,investment,662071.1
202512,A09308,lending,16782.12
202512,A09309,investment,362033.57
202512,A09310,chequing,7426.13
202512,A09311,saving,8381.38
202512,A09312,chequing,9129.68
202512,A09313,investment,311257.63
202512,A09314,saving,8622.02
202512,A09315,investment,698484.47
202512,A09316,investment,579868.42
202512,A09317,card,-2684.96
202512,A09318,mortgage,132508.07
202512,A09319,investment,174431.19
202512,A09320,mortgage,196370.36
202512,A09321,chequing,15414.53
202512,A09322,chequing,7589.9
202512,A09323,saving,582.43
202512,A09324,investment,464937.04
202512,A09325,investment,192963.69
202512,A09326,investment,79301.83
202512,A09327,investment,680897.95
202512,A09328,chequing,9420.35
202512,A09329,investment,37755.19
202512,A09330,saving,1093.06
202512,A09331,mortgage,301384.99
202512,A09332,saving,0
202512,A09333,investment,738608.51
202512,A09334,investment,461779.98
202512,A09335,mortgage,51678.91
202512,A09336,investment,452184.56
202512,A09337,investment,191115.7
202512,A09338,investment,332915.95
202512,A09339,investment,858439.6
202512,A09340,saving,5623.02
202512,A09341,investment,71119.91
202512,A09342,investment,529630.38
202512,A09343,investment,913034.01
202512,A09344,lending,13193.31
202512,A09345,investment,63622.09
202512,A09346,investment,23156.39
202512,A09347,chequing,1645.42
202512,A09348,mortgage,167466.94
202512,A09349,investment,0
202512,A09350,saving,3746.38
202512,A09351,mortgage,329683.52
202512,A09352,mortgage,198550.04
202512,A09353,chequing,3336.67
202512,A09354,mortgage,381571.06
202512,A09355,saving,1230.63
202512,A09356,lending,0
202512,A09357,saving,7870.15
202512,A09358,saving,3026.17
202512,A09359,chequing,1310.41
202512,A09360,investment,356778.25
202512,A09361,investment,108678.34
202512,A09362,chequing,0
202512,A09363,chequing,7559.93
202512,A09364,lending,0
202512,A09365,investment,0
202512,A09366,lending,48126.04
202512,A09367,card,-942.12
202512,A09368,investment,302838.71
202512,A09369,investment,987652.54
202512,A09370,investment,275611.97
202512,A09371,investment,744933.4
202512,A09372,investment,729215.35
202512,A09373,chequing,3390.5
202512,A09374,mortgage,82112.74
202512,A09375,saving,0
202512,A09376,investment,0
202512,A09377,saving,10705.79
202512,A09378,saving,10846.06
202512,A09379,investment,343207.05
202512,A09380,mortgage,97380.77
202512,A09381,investment,521035.22
202512,A09382,investment,63401.55
202512,A09383,investment,4135.44
202512,A09384,investment,81747.05
202512,A09385,investment,578809.31
202512,A09386,saving,17343.95
202512,A09387,saving,6236.44
202512,A09388,investment,93066.39
202512,A09389,mortgage,348486
202512,A09390,mortgage,0
202512,A09391,mortgage,437995.23
202512,A09392,card,-1886.43
202512,A09393,investment,125201.9
202512,A09394,lending,48429.61
202512,A09395,investment,0
202512,A09396,chequing,615.09
202512,A09397,lending,45516.04
202512,A09398,investment,976949.96
202512,A09399,card,-4628.95
202512,A09400,chequing,5452.27
202512,A09401,chequing,7622.77
202512,A09402,lending,8026.88
202512,A09403,chequing,1638.16
202512,A09404,investment,936740.95
202512,A09405,saving,9299.73
202512,A09406,investment,924451.19
202512,A09407,card,-4641.86
202512,A09408,lending,0
202512,A09409,investment,0
202512,A09410,investment,806902.28
202512,A09411,chequing,4453.32
202512,A09412,chequing,9406.33
202512,A09413,saving,38338.61
202512,A09414,mortgage,0
202512,A09415,card,0
202512,A09416,investment,545425.98
202512,A09417,chequing,5047.64
202512,A09418,investment,128720.73
202512,A09419,investment,515095.69
202512,A09420,investment,205228.31
202512,A09421,lending,28504.94
202512,A09422,saving,7609.89
202512,A09423,mortgage,94321.12
202512,A09424,chequing,5759.03
202512,A09425,saving,25888.96
202512,A09426,investment,257070.23
202512,A09427,mortgage,188221.4
202512,A09428,chequing,11056.81
202512,A09429,investment,897510.61
202512,A09430,investment,73295.03
202512,A09431,chequing,3052.33
202512,A09432,investment,69682.66
202512,A09433,card,-983.88
202512,A09434,investment,54097.89
202512,A09435,investment,0
202512,A09436,investment,446893.28
202512,A09437,investment,140442.06
202512,A09438,investment,180193.63
202512,A09439,investment,843950.94
202512,A09440,chequing,12445.47
202512,A09441,investment,263115.05
202512,A09442,card,-857.04
202512,A09443,saving,11131.96
202512,A09444,investment,720715.46
202512,A09445,mortgage,318936.12
202512,A09446,mortgage,117751.34
202512,A09447,investment,395489.92
202512,A09448,mortgage,442842.87
202512,A09449,investment,448272.08
202512,A09450,card,-53.52
202512,A09451,chequing,1309.41
202512,A09452,investment,555603.32
202512,A09453,chequing,12306.08
202512,A09454,card,-3851.21
202512,A09455,chequing,6909.61
202512,A09456,investment,575021.85
202512,A09457,chequing,6979.82
202512,A09458,investment,0
202512,A09459,card,-1804.94
202512,A09460,investment,754161.02
202512,A09461,investment,0
202512,A09462,investment,119241.71
202512,A09463,saving,5226.88
202512,A09464,investment,155715.3
202512,A09465,mortgage,447830.98
202512,A09466,chequing,0
202512,A09467,lending,15065.46
202512,A09468,card,-3930.51
202512,A09469,mortgage,0
202512,A09470,chequing,6609.77
202512,A09471,investment,11375.82
202512,A09472,investment,707651.76
202512,A09473,investment,684943.87
202512,A09474,chequing,18165.94
202512,A09475,saving,0
202512,A09476,chequing,3203.64
202512,A09477,investment,766266.77
202512,A09478,mortgage,57944.44
202512,A09479,chequing,16648.21
202512,A09480,lending,43655.83
202512,A09481,investment,593916.07
202512,A09482,investment,429893.69
202512,A09483,saving,7070.53
202512,A09484,card,-1005.24
202512,A09485,card,-3390.46
202512,A09486,chequing,3151.97
202512,A09487,investment,60083.2
202512,A09488,investment,441997.57
202512,A09489,investment,17968.43
202512,A09490,investment,924365.91
202512,A09491,investment,272122.52
202512,A09492,saving,5215.73
202512,A09493,chequing,16353.18
202512,A09494,mortgage,51550.86
202512,A09495,investment,96172.71
202512,A09496,investment,28771.47
202512,A09497,investment,78701.78
202512,A09498,investment,49775.32
202512,A09499,saving,19848.42
202512,A09500,card,-2634.15
202512,A09501,investment,0
202512,A09502,card,-1866.89
202512,A09503,investment,0
202512,A09504,lending,29444.94
202512,A09505,investment,40833.99
202512,A09506,investment,958014.33
202512,A09507,lending,0
202512,A09508,card,-4669.64
202512,A09509,lending,49436.24
202512,A09510,investment,784723.79
202512,A09511,investment,0
202512,A09512,investment,713697.11
202512,A09513,chequing,2472.68
202512,A09514,chequing,6123.15
202512,A09515,investment,307715.54
202512,A09516,mortgage,213793.32
202512,A09517,card,-4072.69
202512,A09518,investment,93657.55
202512,A09519,investment,0
202512,A09520,saving,40649.91
202512,A09521,chequing,9745.04
202512,A09522,card,-4676.71
202512,A09523,investment,197262.68
202512,A09524,saving,35414.1
202512,A09525,investment,87737.72
202512,A09526,investment,8113.56
202512,A09527,chequing,13201.17
202512,A09528,chequing,10219.11
202512,A09529,saving,15603.09
202512,A09530,chequing,7228.16
202512,A09531,investment,520153.76
202512,A09532,investment,15801.09
202512,A09533,investment,0
202512,A09534,investment,102134.26
202512,A09535,lending,39746.63
202512,A09536,chequing,9785.3
202512,A09537,investment,307092.09
202512,A09538,mortgage,216342
202512,A09539,card,-1427.39
202512,A09540,investment,819396.49
202512,A09541,investment,629508.98
202512,A09542,mortgage,419548.75
202512,A09543,investment,355434.82
202512,A09544,investment,753778.88
202512,A09545,chequing,9226.54
202512,A09546,investment,287007.58
202512,A09547,investment,928385.39
202512,A09548,lending,9899.69
202512,A09549,investment,0
202512,A09550,lending,42903.99
202512,A09551,investment,837378.91
202512,A09552,saving,17557.51
202512,A09553,card,-958.32
202512,A09554,saving,9740
202512,A09555,saving,12023.16
202512,A09556,chequing,5980.69
202512,A09557,saving,4317.58
202512,A09558,mortgage,452538.97
202512,A09559,mortgage,394326.47
202512,A09560,saving,45073.52
202512,A09561,card,-513.48
202512,A09562,investment,120071.38
202512,A09563,chequing,6667.46
202512,A09564,mortgage,237281.23
202512,A09565,investment,75274.17
202512,A09566,investment,753999.76
202512,A09567,investment,910029.13
202512,A09568,card,-1973.44
202512,A09569,chequing,18740.26
202512,A09570,investment,66333.34
202512,A09571,card,-2512.4
202512,A09572,investment,127121.26
202512,A09573,lending,24472.76
202512,A09574,chequing,11106.28
202512,A09575,mortgage,493508.01
202512,A09576,investment,6210.43
202512,A09577,investment,141117.86
202512,A09578,chequing,12656.15
202512,A09579,saving,16829.49
202512,A09580,investment,789304.04
202512,A09581,investment,67971.96
202512,A09582,investment,984222.58
202512,A09583,investment,991288.44
202512,A09584,card,-383.39
202512,A09585,saving,15819.83
202512,A09586,card,-792.45
202512,A09587,lending,8653.77
202512,A09588,investment,0
202512,A09589,investment,36662.96
202512,A09590,saving,13069.27
202512,A09591,lending,0
202512,A09592,mortgage,159132.86
202512,A09593,investment,756717.5
202512,A09594,mortgage,206083.54
202512,A09595,chequing,0
202512,A09596,investment,127472.91
202512,A09597,investment,939631.69
202512,A09598,card,-3889.15
202512,A09599,investment,965670.4
202512,A09600,chequing,8631.12
202512,A09601,chequing,1306.3
202512,A09602,investment,19384.89
202512,A09603,chequing,17260.7
202512,A09604,investment,0
202512,A09605,chequing,8758.09
202512,A09606,investment,302494.28
202512,A09607,saving,3746.2
202512,A09608,mortgage,432573.48
202512,A09609,saving,48458.41
202512,A09610,saving,14378.73
202512,A09611,investment,536835.24
202512,A09612,mortgage,84692.39
202512,A09613,investment,96796.37
202512,A09614,lending,17450.35
202512,A09615,investment,667601.23
202512,A09616,chequing,973.24
202512,A09617,investment,351833.19
202512,A09618,mortgage,435192.28
202512,A09619,chequing,0
202512,A09620,chequing,9564.9
202512,A09621,card,-3349.45
202512,A09622,card,-2755.68
202512,A09623,investment,728153.08
202512,A09624,saving,10143.39
202512,A09625,chequing,13688.02
202512,A09626,investment,324649.52
202512,A09627,chequing,0
202512,A09628,investment,569817.59
202512,A09629,investment,39980.15
202512,A09630,investment,925151.9
202512,A09631,investment,8230.75
202512,A09632,chequing,4411.73
202512,A09633,chequing,9005.92
202512,A09634,investment,0
202512,A09635,lending,16233.33
202512,A09636,card,-3146.6
202512,A09637,chequing,0
202512,A09638,investment,631341.24
202512,A09639,chequing,15100.65
202512,A09640,lending,4027.26
202512,A09641,lending,30290.93
202512,A09642,card,-2781.33
202512,A09643,mortgage,477664.09
202512,A09644,investment,281818.27
202512,A09645,chequing,6473.2
202512,A09646,investment,21814.27
202512,A09647,chequing,0
202512,A09648,investment,403116.72
202512,A09649,saving,0
202512,A09650,chequing,6023.43
202512,A09651,investment,181668.69
202512,A09652,investment,32739.15
202512,A09653,investment,871257.79
202512,A09654,saving,13207.44
202512,A09655,investment,0
202512,A09656,investment,362639.77
202512,A09657,investment,275328.74
202512,A09658,investment,530420.18
202512,A09659,lending,1079.47
202512,A09660,card,-2151.83
202512,A09661,chequing,6555.49
202512,A09662,investment,219614.29
202512,A09663,card,-3624.36
202512,A09664,saving,13635.19
202512,A09665,investment,854822.48
202512,A09666,mortgage,0
202512,A09667,mortgage,0
202512,A09668,chequing,0
202512,A09669,investment,518867.91
202512,A09670,chequing,2329.25
202512,A09671,mortgage,449671.89
202512,A09672,investment,473561.34
202512,A09673,investment,99658.26
202512,A09674,saving,946.18
202512,A09675,saving,5901.73
202512,A09676,card,-1984.19
202512,A09677,investment,6326.95
202512,A09678,investment,700676.73
202512,A09679,chequing,6976.12
202512,A09680,investment,993831.3
202512,A09681,lending,35703.68
202512,A09682,investment,875071.72
202512,A09683,investment,743885.04
202512,A09684,investment,89258.89
202512,A09685,mortgage,345501.65
202512,A09686,saving,3852.06
202512,A09687,card,-4571.46
202512,A09688,mortgage,230716.47
202512,A09689,saving,45690.88
202512,A09690,investment,947955.05
202512,A09691,investment,866752.91
202512,A09692,investment,511339.21
202512,A09693,investment,781019
202512,A09694,mortgage,157976.9
202512,A09695,investment,299211.29
202512,A09696,chequing,8856.5
202512,A09697,chequing,9459.5
202512,A09698,card,0
202512,A09699,investment,67681.53
202512,A09700,mortgage,206139.8
202512,A09701,saving,24257.12
202512,A09702,saving,48651.81
202512,A09703,investment,667084.17
202512,A09704,mortgage,468460.8
202512,A09705,investment,327946.23
202512,A09706,investment,542348.15
202512,A09707,investment,781835.74
202512,A09708,mortgage,0
202512,A09709,investment,713867.64
202512,A09710,investment,985591.05
202512,A09711,chequing,13850.13
202512,A09712,mortgage,137828.32
202512,A09713,chequing,1145.94
202512,A09714,investment,73117.58
202512,A09715,saving,17051.47
202512,A09716,investment,273033.34
202512,A09717,chequing,893.03
202512,A09718,mortgage,450813.75
202512,A09719,lending,28534.39
202512,A09720,investment,0
202512,A09721,investment,472453.34
202512,A09722,investment,0
202512,A09723,lending,4268.09
202512,A09724,card,-1960.09
202512,A09725,investment,463575.04
202512,A09726,chequing,261.49
202512,A09727,chequing,4083.73
202512,A09728,chequing,751.75
202512,A09729,investment,196506.68
202512,A09730,saving,5237.34
202512,A09731,mortgage,233940.42
202512,A09732,investment,562457.75
202512,A09733,card,-1323.13
202512,A09734,investment,85006.26
202512,A09735,investment,0
202512,A09736,mortgage,0
202512,A09737,chequing,11758.29
202512,A09738,lending,0
202512,A09739,investment,704783.56
202512,A09740,chequing,9424.72
202512,A09741,lending,21094.42
202512,A09742,lending,27468.74
202512,A09743,saving,0
202512,A09744,chequing,7996.21
202512,A09745,saving,19185.13
202512,A09746,chequing,18480.42
202512,A09747,saving,36113.88
202512,A09748,investment,513623.23
202512,A09749,card,-1856.41
202512,A09750,investment,264339.4
202512,A09751,card,-330.17
202512,A09752,chequing,3074.73
202512,A09753,investment,858432.28
202512,A09754,investment,944828.35
202512,A09755,investment,928328.89
202512,A09756,chequing,0
202512,A09757,chequing,9649.26
202512,A09758,investment,850723.85
202512,A09759,investment,0
202512,A09760,saving,12364.07
202512,A09761,investment,4644.91
202512,A09762,investment,843533.68
202512,A09763,investment,118359.59
202512,A09764,investment,71585.77
202512,A09765,chequing,12557.1
202512,A09766,saving,19198.38
202512,A09767,saving,13721.62
202512,A09768,investment,43001.15
202512,A09769,investment,87689.43
202512,A09770,chequing,9736.41
202512,A09771,saving,49659.18
202512,A09772,saving,14551.43
202512,A09773,card,-4150.18
202512,A09774,saving,12080.49
202512,A09775,card,-3105.73
202512,A09776,mortgage,173998.55
202512,A09777,investment,813154.88
202512,A09778,investment,263133.06
202512,A09779,investment,461466.57
202512,A09780,investment,716906.22
202512,A09781,mortgage,371622.02
202512,A09782,mortgage,375945.65
202512,A09783,lending,23964.66
202512,A09784,investment,319956
202512,A09785,saving,3456.73
202512,A09786,card,-318.2
202512,A09787,saving,0
202512,A09788,saving,0
202512,A09789,chequing,8830.61
202512,A09790,card,-1001.57
202512,A09791,card,-2386.92
202512,A09792,saving,11529.45
202512,A09793,mortgage,235689.06
202512,A09794,saving,16248.51
202512,A09795,investment,904576.9
202512,A09796,saving,2600.98
202512,A09797,lending,17245.68
202512,A09798,investment,826668.71
202512,A09799,chequing,6439.37
202512,A09800,lending,46085.34
202512,A09801,investment,7107.35
202512,A09802,investment,527034.99
202512,A09803,investment,462976.06
202512,A09804,chequing,19673.69
202512,A09805,investment,838819.07
202512,A09806,mortgage,0
202512,A09807,investment,22928.31
202512,A09808,investment,859398.33
202512,A09809,investment,144367.84
202512,A09810,mortgage,424095.94
202512,A09811,mortgage,333224.43
202512,A09812,investment,622276.78
202512,A09813,card,-4236.64
202512,A09814,investment,542689.21
202512,A09815,investment,515929.17
202512,A09816,card,-1292.06
202512,A09817,saving,14806.13
202512,A09818,investment,467064.68
202512,A09819,investment,457640.87
202512,A09820,card,-2185.14
202512,A09821,card,-925.16
202512,A09822,chequing,8855.09
202512,A09823,investment,0
202512,A09824,chequing,9204.11
202512,A09825,saving,0
202512,A09826,mortgage,202503.43
202512,A09827,mortgage,489721.64
202512,A09828,investment,407865.99
202512,A09829,investment,243148.18
202512,A09830,investment,30545.53
202512,A09831,chequing,13862.19
202512,A09832,mortgage,232780.65
202512,A09833,lending,1975.42
202512,A09834,investment,73276.4
202512,A09835,mortgage,250306.91
202512,A09836,mortgage,145478.88
202512,A09837,investment,958715.94
202512,A09838,saving,48441.19
202512,A09839,chequing,1993.6
202512,A09840,lending,49302.2
202512,A09841,investment,584631.33
202512,A09842,saving,36119.11
202512,A09843,investment,0
202512,A09844,chequing,2462.38
202512,A09845,investment,190671.48
202512,A09846,lending,14309.98
202512,A09847,chequing,18190.91
202512,A09848,chequing,4575.21
202512,A09849,card,-4881.56
202512,A09850,saving,700.36
202512,A09851,investment,975120.74
202512,A09852,mortgage,0
202512,A09853,investment,316879.55
202512,A09854,chequing,0
202512,A09855,mortgage,108152.37
202512,A09856,investment,983914.4
202512,A09857,chequing,9140.25
202512,A09858,investment,863456.27
202512,A09859,investment,508807.59
202512,A09860,lending,21369.7
202512,A09861,chequing,4686.06
202512,A09862,mortgage,417875.42
202512,A09863,chequing,4348.15
202512,A09864,chequing,10174.48
202512,A09865,investment,545228.92
202512,A09866,saving,15745.18
202512,A09867,saving,11517.36
202512,A09868,lending,9915.73
202512,A09869,saving,11064.26
202512,A09870,investment,183004.38
202512,A09871,investment,180506
202512,A09872,investment,771716.03
202512,A09873,investment,746417.44
202512,A09874,investment,65952.24
202512,A09875,investment,207996.55
202512,A09876,mortgage,190441.72
202512,A09877,investment,203405.8
202512,A09878,saving,1646.16
202512,A09879,chequing,6463.98
202512,A09880,saving,12111.47
202512,A09881,chequing,8203.18
202512,A09882,investment,755042.44
202512,A09883,lending,22916.08
202512,A09884,investment,227060.7
202512,A09885,investment,995390.4
202512,A09886,investment,477566.43
202512,A09887,chequing,5712.08
202512,A09888,investment,524620
202512,A09889,saving,0
202512,A09890,chequing,8384.68
202512,A09891,investment,101006.41
202512,A09892,saving,9792.87
202512,A09893,card,-4265.01
202512,A09894,saving,13047.57
202512,A09895,chequing,8074.33
202512,A09896,saving,39612.57
202512,A09897,mortgage,108684.44
202512,A09898,investment,312827.73
202512,A09899,investment,113165.82
202512,A09900,saving,0
202512,A09901,card,-761.46
202512,A09902,investment,109448.47
202512,A09903,saving,13667.95
202512,A09904,investment,210583.71
202512,A09905,saving,7567.02
202512,A09906,investment,552801.01
202512,A09907,lending,48567.98
202512,A09908,investment,618379.69
202512,A09909,mortgage,426548.82
202512,A09910,investment,950923.25
202512,A09911,investment,422012.09
202512,A09912,investment,549281.27
202512,A09913,mortgage,391693.21
202512,A09914,investment,96902.05
202512,A09915,investment,726261.27
202512,A09916,investment,936924.8
202512,A09917,mortgage,396234.35
202512,A09918,mortgage,57970.72
202512,A09919,card,-3630.39
202512,A09920,saving,9298.17
202512,A09921,investment,227131.5
202512,A09922,investment,16727.33
202512,A09923,chequing,7678.68
202512,A09924,investment,36166.24
202512,A09925,investment,694926.74
202512,A09926,lending,14144.59
202512,A09927,investment,0
202512,A09928,card,-1557.73
202512,A09929,investment,14361.57
202512,A09930,saving,7823.15
202512,A09931,saving,1401.28
202512,A09932,investment,329204.41
202512,A09933,saving,12835
202512,A09934,lending,7263.72
202512,A09935,investment,324287.8
202512,A09936,investment,71634.54
202512,A09937,investment,547186.87
202512,A09938,lending,21199.25
202512,A09939,investment,987874.45
202512,A09940,mortgage,429542.31
202512,A09941,investment,275549.38
202512,A09942,chequing,8792.3
202512,A09943,chequing,19835.79
202512,A09944,investment,0
202512,A09945,investment,417138.48
202512,A09946,investment,705231.97
202512,A09947,card,-1454.19
202512,A09948,saving,7972.18
202512,A09949,chequing,0
202512,A09950,chequing,11746.47
202512,A09951,investment,858405.12
202512,A09952,investment,806139.42
202512,A09953,saving,36913.51
202512,A09954,lending,9027.89
202512,A09955,investment,471996.17
202512,A09956,card,-3049.84
202512,A09957,mortgage,178553.44
202512,A09958,chequing,2062.53
202512,A09959,investment,231234.21
202512,A09960,saving,14853.74
202512,A09961,chequing,0
202512,A09962,investment,670405.56
202512,A09963,investment,436549.08
202512,A09964,investment,139394.5
202512,A09965,chequing,2787.07
202512,A09966,saving,32933.85
202512,A09967,lending,37701.26
202512,A09968,investment,77917.84
202512,A09969,saving,36434.99
202512,A09970,lending,0
202512,A09971,chequing,2221.08
202512,A09972,investment,577228.62
202512,A09973,saving,17808.01
202512,A09974,card,-3660.54
202512,A09975,investment,0
202512,A09976,saving,36885.47
202512,A09977,investment,978310.65
202512,A09978,mortgage,266440.79
202512,A09979,chequing,11589.57
202512,A09980,investment,39939.41
202512,A09981,chequing,4818.58
202512,A09982,mortgage,62992.48
202512,A09983,investment,0
202512,A09984,card,0
202512,A09985,mortgage,0
202512,A09986,saving,34025.5
202512,A09987,card,-4116.02
202512,A09988,investment,0
202512,A09989,chequing,13303.06
202512,A09990,investment,74846.76
202512,A09991,chequing,7123.36
202512,A09992,mortgage,55307.69
202512,A09993,chequing,14573.18
202512,A09994,card,-1763.47
202512,A09995,mortgage,314897.12
202512,A09996,chequing,0
202512,A09997,investment,170418.1
202512,A09998,investment,336606.26
202512,A09999,lending,12344.41
202512,A10000,saving,11360.95
202512,A10001,chequing,9843.65
202512,A10002,lending,29247.76
202512,A10003,investment,113082.07
202512,A10004,saving,1858.36
202512,A10005,chequing,3231.62
202512,A10006,card,-981.15
202512,A10007,lending,26492.74
202512,A10008,investment,225438.74
202512,A10009,investment,390766.26
202512,A10010,mortgage,433971.82
202512,A10011,mortgage,75246.23
202512,A10012,mortgage,230211
202512,A10013,card,-3922.78
202512,A10014,mortgage,488249.32
202512,A10015,investment,851653.2
202512,A10016,investment,235358.48
202512,A10017,chequing,8319.58
202512,A10018,mortgage,401202.73
202512,A10019,saving,18344.76
202512,A10020,chequing,6683.74
202512,A10021,investment,385166.05
202512,A10022,investment,0
202512,A10023,mortgage,453045.99
202512,A10024,mortgage,350561.44
202512,A10025,mortgage,226563.95
202512,A10026,chequing,1750.51
202512,A10027,saving,10011.81
202512,A10028,chequing,11990.07
202512,A10029,investment,355328.76
202512,A10030,investment,298401.32
202512,A10031,saving,643.79
202512,A10032,saving,3469.75
202512,A10033,saving,11799.03
202512,A10034,lending,31293.08
202512,A10035,lending,3091.48
202512,A10036,chequing,404.89
202512,A10037,investment,293579.16
202512,A10038,investment,409764.51
202512,A10039,chequing,2280.38
202512,A10040,saving,16308.75
202512,A10041,investment,38191.16
202512,A10042,investment,66050.19
202512,A10043,mortgage,357583.11
202512,A10044,saving,28194.53
202512,A10045,chequing,10294.72
202512,A10046,investment,860120.07
202512,A10047,saving,17297
202512,A10048,card,0
202512,A10049,investment,913282.19
202512,A10050,saving,0
202512,A10051,investment,216674.32
202512,A10052,chequing,7063.17
202512,A10053,investment,390624.03
202512,A10054,investment,0
202512,A10055,mortgage,92641.09
202512,A10056,saving,9521.7
202512,A10057,card,0
202512,A10058,card,-3521.17
202512,A10059,chequing,14910.15
202512,A10060,chequing,6855.57
202512,A10061,investment,323162.34
202512,A10062,investment,395133.26
202512,A10063,card,-2035.82
202512,A10064,card,-4281.94
202512,A10065,investment,442155.74
202512,A10066,mortgage,162230.86
202512,A10067,investment,550142.71
202512,A10068,chequing,4731.98
202512,A10069,lending,45188.23
202512,A10070,investment,769753.85
202512,A10071,card,-4924.93
202512,A10072,mortgage,167207.16
202512,A10073,investment,426355.88
202512,A10074,investment,24043.97
202512,A10075,investment,498442.16
202512,A10076,investment,551544.09
202512,A10077,saving,2650.28
202512,A10078,saving,1820.66
202512,A10079,lending,26817.87
202512,A10080,card,-4942.21
202512,A10081,lending,33530.35
202512,A10082,investment,143427.65
202512,A10083,mortgage,481016.97
202512,A10084,investment,603601.3
202512,A10085,saving,43466.4
202512,A10086,chequing,12226.9
202512,A10087,saving,9814.26
202512,A10088,saving,8545.03
202512,A10089,lending,27005.06
202512,A10090,card,-2622.05
202512,A10091,chequing,15107.88
202512,A10092,saving,13207.59
202512,A10093,saving,15194.51
202512,A10094,saving,11980.89
202512,A10095,investment,172843.33
202512,A10096,investment,99231.8
202512,A10097,lending,0
202512,A10098,investment,55252.36
202512,A10099,investment,62876.18
202512,A10100,investment,84327.77
202512,A10101,investment,522531.39
202512,A10102,investment,42823.63
202512,A10103,investment,90639.14
202512,A10104,saving,0
202512,A10105,lending,20678.11
202512,A10106,investment,532598.84
202512,A10107,lending,45029.4
202512,A10108,chequing,8692.55
202512,A10109,investment,56627.53
202512,A10110,investment,85585.94
202512,A10111,card,-2003.24
202512,A10112,investment,947246.84
202512,A10113,investment,645905.19
202512,A10114,saving,3171.05
202512,A10115,mortgage,150792.69
202512,A10116,investment,560827.9
202512,A10117,investment,767572.78
202512,A10118,card,-800.18
202512,A10119,investment,398775.57
202512,A10120,investment,720616.44
202512,A10121,lending,21536.23
202512,A10122,investment,14864.67
202512,A10123,investment,550535.34
202512,A10124,card,-2746.24
202512,A10125,card,-306.4
202512,A10126,investment,273622.07
202512,A10127,card,-2919.1
202512,A10128,investment,0
202512,A10129,chequing,4525.09
202512,A10130,investment,960070.2
202512,A10131,chequing,6280.45
202512,A10132,investment,698128.13
202512,A10133,investment,49227.69
202512,A10134,card,-1658.07
202512,A10135,card,-1765.29
202512,A10136,saving,0
202512,A10137,investment,744547.97
202512,A10138,chequing,11043.47
202512,A10139,lending,0
202512,A10140,investment,45274.59
202512,A10141,card,-3591.09
202512,A10142,investment,613286.99
202512,A10143,investment,971383.29
202512,A10144,saving,6993.56
202512,A10145,saving,905.24
202512,A10146,investment,505092.18
202512,A10147,mortgage,353697.42
202512,A10148,investment,25788.4
202512,A10149,investment,893399.04
202512,A10150,chequing,7110.19
202512,A10151,mortgage,389220.58
202512,A10152,card,-4607.94
202512,A10153,investment,726659.7
202512,A10154,investment,223234.51
202512,A10155,saving,9438.14
202512,A10156,saving,17696.49
202512,A10157,investment,89594.86
202512,A10158,card,-1158.75
202512,A10159,chequing,7608.64
202512,A10160,investment,597509.92
202512,A10161,card,0
202512,A10162,mortgage,258658.91
202512,A10163,lending,27749.68
202512,A10164,chequing,16230.58
202512,A10165,mortgage,479707.67
202512,A10166,investment,879558.25
202512,A10167,investment,64191.78
202512,A10168,chequing,1141.08
202512,A10169,card,-4767.95
202512,A10170,mortgage,470823.58
202512,A10171,mortgage,312824.15
202512,A10172,investment,580823.89
202512,A10173,card,-1758.65
202512,A10174,chequing,5933.11
202512,A10175,investment,85455.75
202512,A10176,investment,89189.68
202512,A10177,card,-3121.12
202512,A10178,saving,26857.2
202512,A10179,investment,375913.16
202512,A10180,investment,371244.94
202512,A10181,chequing,1646.84
202512,A10182,card,-4350.07
202512,A10183,saving,7449.59
202512,A10184,chequing,1628.26
202512,A10185,lending,35242.93
202512,A10186,chequing,5679.24
202512,A10187,mortgage,266564.63
202512,A10188,investment,482108.47
202512,A10189,lending,3616.69
202512,A10190,investment,26481.45
202512,A10191,investment,366355.15
202512,A10192,card,0
202512,A10193,chequing,5618.65
202512,A10194,card,-2252.44
202512,A10195,saving,19306.81
202512,A10196,lending,1660.74
202512,A10197,lending,3208.27
202512,A10198,chequing,144.43
202512,A10199,investment,531243.94
202512,A10200,lending,33388.34
202512,A10201,card,-4437.53
202512,A10202,saving,17936.6
202512,A10203,investment,207340.86
202512,A10204,investment,253080.78
202512,A10205,investment,506412.9
202512,A10206,lending,14337.66
202512,A10207,investment,351008.57
202512,A10208,investment,954227.06
202512,A10209,chequing,7418.09
202512,A10210,saving,7240.33
202512,A10211,card,-1089.64
202512,A10212,investment,0
202512,A10213,mortgage,451886.15
202512,A10214,investment,915389.55
202512,A10215,saving,4023.4
202512,A10216,saving,43783.56
202512,A10217,lending,30160.66
202512,A10218,chequing,13278.36
202512,A10219,card,-4207.87
202512,A10220,mortgage,319274.31
202512,A10221,mortgage,487893.64
202512,A10222,investment,0
202512,A10223,saving,5873.56
202512,A10224,lending,25982.89
202512,A10225,chequing,5765.06
202512,A10226,saving,0
202512,A10227,saving,3776.76
202512,A10228,chequing,7438.91
202512,A10229,mortgage,400158.06
202512,A10230,lending,9467.6
202512,A10231,lending,28343.74
202512,A10232,investment,83966.37
202512,A10233,saving,19470.73
202512,A10234,card,-4757.89
202512,A10235,investment,0
202512,A10236,investment,0
202512,A10237,investment,442795.78
202512,A10238,saving,11333.25
202512,A10239,chequing,5016.84
202512,A10240,card,-1285.54
202512,A10241,chequing,0
202512,A10242,lending,22366.36
202512,A10243,saving,6157
202512,A10244,investment,983567.77
202512,A10245,saving,0
202512,A10246,chequing,6620.71
202512,A10247,investment,975815.47
202512,A10248,investment,0
202512,A10249,mortgage,180091.89
202512,A10250,chequing,7775.44
202512,A10251,lending,0
202512,A10252,card,-1383.94
202512,A10253,investment,612435.67
202512,A10254,investment,24104.82
202512,A10255,investment,25292.54
202512,A10256,mortgage,230195.97
202512,A10257,investment,291158.53
202512,A10258,investment,231651.71
202512,A10259,chequing,5349.53
202512,A10260,chequing,3354.41
202512,A10261,mortgage,265915.84
202512,A10262,lending,38112.27
202512,A10263,investment,85553.83
202512,A10264,investment,0
202512,A10265,saving,47854.78
202512,A10266,chequing,18923.11
202512,A10267,saving,28865.69
202512,A10268,investment,0
202512,A10269,investment,77522.71
202512,A10270,chequing,15547.33
202512,A10271,chequing,2875.29
202512,A10272,investment,665247.66
202512,A10273,investment,851833.06
202512,A10274,chequing,4404.36
202512,A10275,chequing,410.13
202512,A10276,chequing,14811.98
202512,A10277,investment,0
202512,A10278,saving,5234.84
202512,A10279,chequing,7862.62
202512,A10280,lending,28173.32
202512,A10281,chequing,6603.68
202512,A10282,investment,0
202512,A10283,investment,822319.93
202512,A10284,chequing,15208.57
202512,A10285,saving,18525.85
202512,A10286,card,0
202512,A10287,investment,755302.16
202512,A10288,investment,4711.19
202512,A10289,chequing,4539.72
202512,A10290,card,-3984.8
202512,A10291,chequing,14210.11
202512,A10292,investment,0
202512,A10293,chequing,5606.7
202512,A10294,investment,49969.15
202512,A10295,mortgage,161080.35
202512,A10296,investment,164159.98
202512,A10297,chequing,12772.81
202512,A10298,investment,352721.55
202512,A10299,investment,51927.03
202512,A10300,investment,610603.09
202512,A10301,saving,9836.19
202512,A10302,mortgage,480415.35
202512,A10303,chequing,16436.34
202512,A10304,saving,9225.75
202512,A10305,saving,0
202512,A10306,investment,7303.76
202512,A10307,mortgage,163133.51
202512,A10308,saving,35941.07
202512,A10309,mortgage,71306.15
202512,A10310,investment,754504.56
202512,A10311,saving,47495.05
202512,A10312,investment,38048.11
202512,A10313,chequing,3413.12
202512,A10314,saving,19169.45
202512,A10315,investment,733021
202512,A10316,saving,17765.45
202512,A10317,investment,178544.79
202512,A10318,saving,2856.19
202512,A10319,investment,593032.16
202512,A10320,investment,554805.04
202512,A10321,lending,32853.75
202512,A10322,investment,577113.65
202512,A10323,investment,582227.62
202512,A10324,investment,0
202512,A10325,lending,41760.41
202512,A10326,chequing,10009.87
202512,A10327,investment,0
202512,A10328,investment,758368.33
202512,A10329,mortgage,454744.17
202512,A10330,mortgage,262208.52
202512,A10331,investment,327896.27
202512,A10332,mortgage,93744.4
202512,A10333,mortgage,155232.86
202512,A10334,saving,6833.57
202512,A10335,saving,17682.56
202512,A10336,investment,538256.5
202512,A10337,investment,607579.58
202512,A10338,lending,4850.36
202512,A10339,investment,364227.47
202512,A10340,card,0
202512,A10341,investment,36746.71
202512,A10342,mortgage,300193.93
202512,A10343,chequing,5175.35
202512,A10344,investment,83413.95
202512,A10345,investment,61911.77
202512,A10346,investment,731455.75
202512,A10347,investment,263882.93
202512,A10348,investment,681277.17
202512,A10349,investment,611778.89
202512,A10350,investment,384726.73
202512,A10351,chequing,13722.57
202512,A10352,card,-866.32
202512,A10353,chequing,5797.04
202512,A10354,investment,669013.12
202512,A10355,saving,16612.7
202512,A10356,investment,722649.01
202512,A10357,saving,14412.67
202512,A10358,mortgage,300505.33
202512,A10359,chequing,18940.87
202512,A10360,investment,126464.78
202512,A10361,saving,3744.79
202512,A10362,investment,859015.49
202512,A10363,investment,956047.19
202512,A10364,mortgage,425134.13
202512,A10365,saving,3253.47
202512,A10366,card,-578.56
202512,A10367,investment,823794.34
202512,A10368,investment,5166.61
202512,A10369,lending,41153.78
202512,A10370,card,-1717.07
202512,A10371,lending,45830.08
202512,A10372,chequing,2022.17
202512,A10373,mortgage,325474.61
202512,A10374,investment,639710.19
202512,A10375,investment,898783.77
202512,A10376,investment,39609.24
202512,A10377,chequing,6914.34
202512,A10378,investment,71707.9
202512,A10379,chequing,3117.36
202512,A10380,saving,19210.48
202512,A10381,investment,590298.68
202512,A10382,investment,72128.38
202512,A10383,investment,71365.53
202512,A10384,investment,929004.47
202512,A10385,saving,1282.92
202512,A10386,investment,112755.41
202512,A10387,saving,32773.72
202512,A10388,mortgage,296107.24
202512,A10389,mortgage,492260.02
202512,A10390,investment,505126.82
202512,A10391,saving,19314.81
202512,A10392,investment,569533.82
202512,A10393,investment,65263.6
202512,A10394,chequing,6271.57
202512,A10395,mortgage,482560.27
202512,A10396,investment,339549.19
202512,A10397,investment,19464.59
202512,A10398,mortgage,410742.03
202512,A10399,investment,560926.97
202512,A10400,card,-4319.14
202512,A10401,investment,454406.48
202512,A10402,mortgage,0
202512,A10403,investment,726088.39
202512,A10404,investment,900027.33
202512,A10405,chequing,19336.46
202512,A10406,investment,20385
202512,A10407,chequing,5401.19
202512,A10408,chequing,16961.85
202512,A10409,investment,852388.38
202512,A10410,card,0
202512,A10411,investment,542399.99
202512,A10412,saving,13680.99
202512,A10413,investment,69110.79
202512,A10414,investment,737784.62
202512,A10415,investment,812670.99
202512,A10416,lending,42570.93
202512,A10417,chequing,6394.56
202512,A10418,card,-4270.22
202512,A10419,investment,595655.37
202512,A10420,chequing,7993.49
202512,A10421,investment,878230.17
202512,A10422,card,-4384.43
202512,A10423,investment,113042.97
202512,A10424,chequing,11539.93
202512,A10425,investment,184740.27
202512,A10426,investment,244786.85
202512,A10427,lending,27284.15
202512,A10428,saving,18553.27
202512,A10429,investment,613377
202512,A10430,saving,6052.36
202512,A10431,investment,133534.08
202512,A10432,chequing,9079.42
202512,A10433,card,-740.78
202512,A10434,saving,0
202512,A10435,lending,45815.27
202512,A10436,mortgage,0
202512,A10437,card,-4345.43
202512,A10438,investment,0
202512,A10439,saving,9758.56
202512,A10440,investment,61966.23
202512,A10441,saving,10640.3
202512,A10442,chequing,9679.8
202512,A10443,chequing,6919.51
202512,A10444,mortgage,251146.08
202512,A10445,investment,50868.74
202512,A10446,investment,614811.19
202512,A10447,card,-3318.38
202512,A10448,investment,830415.22
202512,A10449,investment,676327.2
202512,A10450,card,-250.26
202512,A10451,investment,641622.7
202512,A10452,saving,880.58
202512,A10453,saving,13794.47
202512,A10454,saving,23224
202512,A10455,chequing,3176.12
202512,A10456,mortgage,318931.4
202512,A10457,investment,251300.46
202512,A10458,investment,281897.92
202512,A10459,card,-2181.96
202512,A10460,chequing,5159.66
202512,A10461,investment,85964.11
202512,A10462,investment,0
202512,A10463,investment,965970.52
202512,A10464,investment,461486.07
202512,A10465,investment,187274.82
202512,A10466,chequing,12064.05
202512,A10467,saving,15193.47
202512,A10468,chequing,6560.92
202512,A10469,investment,676730.58
202512,A10470,card,-4894.09
202512,A10471,investment,651118.32
202512,A10472,saving,14970.88
202512,A10473,investment,185185.18
202512,A10474,mortgage,299382.26
202512,A10475,lending,48053.64
202512,A10476,investment,823153.25
202512,A10477,investment,500490.75
202512,A10478,lending,0
202512,A10479,investment,75426.79
202512,A10480,chequing,0
202512,A10481,investment,83312.61
202512,A10482,saving,14640.19
202512,A10483,chequing,2058.17
202512,A10484,saving,4719.62
202512,A10485,lending,16384.33
202512,A10486,lending,36403.33
202512,A10487,saving,19293.89
202512,A10488,chequing,8914.34
202512,A10489,investment,0
202512,A10490,investment,82255.42
202512,A10491,investment,836106.36
202512,A10492,investment,166128.24
202512,A10493,investment,79554.51
202512,A10494,card,-9.35
202512,A10495,chequing,6694.11
202512,A10496,chequing,5944.46
202512,A10497,mortgage,83885.29
202512,A10498,lending,36019.62
202512,A10499,chequing,3864.1
202512,A10500,investment,29921.61
202512,A10501,investment,525839.13
202512,A10502,investment,375690.64
202512,A10503,investment,0
202512,A10504,investment,265618.43
202512,A10505,card,-625.45
202512,A10506,mortgage,332236.6
202512,A10507,saving,38712.91
202512,A10508,chequing,2722.29
202512,A10509,lending,30546.32
202512,A10510,chequing,0
202512,A10511,investment,693570.66
202512,A10512,lending,0
202512,A10513,investment,382871.09
202512,A10514,investment,952742.53
202512,A10515,chequing,9134.66
202512,A10516,card,-3842.58
202512,A10517,investment,0
202512,A10518,lending,46120.06
202512,A10519,card,-887.55
202512,A10520,investment,527557.4
202512,A10521,lending,49332.48
202512,A10522,investment,43799.72
202512,A10523,mortgage,363158.97
202512,A10524,saving,29510.69
202512,A10525,investment,83386.6
202512,A10526,investment,39622.02
202512,A10527,investment,361392.91
202512,A10528,saving,42252.91
202512,A10529,chequing,7527.49
202512,A10530,investment,399998.61
202512,A10531,saving,37210.37
202512,A10532,investment,984842.17
202512,A10533,investment,60882.54
202512,A10534,card,-3022.73
202512,A10535,investment,38150.46
202512,A10536,investment,499661.72
202512,A10537,lending,23565.2
202512,A10538,saving,1096.17
202512,A10539,investment,620101.17
202512,A10540,investment,736256.47
202512,A10541,chequing,10219.48
202512,A10542,lending,15947.92
202512,A10543,chequing,3955.95
202512,A10544,chequing,0
202512,A10545,mortgage,207838.73
202512,A10546,lending,4443.65
202512,A10547,investment,516371.46
202512,A10548,investment,448886.24
202512,A10549,investment,249666.02
202512,A10550,investment,57230.86
202512,A10551,investment,339630.89
202512,A10552,investment,0
202512,A10553,investment,3766.67
202512,A10554,investment,793848.59
202512,A10555,lending,29653.79
202512,A10556,card,-1748.19
202512,A10557,card,-2570.1
202512,A10558,investment,234513.71
202512,A10559,chequing,13697.21
202512,A10560,investment,881644.32
202512,A10561,saving,46203.87
202512,A10562,chequing,2136.16
202512,A10563,chequing,7519.12
202512,A10564,investment,0
202512,A10565,card,-4750.84
202512,A10566,investment,576895.32
202512,A10567,card,-4779.67
202512,A10568,chequing,4844.14
202512,A10569,investment,189375.25
202512,A10570,chequing,5866.25
202512,A10571,card,0
202512,A10572,saving,45968.82
202512,A10573,investment,96929.97
202512,A10574,chequing,0
202512,A10575,saving,8370.32
202512,A10576,chequing,5347.69
202512,A10577,investment,21724.08
202512,A10578,saving,16813.02
202512,A10579,investment,146370.3
202512,A10580,mortgage,481878.52
202512,A10581,investment,402341.2
202512,A10582,chequing,912.93
202512,A10583,investment,88922.48
202512,A10584,investment,48485.74
202512,A10585,mortgage,309901.88
202512,A10586,mortgage,0
202512,A10587,investment,0
202512,A10588,investment,8663.61
202512,A10589,card,-4518.67
202512,A10590,chequing,5029.36
202512,A10591,saving,10578.98
202512,A10592,investment,0
202512,A10593,investment,262255.01
202512,A10594,investment,381197.28
202512,A10595,investment,179233.45
202512,A10596,chequing,1775.18
202512,A10597,investment,801622.61
202512,A10598,investment,864825.52
202512,A10599,investment,94289.51
202512,A10600,card,-846.59
202512,A10601,card,-2234.45
202512,A10602,lending,45650.7
202512,A10603,chequing,11371.31
202512,A10604,lending,37803.99
202512,A10605,saving,21296.77
202512,A10606,chequing,0
202512,A10607,mortgage,489253.65
202512,A10608,chequing,3425.19
202512,A10609,lending,12149.47
202512,A10610,chequing,5770.07
202512,A10611,card,-2576.66
202512,A10612,saving,8122.78
202512,A10613,investment,973985.47
202512,A10614,investment,48798.94
202512,A10615,saving,10049.5
202512,A10616,investment,399582.82
202512,A10617,saving,4181.41
202512,A10618,chequing,2149.41
202512,A10619,card,-4065.79
202512,A10620,chequing,3457.72
202512,A10621,investment,938062.28
202512,A10622,investment,836202.67
202512,A10623,lending,1085.26
202512,A10624,investment,0
202512,A10625,card,-2718.25
202512,A10626,mortgage,109905.01
202512,A10627,lending,38938.3
202512,A10628,investment,466545.8
202512,A10629,saving,8724.21
202512,A10630,saving,31632.62
202512,A10631,investment,0
202512,A10632,chequing,6161.81
202512,A10633,chequing,9292.02
202512,A10634,investment,990724.68
202512,A10635,investment,0
202512,A10636,lending,23664.64
202512,A10637,investment,59990.46
202512,A10638,mortgage,360174.7
202512,A10639,investment,0
202512,A10640,investment,171162.74
202512,A10641,investment,404689.17
202512,A10642,mortgage,0
202512,A10643,card,-4858.29
202512,A10644,investment,81382.09
202512,A10645,card,0
202512,A10646,investment,0
202512,A10647,investment,0
202512,A10648,saving,24769.06
202512,A10649,investment,134261.63
202512,A10650,card,-3099.86
202512,A10651,investment,276573.27
202512,A10652,chequing,0
202512,A10653,card,-2686.35
202512,A10654,investment,130850.13
202512,A10655,card,-2601.16
202512,A10656,mortgage,429297.7
202512,A10657,investment,5962.63
202512,A10658,card,-1609.54
202512,A10659,card,-1414.68
202512,A10660,card,-2806.56
202512,A10661,chequing,8719.44
202512,A10662,investment,0
202512,A10663,chequing,16883.14
202512,A10664,investment,792019.89
202512,A10665,card,-3986.71
202512,A10666,card,-4180.26
202512,A10667,saving,9974.42
202512,A10668,chequing,0
202512,A10669,investment,384768.68
202512,A10670,chequing,3800.38
202512,A10671,mortgage,426500.74
202512,A10672,mortgage,68175.17
202512,A10673,investment,154622.48
202512,A10674,investment,745238.25
202512,A10675,investment,46026.91
202512,A10676,chequing,9228.52
202512,A10677,investment,19835.29
202512,A10678,investment,248100.34
202512,A10679,lending,20614.17
202512,A10680,lending,5486.02
202512,A10681,card,-1084.83
202512,A10682,lending,26142.34
202512,A10683,saving,12076.5
202512,A10684,lending,14684.26
202512,A10685,saving,33393.46
202512,A10686,investment,200205.8
202512,A10687,mortgage,407871.92
202512,A10688,investment,79775.44
202512,A10689,mortgage,409307.54
202512,A10690,investment,883905.82
202512,A10691,saving,18074.46
202512,A10692,investment,365681.75
202512,A10693,mortgage,472275.72
202512,A10694,chequing,1001.93
202512,A10695,saving,47240.11
202512,A10696,investment,462138.21
202512,A10697,chequing,18427.71
202512,A10698,chequing,5368.85
202512,A10699,chequing,15602.5
202512,A10700,chequing,12242.81
202512,A10701,saving,19306.77
202512,A10702,investment,572045.74
202512,A10703,lending,29938.57
202512,A10704,chequing,13849.81
202512,A10705,mortgage,0
202512,A10706,mortgage,54218.13
202512,A10707,investment,909735.51
202512,A10708,card,-1063.34
202512,A10709,saving,1051.39
202512,A10710,saving,30548.56
202512,A10711,investment,214652.93
202512,A10712,investment,837588.33
202512,A10713,card,-2587.16
202512,A10714,investment,586134.02
202512,A10715,saving,45832.75
202512,A10716,saving,6993.15
202512,A10717,investment,0
202512,A10718,saving,1650.96
202512,A10719,saving,15361.46
202512,A10720,card,-4394.41
202512,A10721,chequing,16272.14
202512,A10722,investment,780743.15
202512,A10723,chequing,4774.67
202512,A10724,chequing,15439.21
202512,A10725,investment,862774.29
202512,A10726,mortgage,0
202512,A10727,saving,2686.91
202512,A10728,card,-1884.16
202512,A10729,lending,15511.27
202512,A10730,card,-4541.11
202512,A10731,chequing,6286.67
202512,A10732,investment,489436.64
202512,A10733,mortgage,204228.26
202512,A10734,chequing,997.1
202512,A10735,mortgage,133606.31
202512,A10736,mortgage,53458.64
202512,A10737,mortgage,108313.73
202512,A10738,chequing,5855.99
202512,A10739,investment,581546.96
202512,A10740,investment,592785.2
202512,A10741,chequing,0
202512,A10742,investment,602321.03
202512,A10743,chequing,19088.82
202512,A10744,investment,68936.58
202512,A10745,investment,543295.74
202512,A10746,investment,698798.21
202512,A10747,investment,226990.21
202512,A10748,investment,263937.6
202512,A10749,investment,961304.88
202512,A10750,card,-4329.26
202512,A10751,investment,106863.98
202512,A10752,investment,164695.33
202512,A10753,investment,0
202512,A10754,mortgage,190246.68
202512,A10755,investment,17369.68
202512,A10756,investment,651212.8
202512,A10757,investment,415179.34
202512,A10758,chequing,10304.96
202512,A10759,investment,167799.81
202512,A10760,investment,224386
202512,A10761,investment,765393.68
202512,A10762,card,-4771.63
202512,A10763,card,-4135.1
202512,A10764,lending,46062.95
202512,A10765,investment,957992.19
202512,A10766,chequing,12307.77
202512,A10767,chequing,12701.45
202512,A10768,investment,658617.38
202512,A10769,investment,45152.37
202512,A10770,investment,809573.68
202512,A10771,investment,633802.4
202512,A10772,chequing,2544.3
202512,A10773,investment,380556.48
202512,A10774,mortgage,175095.44
202512,A10775,investment,778941.2
202512,A10776,saving,15870.04
202512,A10777,mortgage,463758.78
202512,A10778,saving,1264.37
202512,A10779,chequing,6900.33
202512,A10780,saving,0
202512,A10781,investment,62265.61
202512,A10782,investment,250573.07
202512,A10783,investment,206872.22
202512,A10784,investment,474266.51
202512,A10785,chequing,9254.01
202512,A10786,investment,0
202512,A10787,investment,0
202512,A10788,lending,14109.16
202512,A10789,lending,32906.78
202512,A10790,saving,908.43
202512,A10791,investment,211664.66
202512,A10792,chequing,0
202512,A10793,investment,930472.13
202512,A10794,chequing,19898.85
202512,A10795,investment,535982.1
202512,A10796,card,0
202512,A10797,chequing,4234.51
202512,A10798,investment,270533.37
202512,A10799,investment,212002.96
202512,A10800,card,-3610.67
202512,A10801,investment,538862.22
202512,A10802,saving,14386.6
202512,A10803,investment,618316.96
202512,A10804,lending,32448.42
202512,A10805,card,-1122.51
202512,A10806,chequing,0
202512,A10807,card,-684.15
202512,A10808,lending,37533.41
202512,A10809,saving,18931.91
202512,A10810,saving,5622.3
202512,A10811,card,-732.42
202512,A10812,chequing,3012.91
202512,A10813,investment,788675.3
202512,A10814,investment,5610.99
202512,A10815,investment,87973.41
202512,A10816,saving,7290.43
202512,A10817,chequing,9871.7
202512,A10818,lending,0
202512,A10819,investment,0
202512,A10820,investment,239252.82
202512,A10821,investment,2545.05
202512,A10822,investment,753723.56
202512,A10823,investment,863397.72
202512,A10824,mortgage,209777.8
202512,A10825,investment,185203.35
202512,A10826,lending,24516.57
202512,A10827,investment,554329.39
202512,A10828,lending,33548.31
202512,A10829,saving,15738.32
202512,A10830,investment,491736.28
202512,A10831,investment,211864.86
202512,A10832,saving,10084.5
202512,A10833,investment,1180.62
202512,A10834,investment,711775.16
202512,A10835,card,-3713.21
202512,A10836,chequing,1808.84
202512,A10837,mortgage,248483.37
202512,A10838,chequing,6335.75
202512,A10839,investment,514961.14
202512,A10840,investment,130794.77
202512,A10841,lending,22818.3
202512,A10842,chequing,3241.8
202512,A10843,chequing,1422.61
202512,A10844,investment,160133.15
202512,A10845,card,-2835.59
202512,A10846,saving,8887.75
202512,A10847,lending,8197.55
202512,A10848,lending,25174.44
202512,A10849,investment,880167.39
202512,A10850,lending,35456.98
202512,A10851,card,0
202512,A10852,saving,19658.56
202512,A10853,saving,35073.59
202512,A10854,chequing,15730.43
202512,A10855,chequing,2306.38
202512,A10856,investment,155084.4
202512,A10857,card,-1712.44
202512,A10858,lending,35550.93
202512,A10859,investment,901973.94
202512,A10860,lending,26832.16
202512,A10861,saving,14220.53
202512,A10862,card,-1070.06
202512,A10863,chequing,915.58
202512,A10864,investment,347131.48
202512,A10865,lending,30094.92
202512,A10866,card,-3651.52
202512,A10867,chequing,8932.16
202512,A10868,investment,365876.1
202512,A10869,investment,290137.03
202512,A10870,investment,78066.39
202512,A10871,mortgage,343805.23
202512,A10872,investment,0
202512,A10873,saving,49185.54
202512,A10874,card,-2301.47
202512,A10875,saving,13614.04
202512,A10876,chequing,507.85
202512,A10877,chequing,5839.18
202512,A10878,investment,956982.99
202512,A10879,mortgage,263118.8
202512,A10880,investment,990069.87
202512,A10881,investment,405373.74
202512,A10882,saving,9070.93
202512,A10883,saving,0
202512,A10884,mortgage,437217.53
202512,A10885,card,-4345.81
202512,A10886,investment,406596.59
202512,A10887,saving,15292.62
202512,A10888,saving,6043.14
202512,A10889,investment,926445.29
202512,A10890,investment,962838.96
202512,A10891,investment,0
202512,A10892,investment,514562.66
202512,A10893,investment,365432.11
202512,A10894,chequing,4502.03
202512,A10895,investment,243947.48
202512,A10896,saving,16309.19
202512,A10897,investment,947221.89
202512,A10898,chequing,7387.67
202512,A10899,investment,312133.68
202512,A10900,investment,920714.15
202512,A10901,card,-1524.11
202512,A10902,lending,38348.11
202512,A10903,investment,0
202512,A10904,chequing,10486.67
202512,A10905,investment,202326.46
202512,A10906,saving,33167.55
202512,A10907,investment,486222.25
202512,A10908,investment,58279.1
202512,A10909,chequing,2013.85
202512,A10910,chequing,13230.24
202512,A10911,lending,18803.76
202512,A10912,investment,591637.4
202512,A10913,investment,511093.1
202512,A10914,investment,513068.83
202512,A10915,investment,913943.63
202512,A10916,lending,6789.43
202512,A10917,chequing,7129.39
202512,A10918,investment,885679.71
202512,A10919,investment,750929.12
202512,A10920,investment,740287.63
202512,A10921,mortgage,77951.56
202512,A10922,mortgage,122701.97
202512,A10923,investment,662499.14
202512,A10924,investment,530159.89
202512,A10925,investment,879055.64
202512,A10926,mortgage,182641.6
202512,A10927,saving,9918.41
202512,A10928,investment,0
202512,A10929,investment,95479.12
202512,A10930,investment,10486.93
202512,A10931,investment,440188.88
202512,A10932,chequing,17362.34
202512,A10933,chequing,18933.4
202512,A10934,investment,457640.69
202512,A10935,investment,618321.78
202512,A10936,chequing,3833.68
202512,A10937,investment,658206.61
202512,A10938,investment,261003.07
202512,A10939,investment,598627.73
202512,A10940,chequing,11799.34
202512,A10941,chequing,19564.21
202512,A10942,mortgage,248814.41
202512,A10943,investment,829471.82
202512,A10944,chequing,8917.74
202512,A10945,investment,331635.45
202512,A10946,investment,523030.86
202512,A10947,investment,158201.97
202512,A10948,investment,594360.71
202512,A10949,saving,11345.15
202512,A10950,saving,2089.36
202512,A10951,chequing,8796.89
202512,A10952,chequing,3024.25
202512,A10953,chequing,8659.12
202512,A10954,chequing,19463.34
202512,A10955,lending,6408.89
202512,A10956,card,-4060.02
202512,A10957,investment,748085.53
202512,A10958,saving,17430.65
202512,A10959,lending,22476.88
202512,A10960,chequing,0
202512,A10961,card,-312.42
202512,A10962,lending,40587.44
202512,A10963,saving,0
202512,A10964,investment,0
202512,A10965,chequing,16617.78
202512,A10966,mortgage,330826.51
202512,A10967,investment,329261.23
202512,A10968,investment,88172.54
202512,A10969,investment,182645.21
202512,A10970,mortgage,423938.54
202512,A10971,saving,11704.98
202512,A10972,mortgage,413311.46
202512,A10973,chequing,13444.01
202512,A10974,lending,22825.75
202512,A10975,chequing,17768.8
202512,A10976,card,-4691.9
202512,A10977,investment,385095.95
202512,A10978,investment,535185.15
202512,A10979,investment,335051.02
202512,A10980,investment,432000.01
202512,A10981,lending,29893.24
202512,A10982,chequing,7288.63
202512,A10983,mortgage,60144.5
202512,A10984,investment,0
202512,A10985,investment,396045.06
202512,A10986,card,-3950.46
202512,A10987,saving,40401.05
202512,A10988,investment,0
202512,A10989,lending,46267.2
202512,A10990,chequing,8537.94
202512,A10991,card,0
202512,A10992,saving,10886.13
202512,A10993,chequing,18557.05
202512,A10994,investment,37991.18
202512,A10995,investment,933082.67
202512,A10996,mortgage,239406.55
202512,A10997,investment,796472.91
202512,A10998,investment,81656.33
202512,A10999,investment,8059.99
202512,A11000,investment,191243.8
202512,A11001,saving,9838.55
202512,A11002,investment,93987.64
202512,A11003,saving,0
202512,A11004,card,-494
202512,A11005,chequing,641.69
202512,A11006,investment,773722.95
202512,A11007,saving,16031.71
202512,A11008,mortgage,401262.85
202512,A11009,saving,5859.96
202512,A11010,chequing,895.74
202512,A11011,investment,70375.92
202512,A11012,chequing,5144.91
202512,A11013,investment,363541.36
202512,A11014,investment,635008.27
202512,A11015,lending,40948.39
202512,A11016,saving,14321.48
202512,A11017,investment,197534.37
202512,A11018,chequing,0
202512,A11019,investment,958581.88
202512,A11020,investment,194721.63
202512,A11021,mortgage,113319.83
202512,A11022,lending,7262.86
202512,A11023,saving,9215.6
202512,A11024,saving,15775.21
202512,A11025,investment,845128.78
202512,A11026,card,-3701.06
202512,A11027,investment,456569.05
202512,A11028,investment,742119.62
202512,A11029,lending,47802.6
202512,A11030,investment,0
202512,A11031,chequing,0
202512,A11032,lending,36297.93
202512,A11033,chequing,17559.75
202512,A11034,chequing,19206.66
202512,A11035,chequing,7079.09
202512,A11036,lending,0
202512,A11037,investment,316006.55
202512,A11038,saving,8265.09
202512,A11039,saving,11638.22
202512,A11040,investment,126054.31
202512,A11041,chequing,1233.18
202512,A11042,card,0
202512,A11043,lending,13400.5
202512,A11044,chequing,18776.42
202512,A11045,chequing,7726.57
202512,A11046,chequing,19095.95
202512,A11047,investment,996658.55
202512,A11048,card,0
202512,A11049,investment,191731.04
202512,A11050,investment,252581.51
202512,A11051,card,-2917.34
202512,A11052,investment,415847.73
202512,A11053,chequing,8666.63
202512,A11054,mortgage,389219.85
202512,A11055,chequing,7086.77
202512,A11056,lending,2613.31
202512,A11057,chequing,3742.46
202512,A11058,investment,0
202512,A11059,saving,2122.4
202512,A11060,investment,23452.67
202512,A11061,saving,16626.85
202512,A11062,investment,29281.07
202512,A11063,chequing,13127.52
202512,A11064,investment,55231.63
202512,A11065,investment,648483.47
202512,A11066,card,-3047.83
202512,A11067,mortgage,228851.79
202512,A11068,investment,763360.65
202512,A11069,investment,19303.44
202512,A11070,investment,29331.31
202512,A11071,investment,184671.69
202512,A11072,card,-898.31
202512,A11073,chequing,19885.76
202512,A11074,chequing,15290.23
202512,A11075,investment,0
202512,A11076,investment,446316.95
202512,A11077,saving,48246.15
202512,A11078,lending,22161.16
202512,A11079,investment,851413.22
202512,A11080,investment,35873.94
202512,A11081,lending,38948.58
202512,A11082,chequing,7477.86
202512,A11083,lending,22873.74
202512,A11084,investment,927934.76
202512,A11085,investment,892652.15
202512,A11086,mortgage,439743.41
202512,A11087,investment,28015.14
202512,A11088,card,-4665.14
202512,A11089,lending,29345.68
202512,A11090,card,-1811.04
202512,A11091,investment,67322.53
202512,A11092,saving,31990.49
202512,A11093,saving,18425.16
202512,A11094,saving,45348.31
202512,A11095,chequing,2238.81
202512,A11096,chequing,9647.82
202512,A11097,investment,892127.31
202512,A11098,chequing,6317.97
202512,A11099,mortgage,204902.7
202512,A11100,investment,640784.75
202512,A11101,card,-4982.85
202512,A11102,investment,84124.23
202512,A11103,chequing,19700.49
202512,A11104,investment,0
202512,A11105,mortgage,178160.06
202512,A11106,saving,12235.02
202512,A11107,mortgage,0
202512,A11108,investment,697134.34
202512,A11109,card,-3844.36
202512,A11110,investment,13229.38
202512,A11111,chequing,5167.8
202512,A11112,investment,169398.39
202512,A11113,investment,233383.27
202512,A11114,investment,587660.49
202512,A11115,mortgage,244684.9
202512,A11116,chequing,18139.56
202512,A11117,investment,220485.61
202512,A11118,investment,278730.14
202512,A11119,chequing,18830.36
202512,A11120,lending,12803.09
202512,A11121,mortgage,301141.52
202512,A11122,card,0
202512,A11123,investment,917428.96
202512,A11124,chequing,9673.75
202512,A11125,saving,12417.68
202512,A11126,investment,874727.18
202512,A11127,investment,437353.47
202512,A11128,investment,19243.67
202512,A11129,chequing,1539.53
202512,A11130,investment,46080.4
202512,A11131,investment,806535.06
202512,A11132,chequing,9046.49
202512,A11133,card,0
202512,A11134,investment,0
202512,A11135,chequing,5879.36
202512,A11136,card,-2212.73
202512,A11137,investment,917600.74
202512,A11138,lending,40035.63
202512,A11139,investment,0
202512,A11140,lending,34240.69
202512,A11141,investment,228693.45
202512,A11142,investment,68794.43
202512,A11143,investment,536665.45
202512,A11144,card,-4740.3
202512,A11145,lending,21034.19
202512,A11146,saving,20316.15
202512,A11147,investment,933045.96
202512,A11148,saving,4489.12
202512,A11149,investment,44077.88
202512,A11150,investment,319964.33
202512,A11151,saving,2393.3
202512,A11152,investment,909029.84
202512,A11153,chequing,8229.43
202512,A11154,investment,301327.4
202512,A11155,investment,769824.58
202512,A11156,investment,724156.89
202512,A11157,mortgage,227600.77
202512,A11158,card,-3332.76
202512,A11159,mortgage,62765.87
202512,A11160,chequing,10035.99
202512,A11161,card,0
202512,A11162,mortgage,0
202512,A11163,mortgage,196403.62
202512,A11164,investment,994146.33
202512,A11165,chequing,7386.34
202512,A11166,lending,21254.34
202512,A11167,mortgage,296134.78
202512,A11168,mortgage,223186.29
202512,A11169,investment,621858.95
202512,A11170,saving,32974.88
202512,A11171,chequing,9367.63
202512,A11172,investment,149922.65
202512,A11173,saving,14195.08
202512,A11174,investment,3684.39
202512,A11175,chequing,7705.23
202512,A11176,investment,79965.9
202512,A11177,saving,11029.36
202512,A11178,chequing,0
202512,A11179,lending,14089.5
202512,A11180,investment,487561.12
202512,A11181,card,-4386.2
202512,A11182,investment,507463.8
202512,A11183,chequing,7674.51
202512,A11184,chequing,10493.34
202512,A11185,lending,44068.65
202512,A11186,investment,8188.11
202512,A11187,investment,996130.07
202512,A11188,mortgage,423832.48
202512,A11189,saving,34614.93
202512,A11190,chequing,7148.72
202512,A11191,investment,423985.21
202512,A11192,card,-4407.56
202512,A11193,saving,41540.94
202512,A11194,card,-1137.07
202512,A11195,investment,765921.23
202512,A11196,card,-2943.45
202512,A11197,lending,23535.32
202512,A11198,saving,6122.54
202512,A11199,chequing,190.47
202512,A11200,lending,47513.14
202512,A11201,lending,0
202512,A11202,investment,43152.05
202512,A11203,investment,9926.53
202512,A11204,mortgage,262308.06
202512,A11205,card,0
202512,A11206,saving,18765.26
202512,A11207,chequing,0
202512,A11208,card,-4300.26
202512,A11209,investment,751564.77
202512,A11210,investment,393194.95
202512,A11211,investment,46548.78
202512,A11212,saving,13473.53
202512,A11213,saving,18736.49
202512,A11214,chequing,4687.43
202512,A11215,mortgage,458384.77
202512,A11216,saving,0
202512,A11217,investment,501791.9
202512,A11218,lending,29565.72
202512,A11219,card,-2378.5
202512,A11220,lending,19653.47
202512,A11221,investment,690967.75
202512,A11222,investment,45784.62
202512,A11223,investment,84705.6
202512,A11224,lending,34791.03
202512,A11225,investment,49822.9
202512,A11226,saving,0
202512,A11227,investment,238733.58
202512,A11228,investment,550291.07
202512,A11229,mortgage,234718.11
202512,A11230,saving,11155.4
202512,A11231,lending,22272.36
202512,A11232,investment,495904.21
202512,A11233,investment,811021.38
202512,A11234,lending,16912.74
202512,A11235,saving,2720.72
202512,A11236,investment,171573.7
202512,A11237,lending,41418.63
202512,A11238,saving,16294.87
202512,A11239,mortgage,142681.68
202512,A11240,chequing,1274.39
202512,A11241,investment,661055.97
202512,A11242,investment,857132.43
202512,A11243,investment,843758.11
202512,A11244,investment,252600.12
202512,A11245,investment,114651.38
202512,A11246,investment,987862.93
202512,A11247,investment,926479.1
202512,A11248,chequing,13759
202512,A11249,mortgage,376721.08
202512,A11250,saving,45435.12
202512,A11251,chequing,4169.26
202512,A11252,card,-2255.21
202512,A11253,mortgage,195277.35
202512,A11254,chequing,16789.47
202512,A11255,saving,16211.33
202512,A11256,investment,919720.42
202512,A11257,chequing,5493.52
202512,A11258,chequing,2098.44
202512,A11259,investment,423637.98
202512,A11260,saving,3993.36
202512,A11261,mortgage,168422.2
202512,A11262,card,0
202512,A11263,investment,626025.67
202512,A11264,card,-1703.98
202512,A11265,investment,755450.85
202512,A11266,lending,30924.46
202512,A11267,saving,9185.15
202512,A11268,saving,6696.52
202512,A11269,chequing,1155.13
202512,A11270,investment,843472.36
202512,A11271,chequing,8802.43
202512,A11272,chequing,487.63
202512,A11273,investment,57096.27
202512,A11274,investment,105829.61
202512,A11275,investment,461796.17
202512,A11276,lending,33842.31
202512,A11277,lending,18654.02
202512,A11278,saving,35699.91
202512,A11279,mortgage,212163.68
202512,A11280,lending,19010.87
202512,A11281,chequing,7317
202512,A11282,lending,17862.09
202512,A11283,chequing,14276.94
202512,A11284,lending,10873.26
202512,A11285,investment,84320.95
202512,A11286,mortgage,75937.94
202512,A11287,chequing,13582.65
202512,A11288,lending,38177.35
202512,A11289,lending,0
202512,A11290,investment,470021.35
202512,A11291,chequing,8589.32
202512,A11292,saving,22007.45
202512,A11293,chequing,9388.02
202512,A11294,chequing,4082.39
202512,A11295,investment,888556.83
202512,A11296,lending,22518.51
202512,A11297,lending,2217.66
202512,A11298,lending,25044.45
202512,A11299,saving,9084.29
202512,A11300,chequing,14240.66
202512,A11301,lending,44874.13
202512,A11302,mortgage,292706.01
202512,A11303,chequing,8285.37
202512,A11304,saving,3217.49
202512,A11305,investment,53440.36
202512,A11306,lending,0
202512,A11307,saving,14375.46
202512,A11308,card,-3434.49
202512,A11309,investment,520428.42
202512,A11310,investment,526840.05
202512,A11311,chequing,6809.37
202512,A11312,mortgage,398098.28
202512,A11313,investment,0
202512,A11314,chequing,1828.2
202512,A11315,lending,0
202512,A11316,saving,17195.17
202512,A11317,chequing,15440.51
202512,A11318,lending,16273.21
202512,A11319,saving,12170.16
202512,A11320,mortgage,269292.49
202512,A11321,saving,13880.82
202512,A11322,chequing,0
202512,A11323,investment,961466.18
202512,A11324,investment,778912.81
202512,A11325,investment,883193.39
202512,A11326,investment,429330.8
202512,A11327,saving,17141.33
202512,A11328,investment,708106.02
202512,A11329,chequing,5700.6
202512,A11330,card,-4797.89
202512,A11331,lending,0
202512,A11332,lending,0
202512,A11333,lending,32478.52
202512,A11334,investment,0
202512,A11335,saving,15846.94
202512,A11336,chequing,5489.29
202512,A11337,chequing,2511.18
202512,A11338,investment,5840.61
202512,A11339,investment,0
202512,A11340,investment,76769.86
202512,A11341,investment,920366.39
202512,A11342,investment,672846.09
202512,A11343,chequing,17278.15
202512,A11344,card,-1726.18
202512,A11345,saving,17667.67
202512,A11346,saving,10076.27
202512,A11347,chequing,17219.32
202512,A11348,investment,429859.54
202512,A11349,chequing,5071.57
202512,A11350,investment,253121.52
202512,A11351,card,-3193
202512,A11352,mortgage,50052.26
202512,A11353,investment,0
202512,A11354,investment,20369.21
202512,A11355,chequing,0
202512,A11356,investment,30914.08
202512,A11357,lending,37248.09
202512,A11358,investment,646513.38
202512,A11359,investment,631198.73
202512,A11360,card,-3124.94
202512,A11361,saving,11727.44
202512,A11362,saving,11863.95
202512,A11363,investment,24103.69
202512,A11364,lending,11179.37
202512,A11365,card,-1862.58
202512,A11366,card,-3001.34
202512,A11367,mortgage,259377.39
202512,A11368,investment,22552.63
202512,A11369,chequing,5374.68
202512,A11370,investment,170677.18
202512,A11371,investment,752327.85
202512,A11372,lending,41047.76
202512,A11373,investment,960301.51
202512,A11374,card,0
202512,A11375,card,-3794.33
202512,A11376,saving,7564.21
202512,A11377,lending,40984.24
202512,A11378,lending,41053.17
202512,A11379,saving,36541.58
202512,A11380,investment,109468.64
202512,A11381,investment,0
202512,A11382,lending,0
202512,A11383,chequing,618.44
202512,A11384,investment,895770.23
202512,A11385,mortgage,278844.42
202512,A11386,card,-4304.07
202512,A11387,chequing,9557.03
202512,A11388,card,0
202512,A11389,chequing,6494.05
202512,A11390,saving,1607.21
202512,A11391,investment,908677.03
202512,A11392,mortgage,350648.75
202512,A11393,saving,0
202512,A11394,card,-1014.15
202512,A11395,investment,688389.4
202512,A11396,saving,12998.66
202512,A11397,saving,5539.76
202512,A11398,chequing,5624.63
202512,A11399,saving,16698.13
202512,A11400,investment,107434.67
202512,A11401,investment,639637.85
202512,A11402,investment,0
202512,A11403,card,-1508.54
202512,A11404,lending,43485.73
202512,A11405,card,-4010.78
202512,A11406,investment,402847.73
202512,A11407,lending,48594.93
202512,A11408,chequing,7134.77
202512,A11409,saving,13117.63
202512,A11410,mortgage,0
202512,A11411,mortgage,0
202512,A11412,investment,87869.98
202512,A11413,chequing,8229.5
202512,A11414,saving,12936.27
202512,A11415,lending,7212.49
202512,A11416,chequing,18007.12
202512,A11417,saving,8622.4
202512,A11418,chequing,19143.57
202512,A11419,investment,34270.66
202512,A11420,investment,0
202512,A11421,investment,979544.26
202512,A11422,mortgage,270106.45
202512,A11423,lending,32941.55
202512,A11424,chequing,10444.76
202512,A11425,card,-800.88
202512,A11426,investment,146647.16
202512,A11427,investment,156708.37
202512,A11428,lending,0
202512,A11429,mortgage,0
202512,A11430,investment,403900.52
202512,A11431,mortgage,344435.99
202512,A11432,investment,629714.61
202512,A11433,mortgage,303905.19
202512,A11434,investment,987144.11
202512,A11435,saving,17795.66
202512,A11436,investment,80439.54
202512,A11437,card,-3769.81
202512,A11438,lending,43699.44
202512,A11439,investment,598112.36
202512,A11440,investment,613258.93
202512,A11441,investment,952275.69
202512,A11442,investment,134364.35
202512,A11443,investment,571110.25
202512,A11444,saving,32467.81
202512,A11445,saving,19017.5
202512,A11446,investment,457078.96
202512,A11447,lending,6823.74
202512,A11448,investment,879293.45
202512,A11449,investment,621803.32
202512,A11450,investment,867220.6
202512,A11451,investment,0
202512,A11452,investment,0
202512,A11453,card,-641.56
202512,A11454,saving,12969.75
202512,A11455,chequing,18452.83
202512,A11456,investment,145417.63
202512,A11457,mortgage,96705.5
202512,A11458,investment,96770.22
202512,A11459,chequing,8162.53
202512,A11460,saving,0
202512,A11461,investment,512242.37
202512,A11462,card,-4713.06
202512,A11463,card,-2576.05
202512,A11464,investment,579401.39
202512,A11465,saving,41744.58
202512,A11466,investment,694560.38
202512,A11467,chequing,16236.35
202512,A11468,chequing,18203.27
202512,A11469,mortgage,159281.32
202512,A11470,chequing,3421.77
202512,A11471,lending,46230.01
202512,A11472,chequing,12501.71
202512,A11473,investment,156977.11
202512,A11474,lending,30003.97
202512,A11475,investment,852996.3
202512,A11476,investment,123888.82
202512,A11477,mortgage,365572.41
202512,A11478,investment,64145.14
202512,A11479,card,-4279.5
202512,A11480,investment,529204.85
202512,A11481,chequing,9359.36
202512,A11482,chequing,955.84
202512,A11483,investment,1391.32
202512,A11484,investment,404306.2
202512,A11485,investment,618065.29
202512,A11486,card,-801.93
202512,A11487,lending,15743.79
202512,A11488,saving,13187.34
202512,A11489,investment,508533.47
202512,A11490,chequing,2134.83
202512,A11491,mortgage,417000.79
202512,A11492,investment,661189.75
202512,A11493,saving,15708.8
202512,A11494,chequing,3465.6
202512,A11495,card,-3408.74
202512,A11496,mortgage,304980.64
202512,A11497,investment,475476.29
202512,A11498,investment,732124.73
202512,A11499,chequing,12834.33
202512,A11500,investment,48986.51
202512,A11501,investment,590496.23
202512,A11502,investment,986543.36
202512,A11503,mortgage,304028.57
202512,A11504,lending,40653.95
202512,A11505,investment,652494.34
202512,A11506,saving,11806.91
202512,A11507,chequing,11845.07
202512,A11508,investment,629418.73
202512,A11509,saving,0
202512,A11510,investment,294261.02
202512,A11511,investment,858988.53
202512,A11512,card,-3090.87
202512,A11513,card,-2990
202512,A11514,investment,305059.69
202512,A11515,investment,91059.22
202512,A11516,investment,736487.55
202512,A11517,saving,35660.73
202512,A11518,lending,9764.31
202512,A11519,chequing,11744.3
202512,A11520,chequing,5421.66
202512,A11521,saving,49700.72
202512,A11522,mortgage,388436.29
202512,A11523,card,-3958.04
202512,A11524,investment,192382.29
202512,A11525,investment,975648.16
202512,A11526,investment,501423.4
202512,A11527,investment,79301.46
202512,A11528,investment,393634.35
202512,A11529,investment,283241.58
202512,A11530,card,-3171.13
202512,A11531,investment,0
202512,A11532,investment,932732.96
202512,A11533,investment,943639.14
202512,A11534,investment,826920.72
202512,A11535,chequing,10055.38
202512,A11536,chequing,7636.5
202512,A11537,card,-4630.38
202512,A11538,chequing,5937.97
202512,A11539,investment,746069.39
202512,A11540,card,-4101.94
202512,A11541,investment,905433.56
202512,A11542,lending,29651.09
202512,A11543,card,-3657.05
202512,A11544,investment,141542.95
202512,A11545,card,-675.56
202512,A11546,chequing,3334.41
202512,A11547,saving,29919.55
202512,A11548,investment,57653.83
202512,A11549,investment,804675.25
202512,A11550,card,0
202512,A11551,chequing,6061.65
202512,A11552,chequing,17392.14
202512,A11553,card,0
202512,A11554,investment,683512.63
202512,A11555,lending,7824.54
202512,A11556,investment,110649.72
202512,A11557,investment,315822.31
202512,A11558,saving,0
202512,A11559,investment,763780.24
202512,A11560,investment,0
202512,A11561,investment,785267.42
202512,A11562,chequing,6268.71
202512,A11563,chequing,5605
202512,A11564,mortgage,0
202512,A11565,card,-2718.18
202512,A11566,saving,0
202512,A11567,investment,384789.25
202512,A11568,lending,20856.38
202512,A11569,investment,694394.26
202512,A11570,investment,503388.16
202512,A11571,investment,826913.06
202512,A11572,lending,48361.69
202512,A11573,lending,47112.37
202512,A11574,investment,0
202512,A11575,investment,0
202512,A11576,chequing,3534.33
202512,A11577,mortgage,76887.13
202512,A11578,investment,78409.7
202512,A11579,chequing,9024.52
202512,A11580,mortgage,483763.71
202512,A11581,investment,176059.76
202512,A11582,investment,0
202512,A11583,lending,1798.42
202512,A11584,investment,0
202512,A11585,investment,785762.55
202512,A11586,investment,521473
202512,A11587,investment,0
202512,A11588,chequing,10852.32
202512,A11589,lending,27651.15
202512,A11590,card,-4509.3
202512,A11591,lending,22762.65
202512,A11592,card,-2253.48
202512,A11593,saving,9751.81
202512,A11594,investment,833252.15
202512,A11595,saving,33685.32
202512,A11596,investment,231287.25
202512,A11597,card,0
202512,A11598,saving,12606.85
202512,A11599,saving,29347.19
202512,A11600,investment,789020.2
202512,A11601,investment,134831.03
202512,A11602,card,0
202512,A11603,lending,9966.65
202512,A11604,card,-4073.81
202512,A11605,investment,0
202512,A11606,investment,0
202512,A11607,chequing,19750.19
202512,A11608,saving,46855.04
202512,A11609,mortgage,76794.5
202512,A11610,investment,704510.34
202512,A11611,investment,823107.19
202512,A11612,chequing,12954.29
202512,A11613,card,-3674.07
202512,A11614,mortgage,286934.33
202512,A11615,card,-1119.83
202512,A11616,mortgage,67362.33
202512,A11617,saving,42437.03
202512,A11618,investment,997533.51
202512,A11619,card,-2146.71
202512,A11620,card,0
202512,A11621,investment,85970.76
202512,A11622,investment,30735.37
202512,A11623,chequing,8720.75
202512,A11624,lending,1832.58
202512,A11625,mortgage,117525.28
202512,A11626,chequing,4969.87
202512,A11627,lending,34841
202512,A11628,investment,186905.09
202512,A11629,chequing,9912.1
202512,A11630,investment,377606.15
202512,A11631,saving,16874.5
202512,A11632,lending,22956.78
202512,A11633,investment,136193.94
202512,A11634,investment,194485.13
202512,A11635,card,-2460.89
202512,A11636,card,-213.05
202512,A11637,investment,856532.63
202512,A11638,chequing,0
202512,A11639,saving,12700.49
202512,A11640,card,-4825.1
202512,A11641,saving,5453.57
202512,A11642,investment,150330.87
202512,A11643,mortgage,378572.43
202512,A11644,saving,15430.4
202512,A11645,mortgage,472028.35
202512,A11646,investment,518967.37
202512,A11647,saving,8339.93
202512,A11648,chequing,1231.31
202512,A11649,investment,15067.76
202512,A11650,investment,443743.19
202512,A11651,saving,34906.33
202512,A11652,investment,171646.09
202512,A11653,saving,17869.93
202512,A11654,lending,43227.17
202512,A11655,lending,12713.4
202512,A11656,card,-674.55
202512,A11657,lending,24991.13
202512,A11658,investment,1896.93
202512,A11659,lending,39344.35
202512,A11660,card,-4782.17
202512,A11661,saving,0
202512,A11662,saving,24638.24
202512,A11663,saving,5592.32
202512,A11664,card,-2448.92
202512,A11665,card,-292.99
202512,A11666,chequing,8790.15
202512,A11667,investment,421845.39
202512,A11668,chequing,223.28
202512,A11669,card,0
202512,A11670,chequing,2805.46
202512,A11671,mortgage,260679.58
202512,A11672,saving,14274.22
202512,A11673,chequing,3292.67
202512,A11674,investment,684472.72
202512,A11675,chequing,3039.18
202512,A11676,investment,489832.8
202512,A11677,investment,880764.71
202512,A11678,investment,961498.57
202512,A11679,investment,857381.42
202512,A11680,investment,591122.33
202512,A11681,lending,42031.66
202512,A11682,investment,296065.24
202512,A11683,saving,36864.78
202512,A11684,investment,617650.02
202512,A11685,investment,43703.49
202512,A11686,card,-2348.01
202512,A11687,investment,819377.09
202512,A11688,saving,7131.88
202512,A11689,lending,0
202512,A11690,chequing,3323.07
202512,A11691,investment,940479.89
202512,A11692,investment,565782.71
202512,A11693,chequing,1984.52
202512,A11694,investment,64181.65
202512,A11695,investment,518705.69
202512,A11696,card,-1564.02
202512,A11697,investment,138851.47
202512,A11698,investment,834150.48
202512,A11699,investment,96907.56
202512,A11700,card,-1015.16
202512,A11701,chequing,0
202512,A11702,mortgage,112047.16
202512,A11703,investment,860151.18
202512,A11704,investment,361032.42
202512,A11705,lending,17954.54
202512,A11706,saving,6983.75
202512,A11707,investment,0
202512,A11708,lending,47591.33
202512,A11709,mortgage,103003.46
202512,A11710,investment,665573.2
202512,A11711,mortgage,97564.64
202512,A11712,mortgage,146557.11
202512,A11713,card,-979.92
202512,A11714,investment,0
202512,A11715,investment,672562.67
202512,A11716,lending,0
202512,A11717,lending,8072.76
202512,A11718,investment,32306.52
202512,A11719,saving,8308.9
202512,A11720,investment,6548.68
202512,A11721,investment,0
202512,A11722,saving,1332.59
202512,A11723,chequing,0
202512,A11724,chequing,678.7
202512,A11725,lending,0
202512,A11726,investment,986280.21
202512,A11727,chequing,1877.46
202512,A11728,saving,11189.06
202512,A11729,chequing,7457.08
202512,A11730,card,-4540.91
202512,A11731,chequing,8723.54
202512,A11732,investment,617109.39
202512,A11733,investment,395130.88
202512,A11734,saving,10131.26
202512,A11735,chequing,4774.62
202512,A11736,investment,88503.21
202512,A11737,saving,14411.93
202512,A11738,card,-1642.56
202512,A11739,chequing,12213.86
202512,A11740,chequing,0
202512,A11741,investment,2165.1
202512,A11742,saving,30588.07
202512,A11743,mortgage,309520.69
202512,A11744,investment,170954.31
202512,A11745,chequing,1051.15
202512,A11746,card,-1796.31
202512,A11747,investment,464125.68
202512,A11748,investment,22265.98
202512,A11749,lending,14510.05
202512,A11750,lending,22793.02
202512,A11751,investment,33425.5
202512,A11752,investment,567812.63
202512,A11753,chequing,0
202512,A11754,lending,11213.3
202512,A11755,chequing,19278.56
202512,A11756,lending,23224.32
202512,A11757,investment,714084.74
202512,A11758,investment,975100.25
202512,A11759,chequing,3033.6
202512,A11760,mortgage,199698.03
202512,A11761,saving,17415.48
202512,A11762,chequing,0
202512,A11763,card,-3415.46
202512,A11764,saving,22600.47
202512,A11765,investment,530880.93
202512,A11766,saving,9426.36
202512,A11767,investment,131905.21
202512,A11768,investment,702375.85
202512,A11769,investment,680002.76
202512,A11770,investment,404548.25
202512,A11771,saving,4951
202512,A11772,saving,36745.52
202512,A11773,card,-4388.64
202512,A11774,card,-2581.43
202512,A11775,mortgage,283749.22
202512,A11776,investment,539130.99
202512,A11777,investment,555494.33
202512,A11778,mortgage,317215.94
202512,A11779,chequing,383.42
202512,A11780,investment,249918.05
202512,A11781,investment,282230.28
202512,A11782,investment,7876.74
202512,A11783,investment,0
202512,A11784,investment,13948.83
202512,A11785,saving,34661.28
202512,A11786,investment,16540.18
202512,A11787,card,-828.29
202512,A11788,saving,14859.47
202512,A11789,card,-3372.14
202512,A11790,investment,555151.48
202512,A11791,chequing,1688.29
202512,A11792,lending,8064.5
202512,A11793,saving,6812.65
202512,A11794,investment,969440.57
202512,A11795,saving,5640.09
202512,A11796,saving,0
202512,A11797,card,-4079.59
202512,A11798,chequing,0
202512,A11799,investment,566067.39
202512,A11800,lending,0
202512,A11801,investment,679663.71
202512,A11802,investment,364324.3
202512,A11803,investment,132650.31
202512,A11804,saving,4994.81
202512,A11805,investment,42051.09
202512,A11806,investment,59435.13
202512,A11807,chequing,7119.09
202512,A11808,saving,2183.76
202512,A11809,saving,8464.47
202512,A11810,investment,15203.91
202512,A11811,investment,495203.01
202512,A11812,saving,6629.7
202512,A11813,investment,657930.17
202512,A11814,mortgage,215780.58
202512,A11815,investment,279921.38
202512,A11816,lending,36005.46
202512,A11817,chequing,0
202512,A11818,saving,22297.36
202512,A11819,chequing,12064.32
202512,A11820,lending,4738.53
202512,A11821,investment,464346.87
202512,A11822,saving,8641.13
202512,A11823,investment,59715.5
202512,A11824,lending,23375.12
202512,A11825,saving,5038.19
202512,A11826,saving,5418.5
202512,A11827,investment,92485.88
202512,A11828,card,-3057.13
202512,A11829,saving,12288.98
202512,A11830,investment,30396.77
202512,A11831,card,0
202512,A11832,card,-4426.67
202512,A11833,chequing,0
202512,A11834,mortgage,194389.04
202512,A11835,saving,3429.17
202512,A11836,chequing,9959.99
202512,A11837,saving,12878.3
202512,A11838,investment,989750.37
202512,A11839,saving,15205.73
202512,A11840,investment,511936.66
202512,A11841,investment,62929.46
202512,A11842,investment,269026.81
202512,A11843,investment,852512.8
202512,A11844,card,-2093.91
202512,A11845,chequing,13198.13
202512,A11846,investment,0
202512,A11847,saving,28933.44
202512,A11848,chequing,19320.19
202512,A11849,investment,76784.12
202512,A11850,card,-3698.58
202512,A11851,investment,179345.56
202512,A11852,chequing,10158.8
202512,A11853,lending,36088.1
202512,A11854,chequing,6850.63
202512,A11855,investment,763125.25
202512,A11856,lending,2853.95
202512,A11857,mortgage,487059.95
202512,A11858,chequing,13362.68
202512,A11859,mortgage,335971.41
202512,A11860,saving,1120.9
202512,A11861,card,-1794.24
202512,A11862,investment,239447.31
202512,A11863,chequing,2406.81
202512,A11864,investment,86041.49
202512,A11865,lending,17701.61
202512,A11866,mortgage,465408.93
202512,A11867,investment,541121.32
202512,A11868,lending,21940.27
202512,A11869,chequing,6625.53
202512,A11870,investment,960914.66
202512,A11871,card,-2877.58
202512,A11872,lending,24578.47
202512,A11873,lending,28133.66
202512,A11874,mortgage,191012.94
202512,A11875,chequing,8086.6
202512,A11876,chequing,2206.84
202512,A11877,investment,216022.68
202512,A11878,investment,899196.29
202512,A11879,investment,72740.26
202512,A11880,mortgage,359819.03
202512,A11881,mortgage,426546.12
202512,A11882,investment,528361.73
202512,A11883,investment,193286.82
202512,A11884,investment,392790.16
202512,A11885,investment,669232.87
202512,A11886,saving,6564.61
202512,A11887,saving,1241.76
202512,A11888,investment,625283.49
202512,A11889,investment,67192.67
202512,A11890,investment,76129.7
202512,A11891,investment,704383.28
202512,A11892,chequing,2741.78
202512,A11893,lending,31343.06
202512,A11894,investment,983606.96
202512,A11895,chequing,0
202512,A11896,card,-4752.09
202512,A11897,investment,234511.44
202512,A11898,investment,937313.26
202512,A11899,saving,0
202512,A11900,investment,108955.82
202512,A11901,lending,11525.41
202512,A11902,investment,385395.32
202512,A11903,investment,693592.86
202512,A11904,saving,47306.9
202512,A11905,investment,694053.41
202512,A11906,saving,7481.92
202512,A11907,card,-4565.39
202512,A11908,investment,99326.59
202512,A11909,mortgage,157941.54
202512,A11910,chequing,6361.69
202512,A11911,investment,2710.09
202512,A11912,investment,211056.79
202512,A11913,chequing,8426.43
202512,A11914,chequing,381.07
202512,A11915,card,-2080.22
202512,A11916,investment,757629.68
202512,A11917,chequing,0
202512,A11918,investment,235263.7
202512,A11919,investment,529358.74
202512,A11920,mortgage,426850.25
202512,A11921,chequing,8682.76
202512,A11922,lending,48593.81
202512,A11923,investment,0
202512,A11924,investment,19212.45
202512,A11925,investment,156427.9
202512,A11926,chequing,19070.2
202512,A11927,investment,45441.15
202512,A11928,card,-1182.62
202512,A11929,investment,570650.27
202512,A11930,lending,33143.14
202512,A11931,card,0
202512,A11932,investment,992516.91
202512,A11933,investment,477524.15
202512,A11934,investment,578324.46
202512,A11935,investment,412298.95
202512,A11936,investment,273712.38
202512,A11937,lending,33712.98
202512,A11938,investment,876196.84
202512,A11939,saving,15108.03
202512,A11940,card,-4477.98
202512,A11941,investment,570083.64
202512,A11942,investment,85142.39
202512,A11943,investment,64066.53
202512,A11944,investment,46671.05
202512,A11945,investment,277185.73
202512,A11946,chequing,5560.06
202512,A11947,lending,25411.99
202512,A11948,investment,631469.3
202512,A11949,lending,27832.3
202512,A11950,investment,567765.09
202512,A11951,investment,542580.46
202512,A11952,investment,492910.08
202512,A11953,investment,215555.2
202512,A11954,chequing,11009.45
202512,A11955,chequing,6225.3
202512,A11956,chequing,12063.11
202512,A11957,saving,18580.83
202512,A11958,chequing,9066.89
202512,A11959,card,-4599.3
202512,A11960,investment,887488.78
202512,A11961,investment,308589.1
202512,A11962,investment,570499.85
202512,A11963,lending,5550.4
202512,A11964,investment,653689.78
202512,A11965,investment,0
202512,A11966,investment,800380.65
202512,A11967,saving,0
202512,A11968,investment,143085.01
202512,A11969,investment,64354.13
202512,A11970,investment,0
202512,A11971,saving,6341.03
202512,A11972,chequing,9490.3
202512,A11973,chequing,8011.83
202512,A11974,lending,35788.12
202512,A11975,investment,233265.92
202512,A11976,lending,41782.97
202512,A11977,chequing,208.59
202512,A11978,investment,481705.61
202512,A11979,investment,344058.21
202512,A11980,saving,6978.54
202512,A11981,lending,49892.45
202512,A11982,investment,680838.1
202512,A11983,mortgage,362464.77
202512,A11984,chequing,1590.91
202512,A11985,investment,0
202512,A11986,saving,16353.4
202512,A11987,investment,0
202512,A11988,investment,352864.19
202512,A11989,chequing,2583.56
202512,A11990,investment,49918.76
202512,A11991,investment,32776.88
202512,A11992,lending,45608.72
202512,A11993,chequing,9357.47
202512,A11994,chequing,9936.35
202512,A11995,mortgage,278482.05
202512,A11996,saving,9586.75
202512,A11997,investment,802848.4
202512,A11998,investment,181136.96
202512,A11999,investment,229855.78
202512,A12000,lending,0
202512,A12001,lending,43556.89
202512,A12002,lending,12119.14
202512,A12003,card,-2016.04
202512,A12004,investment,933388.09
202512,A12005,card,0
202512,A12006,lending,4940.5
202512,A12007,investment,722522.09
202512,A12008,investment,40743.02
202512,A12009,investment,754202.11
202512,A12010,investment,280978.58
202512,A12011,investment,680255.04
202512,A12012,saving,13723.33
202512,A12013,mortgage,319435.76
202512,A12014,investment,944110.77
202512,A12015,saving,46218.53
202512,A12016,chequing,2312.86
202512,A12017,chequing,9806.45
202512,A12018,card,-3428.89
202512,A12019,saving,9924
202512,A12020,chequing,6798.5
202512,A12021,card,-2915.49
202512,A12022,lending,30421.98
202512,A12023,saving,3352.4
202512,A12024,investment,0
202512,A12025,investment,419133.99
202512,A12026,chequing,6286.01
202512,A12027,investment,972232.99
202512,A12028,saving,12267.77
202512,A12029,chequing,0
202512,A12030,saving,47339.95
202512,A12031,investment,6213.43
202512,A12032,investment,0
202512,A12033,lending,20353.5
202512,A12034,lending,32853.12
202512,A12035,investment,939790.66
202512,A12036,chequing,2774.84
202512,A12037,lending,24853.62
202512,A12038,card,-1600.06
202512,A12039,chequing,0
202512,A12040,investment,2458.82
202512,A12041,mortgage,181607.7
202512,A12042,investment,88457.98
202512,A12043,saving,25465.67
202512,A12044,investment,729557.6
202512,A12045,investment,837739.89
202512,A12046,mortgage,111300.13
202512,A12047,investment,464382.76
202512,A12048,investment,540471.14
202512,A12049,investment,0
202512,A12050,investment,976948.53
202512,A12051,chequing,8155.65
202512,A12052,investment,853811.67
202512,A12053,investment,18021.97
202512,A12054,mortgage,474241.9
202512,A12055,saving,11749.9
202512,A12056,lending,0
202512,A12057,chequing,0
202512,A12058,card,-3548.02
202512,A12059,investment,28586.98
202512,A12060,saving,15944.19
202512,A12061,investment,414263.7
202512,A12062,saving,0
202512,A12063,chequing,6004.63
202512,A12064,lending,8343.64
202512,A12065,investment,610082.62
202512,A12066,saving,16259.26
202512,A12067,chequing,0
202512,A12068,investment,804977.03
202512,A12069,chequing,1942.7
202512,A12070,card,-2381.28
202512,A12071,investment,705677.85
202512,A12072,investment,718164.22
202512,A12073,chequing,11336.07
202512,A12074,chequing,9033.63
202512,A12075,chequing,15255.15
202512,A12076,investment,0
202512,A12077,chequing,7992.52
202512,A12078,saving,28265.91
202512,A12079,saving,7359.1
202512,A12080,investment,720293.86
202512,A12081,investment,299658.65
202512,A12082,investment,23832.17
202512,A12083,chequing,7449.22
202512,A12084,investment,2959.53
202512,A12085,investment,79567.59
202512,A12086,mortgage,162092.09
202512,A12087,saving,14932.89
202512,A12088,chequing,7199.42
202512,A12089,card,-144.04
202512,A12090,chequing,2986.58
202512,A12091,chequing,16269.56
202512,A12092,investment,6462.67
202512,A12093,investment,135726.59
202512,A12094,investment,88072.61
202512,A12095,card,-1710.42
202512,A12096,investment,901592.54
202512,A12097,investment,197117.49
202512,A12098,card,0
202512,A12099,investment,255905.7
202512,A12100,investment,473861.15
202512,A12101,investment,0
202512,A12102,investment,926526.97
202512,A12103,saving,16889.16
202512,A12104,investment,0
202512,A12105,investment,44099.61
202512,A12106,saving,23514.6
202512,A12107,chequing,0
202512,A12108,mortgage,479922.83
202512,A12109,investment,482095.7
202512,A12110,investment,97076.61
202512,A12111,investment,437803.88
202512,A12112,chequing,2266.84
202512,A12113,saving,6456.29
202512,A12114,mortgage,323619.22
202512,A12115,investment,394753.43
202512,A12116,saving,3064.17
202512,A12117,chequing,11802.46
202512,A12118,investment,205447.49
202512,A12119,lending,24236.26
202512,A12120,chequing,1289.3
202512,A12121,investment,600108.87
202512,A12122,investment,309308.85
202512,A12123,investment,989104.24
202512,A12124,card,-2397.44
202512,A12125,lending,1464.7
202512,A12126,investment,126974.96
202512,A12127,card,-2836.72
202512,A12128,investment,81029.52
202512,A12129,card,0
202512,A12130,card,0
202512,A12131,investment,96102.8
202512,A12132,chequing,14285.94
202512,A12133,investment,385371.76
202512,A12134,lending,42457.31
202512,A12135,investment,287123.63
202512,A12136,card,-2870.13
202512,A12137,mortgage,235678.68
202512,A12138,investment,144235.32
202512,A12139,investment,925098.37
202512,A12140,investment,346344.24
202512,A12141,investment,55310.09
202512,A12142,chequing,4383.42
202512,A12143,card,-1509.35
202512,A12144,investment,103208.28
202512,A12145,card,-4590.8
202512,A12146,investment,715620.46
202512,A12147,investment,54465.34
202512,A12148,investment,860825.45
202512,A12149,card,-3079.46
202512,A12150,card,-2197.05
202512,A12151,investment,450739.56
202512,A12152,investment,685714.74
202512,A12153,investment,833911.61
202512,A12154,saving,38879.44
202512,A12155,investment,116206.29
202512,A12156,investment,879061.03
202512,A12157,mortgage,358326.63
202512,A12158,mortgage,266966.42
202512,A12159,investment,597039.37
202512,A12160,saving,21537.45
202512,A12161,investment,0
202512,A12162,lending,3146.2
202512,A12163,investment,587440.92
202512,A12164,investment,472297.34
202512,A12165,chequing,3295.78
202512,A12166,chequing,0
202512,A12167,investment,916893.32
202512,A12168,saving,19779.9
202512,A12169,card,-3912.37
202512,A12170,investment,0
202512,A12171,investment,0
202512,A12172,saving,0
202512,A12173,card,-1121.23
202512,A12174,mortgage,66835.15
202512,A12175,investment,0
202512,A12176,investment,94732.48
202512,A12177,investment,0
202512,A12178,investment,470722.08
202512,A12179,mortgage,313719.94
202512,A12180,investment,730901.3
202512,A12181,investment,0
202512,A12182,chequing,12762.73
202512,A12183,lending,34534.22
202512,A12184,investment,70659.67
202512,A12185,investment,0
202512,A12186,investment,140568.9
202512,A12187,investment,112674.1
202512,A12188,investment,774232.91
202512,A12189,card,-4093.38
202512,A12190,lending,14492.53
202512,A12191,saving,12747.65
202512,A12192,investment,79372.09
202512,A12193,saving,19298.92
202512,A12194,saving,8583.9
202512,A12195,chequing,7264.83
202512,A12196,chequing,1014.91
202512,A12197,lending,0
202512,A12198,saving,0
202512,A12199,mortgage,347447.96
202512,A12200,saving,4805.31
202512,A12201,saving,3827.84
202512,A12202,saving,20596.96
202512,A12203,chequing,15382.37
202512,A12204,chequing,16016.56
202512,A12205,investment,561011.88
202512,A12206,lending,5984.01
202512,A12207,investment,524282.06
202512,A12208,card,-284.9
202512,A12209,chequing,6838.74
202512,A12210,card,-1368.03
202512,A12211,chequing,13990.12
202512,A12212,mortgage,274062.87
202512,A12213,investment,47569.51
202512,A12214,chequing,7622.99
202512,A12215,chequing,17848.21
202512,A12216,saving,19590.42
202512,A12217,investment,15094.47
202512,A12218,chequing,5985.6
202512,A12219,investment,254042.17
202512,A12220,card,-827.86
202512,A12221,investment,731910.83
202512,A12222,chequing,3516.8
202512,A12223,saving,35699.87
202512,A12224,card,-4552.3
202512,A12225,saving,9978.44
202512,A12226,saving,10103.16
202512,A12227,lending,32712.93
202512,A12228,investment,847734.33
202512,A12229,investment,680489.68
202512,A12230,chequing,3193.38
202512,A12231,chequing,3339.56
202512,A12232,saving,5031.92
202512,A12233,lending,49194.23
202512,A12234,saving,0
202512,A12235,investment,228535.89
202512,A12236,mortgage,132623.04
202512,A12237,chequing,0
202512,A12238,card,-3887
202512,A12239,investment,0
202512,A12240,investment,0
202512,A12241,chequing,10503.9
202512,A12242,saving,0
202512,A12243,investment,0
202512,A12244,saving,0
202512,A12245,investment,81937.58
202512,A12246,chequing,18027.16
202512,A12247,saving,8799.06
202512,A12248,chequing,16472.95
202512,A12249,chequing,8336.24
202512,A12250,saving,5007.12
202512,A12251,lending,18280.78
202512,A12252,lending,12415.21
202512,A12253,investment,0
202512,A12254,investment,25030.71
202512,A12255,investment,846528.49
202512,A12256,chequing,9860.19
202512,A12257,investment,583355.27
202512,A12258,investment,463060.69
202512,A12259,saving,29948.75
202512,A12260,lending,9242.94
202512,A12261,card,-4050.7
202512,A12262,lending,29931.36
202512,A12263,mortgage,471696.16
202512,A12264,investment,74349.64
202512,A12265,saving,15793.52
202512,A12266,saving,18287.29
202512,A12267,investment,17590.31
202512,A12268,investment,429161.99
202512,A12269,saving,0
202512,A12270,chequing,0
202512,A12271,mortgage,464984.48
202512,A12272,saving,8572.02
202512,A12273,mortgage,0
202512,A12274,mortgage,228918.56
202512,A12275,investment,67778.55
202512,A12276,investment,845739.84
202512,A12277,lending,27059.1
202512,A12278,investment,502350.73
202512,A12279,chequing,2573.71
202512,A12280,investment,800952.78
202512,A12281,saving,5561.17
202512,A12282,chequing,3818.43
202512,A12283,chequing,15947.87
202512,A12284,investment,901831.68
202512,A12285,saving,1715.71
202512,A12286,saving,5651.29
202512,A12287,investment,30176.18
202512,A12288,chequing,8447.79
202512,A12289,saving,15911.4
202512,A12290,chequing,255.5
202512,A12291,chequing,16984.51
202512,A12292,investment,374173.04
202512,A12293,chequing,9404.68
202512,A12294,investment,209519.31
202512,A12295,chequing,18941.55
202512,A12296,investment,95633.29
202512,A12297,investment,0
202512,A12298,investment,346581.73
202512,A12299,chequing,13426.12
202512,A12300,investment,22570.19
202512,A12301,chequing,8384.96
202512,A12302,saving,11873.88
202512,A12303,saving,35532.99
202512,A12304,chequing,3987.67
202512,A12305,investment,919961.38
202512,A12306,investment,424237.52
202512,A12307,investment,0
202512,A12308,investment,165772.91
202512,A12309,investment,0
202512,A12310,card,-3084.72
202512,A12311,lending,15501.91
202512,A12312,investment,488661.64
202512,A12313,saving,12500.52
202512,A12314,investment,102367.32
202512,A12315,investment,481983.32
202512,A12316,investment,84285.08
202512,A12317,card,-4304.52
202512,A12318,card,0
202512,A12319,chequing,10480.89
202512,A12320,chequing,5104.72
202512,A12321,saving,10672.75
202512,A12322,investment,577146.95
202512,A12323,mortgage,0
202512,A12324,saving,2413.46
202512,A12325,saving,7395.82
202512,A12326,lending,40447.58
202512,A12327,investment,672549.79
202512,A12328,investment,1760.67
202512,A12329,investment,0
202512,A12330,card,-100.06
202512,A12331,card,-2253.25
202512,A12332,saving,17664.51
202512,A12333,mortgage,403113.83
202512,A12334,investment,259431.38
202512,A12335,investment,451423.63
202512,A12336,investment,590727.6
202512,A12337,investment,69745.63
202512,A12338,mortgage,317785.25
202512,A12339,card,0
202512,A12340,chequing,5369.93
202512,A12341,investment,949341.91
202512,A12342,investment,0
202512,A12343,lending,0
202512,A12344,investment,436238.5
202512,A12345,saving,11915.84
202512,A12346,chequing,6788.03
202512,A12347,saving,9979.64
202512,A12348,investment,0
202512,A12349,investment,495643.05
202512,A12350,saving,15013.98
202512,A12351,saving,44784.65
202512,A12352,investment,304967.24
202512,A12353,investment,683154.7
202512,A12354,card,-1028.99
202512,A12355,lending,29448.58
202512,A12356,investment,955288.34
202512,A12357,chequing,614.28
202512,A12358,investment,476073.51
202512,A12359,card,-3207.54
202512,A12360,chequing,17616.91
202512,A12361,investment,122530.84
202512,A12362,investment,914350.59
202512,A12363,investment,816233.42
202512,A12364,investment,202148.62
202512,A12365,investment,7100.71
202512,A12366,investment,70019.93
202512,A12367,investment,534144.28
202512,A12368,mortgage,233603.82
202512,A12369,saving,12003.35
202512,A12370,chequing,7266.87
202512,A12371,investment,0
202512,A12372,mortgage,258578
202512,A12373,chequing,1846.23
202512,A12374,chequing,15223.03
202512,A12375,investment,825810.71
202512,A12376,saving,19262.49
202512,A12377,saving,34139.6
202512,A12378,chequing,5359.12
202512,A12379,chequing,6600.79
202512,A12380,investment,387925.59
202512,A12381,investment,790291.42
202512,A12382,investment,722297.52
202512,A12383,chequing,6564.64
202512,A12384,investment,850686.62
202512,A12385,investment,604604.8
202512,A12386,investment,639567.58
202512,A12387,investment,43446.03
202512,A12388,mortgage,0
202512,A12389,card,-624.93
202512,A12390,investment,57460.92
202512,A12391,investment,694289.48
202512,A12392,lending,24528.98
202512,A12393,lending,14174.28
202512,A12394,chequing,9434.17
202512,A12395,investment,333245.17
202512,A12396,lending,33947.98
202512,A12397,lending,14556.65
202512,A12398,investment,0
202512,A12399,mortgage,379676.34
202512,A12400,chequing,3137.2
202512,A12401,investment,357931.8
202512,A12402,chequing,11396.25
202512,A12403,investment,756737.9
202512,A12404,lending,3419.49
202512,A12405,chequing,0
202512,A12406,investment,0
202512,A12407,mortgage,0
202512,A12408,investment,764131.5
202512,A12409,card,0
202512,A12410,investment,216571.88
202512,A12411,investment,638425.79
202512,A12412,card,-247.95
202512,A12413,investment,981886.9
202512,A12414,lending,14575.56
202512,A12415,investment,766894.29
202512,A12416,investment,153477.51
202512,A12417,saving,3919.38
202512,A12418,investment,0
202512,A12419,chequing,9978.61
202512,A12420,investment,0
202512,A12421,investment,721446.06
202512,A12422,card,-309.24
202512,A12423,lending,38146.92
202512,A12424,mortgage,168474.08
202512,A12425,lending,36357.32
202512,A12426,investment,7078.65
202512,A12427,investment,539950.92
202512,A12428,investment,336066.74
202512,A12429,investment,0
202512,A12430,investment,656120.88
202512,A12431,mortgage,440793.99
202512,A12432,investment,632455.63
202512,A12433,investment,99590.94
202512,A12434,investment,989824.26
202512,A12435,mortgage,161796.88
202512,A12436,investment,82836.05
202512,A12437,card,-2536.55
202512,A12438,investment,132690.72
202512,A12439,investment,968858.65
202512,A12440,investment,404864.94
202512,A12441,card,-3295.81
202512,A12442,chequing,7859.15
202512,A12443,investment,361937.98
202512,A12444,chequing,5940.84
202512,A12445,investment,974778.5
202512,A12446,investment,53962.64
202512,A12447,saving,0
202512,A12448,lending,44334.69
202512,A12449,chequing,5830.59
202512,A12450,chequing,12153.39
202512,A12451,mortgage,95395.24
202512,A12452,investment,653166.06
202512,A12453,investment,881371.21
202512,A12454,saving,10339.43
202512,A12455,investment,16766.99
202512,A12456,mortgage,261870.67
202512,A12457,investment,0
202512,A12458,investment,0
202512,A12459,chequing,15834.26
202512,A12460,saving,1617.6
202512,A12461,chequing,10337.84
202512,A12462,chequing,6928.29
202512,A12463,investment,259134.65
202512,A12464,saving,9353.73
202512,A12465,lending,0
202512,A12466,mortgage,0
202512,A12467,investment,101845.82
202512,A12468,card,-3691.59
202512,A12469,lending,0
202512,A12470,lending,6676.41
202512,A12471,investment,451584.39
202512,A12472,chequing,2657.92
202512,A12473,mortgage,315114.93
202512,A12474,card,-1787.73
202512,A12475,investment,249353.25
202512,A12476,chequing,12159.83
202512,A12477,chequing,0
202512,A12478,investment,660187.79
202512,A12479,chequing,6922.07
202512,A12480,investment,317270.44
202512,A12481,mortgage,175329.43
202512,A12482,mortgage,301363.5
202512,A12483,investment,0
202512,A12484,investment,536683.49
202512,A12485,investment,0
202512,A12486,investment,239793.42
202512,A12487,card,-4307.1
202512,A12488,lending,46520.93
202512,A12489,lending,34190.47
202512,A12490,investment,439587.58
202512,A12491,investment,474534.54
202512,A12492,investment,34484.67
202512,A12493,chequing,6768.26
202512,A12494,card,-2751.86
202512,A12495,chequing,6239.64
202512,A12496,saving,6966.45
202512,A12497,investment,98333.06
202512,A12498,saving,46780.61
202512,A12499,investment,839120.22
202512,A12500,investment,895112.29
202512,A12501,saving,6779.74
202512,A12502,investment,967130.23
202512,A12503,investment,599032.7
202512,A12504,chequing,5184.1
202512,A12505,investment,953333.69
202512,A12506,chequing,8207.89
202512,A12507,saving,8571.42
202512,A12508,chequing,8538.72
202512,A12509,investment,925240.41
202512,A12510,investment,284730.7
202512,A12511,investment,669672.48
202512,A12512,investment,56115.86
202512,A12513,investment,0
202512,A12514,saving,14785.37
202512,A12515,chequing,7700.62
202512,A12516,chequing,176.46
202512,A12517,chequing,4819.74
202512,A12518,investment,392196.92
202512,A12519,chequing,0
202512,A12520,chequing,5287.78
202512,A12521,card,-1083.1
202512,A12522,investment,412005.26
202512,A12523,investment,639519.84
202512,A12524,saving,839.29
202512,A12525,chequing,5779.15
202512,A12526,mortgage,322858.31
202512,A12527,chequing,18235.07
202512,A12528,investment,89101.27
202512,A12529,chequing,6164.39
202512,A12530,lending,0
202512,A12531,investment,222204.75
202512,A12532,investment,565413.89
202512,A12533,mortgage,176683.16
202512,A12534,saving,6615.4
202512,A12535,investment,863179.74
202512,A12536,chequing,15841.03
202512,A12537,investment,0
202512,A12538,investment,297036.52
202512,A12539,chequing,5423.85
202512,A12540,mortgage,308008.17
202512,A12541,investment,54347.77
202512,A12542,saving,26052.91
202512,A12543,investment,549055.71
202512,A12544,investment,900933.89
202512,A12545,lending,31616.04
202512,A12546,investment,590219.82
202512,A12547,mortgage,358828.24
202512,A12548,investment,0
202512,A12549,mortgage,61846.24
202512,A12550,lending,39494.02
202512,A12551,chequing,12694.17
202512,A12552,mortgage,441491.09
202512,A12553,chequing,4914.02
202512,A12554,lending,27970.94
202512,A12555,investment,0
202512,A12556,mortgage,103769.82
202512,A12557,investment,866469.79
202512,A12558,chequing,12614.1
202512,A12559,investment,512935.95
202512,A12560,investment,558034.31
202512,A12561,investment,200368.71
202512,A12562,card,-1284.51
202512,A12563,investment,162757.23
202512,A12564,saving,18849.09
202512,A12565,saving,15135.25
202512,A12566,chequing,8036.97
202512,A12567,investment,50395.73
202512,A12568,investment,802772.81
202512,A12569,chequing,13011.67
202512,A12570,chequing,6326.33
202512,A12571,mortgage,314302.28
202512,A12572,investment,325832.8
202512,A12573,saving,13583.87
202512,A12574,chequing,0
202512,A12575,chequing,746.09
202512,A12576,investment,832157.23
202512,A12577,lending,37662.74
202512,A12578,investment,915549.13
202512,A12579,chequing,13476.62
202512,A12580,chequing,12186.65
202512,A12581,card,-1890.58
202512,A12582,investment,9450.36
202512,A12583,investment,0
202512,A12584,mortgage,321387.99
202512,A12585,investment,80250.04
202512,A12586,investment,48311.55
202512,A12587,saving,6445.61
202512,A12588,saving,19551.39
202512,A12589,mortgage,171270.44
202512,A12590,mortgage,208609.15
202512,A12591,card,-681.91
202512,A12592,investment,0
202512,A12593,investment,742291.39
202512,A12594,investment,840147.77
202512,A12595,chequing,11152.26
202512,A12596,investment,713485.06
202512,A12597,lending,4554.38
202512,A12598,saving,17329.06
202512,A12599,chequing,10172.17
202512,A12600,investment,75767.95
202512,A12601,investment,821497.89
202512,A12602,saving,0
202512,A12603,card,-635.66
202512,A12604,investment,0
202512,A12605,investment,97927.46
202512,A12606,saving,20999.22
202512,A12607,chequing,10572.9
202512,A12608,lending,45593.33
202512,A12609,investment,32411.53
202512,A12610,investment,322324.59
202512,A12611,investment,45344.87
202512,A12612,chequing,4553.21
202512,A12613,chequing,929.74
202512,A12614,investment,0
202512,A12615,chequing,3615.13
202512,A12616,investment,218353.52
202512,A12617,investment,835689.06
202512,A12618,saving,22726.86
202512,A12619,saving,11838.53
202512,A12620,investment,305117.83
202512,A12621,investment,528742.96
202512,A12622,investment,742179.21
202512,A12623,saving,11032.68
202512,A12624,saving,0
202512,A12625,investment,63566.68
202512,A12626,lending,0
202512,A12627,lending,47707.59
202512,A12628,mortgage,136730.36
202512,A12629,chequing,0
202512,A12630,chequing,16899.11
202512,A12631,investment,427324.85
202512,A12632,investment,260842.27
202512,A12633,saving,14603.94
202512,A12634,investment,499641.4
202512,A12635,investment,129164.22
202512,A12636,chequing,6340.49
202512,A12637,investment,550280.14
202512,A12638,investment,323815.3
202512,A12639,card,-1987.43
202512,A12640,saving,0
202512,A12641,saving,27060.41
202512,A12642,chequing,8199.25
202512,A12643,investment,493841.43
202512,A12644,investment,738378.2
202512,A12645,mortgage,181236.72
202512,A12646,card,-1629.47
202512,A12647,investment,84760.53
202512,A12648,investment,68243.33
202512,A12649,card,-8.46
202512,A12650,chequing,6046.76
202512,A12651,card,-1290.87
202512,A12652,mortgage,67447.98
202512,A12653,investment,534731.87
202512,A12654,card,-922.62
202512,A12655,lending,18611.98
202512,A12656,saving,6012.54
202512,A12657,investment,928594.14
202512,A12658,card,-1616.86
202512,A12659,mortgage,0
202512,A12660,chequing,11776.87
202512,A12661,investment,947215.65
202512,A12662,mortgage,435784.53
202512,A12663,card,-731.25
202512,A12664,investment,479045.22
202512,A12665,mortgage,138554.95
202512,A12666,investment,480830.5
202512,A12667,lending,29689.5
202512,A12668,lending,2033.21
202512,A12669,chequing,8021.68
202512,A12670,card,-284.56
202512,A12671,card,-4800.16
202512,A12672,chequing,0
202512,A12673,investment,633653.8
202512,A12674,investment,941841.16
202512,A12675,investment,183313.35
202512,A12676,chequing,12533.24
202512,A12677,investment,511638.03
202512,A12678,saving,3174.07
202512,A12679,chequing,903.25
202512,A12680,saving,18698.52
202512,A12681,investment,877558.54
202512,A12682,chequing,2692.13
202512,A12683,investment,997643.27
202512,A12684,investment,740720.56
202512,A12685,saving,27181.41
202512,A12686,chequing,13041.75
202512,A12687,investment,247841.53
202512,A12688,investment,55036.84
202512,A12689,chequing,1756.96
202512,A12690,chequing,17183.74
202512,A12691,investment,819447.9
202512,A12692,investment,943385.51
202512,A12693,investment,973649.91
202512,A12694,lending,21266.39
202512,A12695,chequing,8664.41
202512,A12696,investment,936414.92
202512,A12697,saving,18610.2
202512,A12698,investment,958086.03
202512,A12699,saving,16052.06
202512,A12700,chequing,8533.93
202512,A12701,investment,89591.74
202512,A12702,card,-3151.37
202512,A12703,investment,39863.92
202512,A12704,mortgage,188953.8
202512,A12705,chequing,6553.08
202512,A12706,investment,0
202512,A12707,saving,6015.41
202512,A12708,investment,624138.53
202512,A12709,lending,20443.44
202512,A12710,chequing,5947.16
202512,A12711,investment,743846.25
202512,A12712,investment,46142.37
202512,A12713,investment,320223.2
202512,A12714,chequing,8998.84
202512,A12715,chequing,9139.3
202512,A12716,lending,17177.54
202512,A12717,investment,407734.87
202512,A12718,chequing,19112.87
202512,A12719,investment,48561.42
202512,A12720,saving,17363.91
202512,A12721,investment,566055.07
202512,A12722,chequing,9411.04
202512,A12723,investment,485429.86
202512,A12724,chequing,6921.38
202512,A12725,saving,39380.66
202512,A12726,card,-1702.77
202512,A12727,saving,28703.33
202512,A12728,lending,25009.51
202512,A12729,investment,409542.99
202512,A12730,saving,19867.69
202512,A12731,investment,781950.71
202512,A12732,investment,815212.17
202512,A12733,investment,288530.91
202512,A12734,investment,23940.19
202512,A12735,saving,43989.34
202512,A12736,lending,0
202512,A12737,investment,15405.63
202512,A12738,investment,21758.71
202512,A12739,lending,47029.09
202512,A12740,investment,897869.74
202512,A12741,chequing,1283.82
202512,A12742,saving,2420.12
202512,A12743,lending,33687.47
202512,A12744,saving,9761.74
202512,A12745,investment,754056.26
202512,A12746,lending,46827.32
202512,A12747,chequing,19867.37
202512,A12748,lending,22365.76
202512,A12749,investment,986708.07
202512,A12750,saving,21956.93
202512,A12751,saving,42168.15
202512,A12752,mortgage,229541.55
202512,A12753,card,-386.13
202512,A12754,investment,879611.1
202512,A12755,card,-4209.9
202512,A12756,investment,3902.23
202512,A12757,chequing,5129.43
202512,A12758,lending,15391.5
202512,A12759,lending,0
202512,A12760,investment,172928
202512,A12761,mortgage,176614.66
202512,A12762,mortgage,306410.1
202512,A12763,investment,613184.66
202512,A12764,investment,473020.76
202512,A12765,saving,11112.07
202512,A12766,card,-3898.2
202512,A12767,investment,0
202512,A12768,investment,78847.82
202512,A12769,lending,48672.95
202512,A12770,investment,76697.6
202512,A12771,mortgage,67063.52
202512,A12772,investment,23388.28
202512,A12773,lending,22362.02
202512,A12774,investment,625536.08
202512,A12775,lending,19566.79
202512,A12776,card,-3965.45
202512,A12777,chequing,8249.56
202512,A12778,mortgage,401545.27
202512,A12779,investment,949993.12
202512,A12780,investment,11438.27
202512,A12781,chequing,2022.41
202512,A12782,card,-3019.37
202512,A12783,investment,834919.12
202512,A12784,saving,7427.67
202512,A12785,chequing,10563
202512,A12786,lending,37749.53
202512,A12787,investment,0
202512,A12788,mortgage,381601.49
202512,A12789,investment,891840.28
202512,A12790,investment,956124.8
202512,A12791,investment,63311.5
202512,A12792,investment,737030.8
202512,A12793,saving,11355.99
202512,A12794,chequing,9919.05
202512,A12795,investment,56926.57
202512,A12796,investment,650180.3
202512,A12797,investment,267534.5
202512,A12798,chequing,331.18
202512,A12799,investment,49274.74
202512,A12800,mortgage,316236.89
202512,A12801,chequing,4695.54
202512,A12802,investment,1369
202512,A12803,chequing,5073.69
202512,A12804,investment,372215.61
202512,A12805,chequing,5018
202512,A12806,investment,36562.4
202512,A12807,investment,518837.8
202512,A12808,investment,972823.88
202512,A12809,saving,12866.38
202512,A12810,investment,221781.54
202512,A12811,investment,0
202512,A12812,card,0
202512,A12813,mortgage,52296.35
202512,A12814,investment,884832.46
202512,A12815,investment,7591.77
202512,A12816,investment,898266.64
202512,A12817,mortgage,0
202512,A12818,investment,29864.63
202512,A12819,investment,147613.73
202512,A12820,investment,419337.63
202512,A12821,chequing,6691.62
202512,A12822,saving,30728.02
202512,A12823,investment,39063.49
202512,A12824,investment,45697.21
202512,A12825,chequing,5921.1
202512,A12826,investment,80106.41
202512,A12827,chequing,18184.29
202512,A12828,investment,8623.95
202512,A12829,chequing,1853.97
202512,A12830,investment,956031.01
202512,A12831,investment,0
202512,A12832,card,0
202512,A12833,investment,336578.42
202512,A12834,saving,2989.89
202512,A12835,investment,226443.77
202512,A12836,chequing,9850.4
202512,A12837,investment,25314.19
202512,A12838,card,-807.27
202512,A12839,investment,58879.91
202512,A12840,chequing,18166.73
202512,A12841,chequing,9138
202512,A12842,investment,151265.93
202512,A12843,investment,0
202512,A12844,investment,267311.98
202512,A12845,chequing,0
202512,A12846,lending,7740.4
202512,A12847,saving,33090.71
202512,A12848,investment,203284.26
202512,A12849,card,-3843.37
202512,A12850,investment,68973.89
202512,A12851,investment,410386.29
202512,A12852,mortgage,0
202512,A12853,chequing,4718.35
202512,A12854,chequing,2831.95
202512,A12855,investment,265965.95
202512,A12856,investment,8144.49
202512,A12857,investment,819657.94
202512,A12858,chequing,16143.87
202512,A12859,investment,475642.13
202512,A12860,card,-0.62
202512,A12861,card,-3899.7
202512,A12862,investment,315488.59
202512,A12863,chequing,7954.56
202512,A12864,investment,775979.21
202512,A12865,saving,24925.41
202512,A12866,saving,9478.69
202512,A12867,lending,25338.2
202512,A12868,investment,0
202512,A12869,investment,223848.35
202512,A12870,investment,265039.19
202512,A12871,lending,14446.58
202512,A12872,saving,0
202512,A12873,investment,92955.63
202512,A12874,investment,31113.4
202512,A12875,lending,6065.54
202512,A12876,saving,3681.78
202512,A12877,investment,713898.04
202512,A12878,card,-3718.75
202512,A12879,saving,4448.35
202512,A12880,investment,836915.59
202512,A12881,mortgage,382647.84
202512,A12882,chequing,11374.3
202512,A12883,investment,32052.33
202512,A12884,chequing,13002.34
202512,A12885,card,-2486
202512,A12886,lending,21779.45
202512,A12887,saving,17812.69
202512,A12888,investment,0
202512,A12889,investment,0
202512,A12890,chequing,4163.43
202512,A12891,investment,517940.03
202512,A12892,chequing,16326.83
202512,A12893,mortgage,436365.19
202512,A12894,investment,703583.81
202512,A12895,chequing,6781.45
202512,A12896,investment,535728.21
202512,A12897,lending,0
202512,A12898,chequing,12459.29
202512,A12899,chequing,9015.89
202512,A12900,chequing,4997.06
202512,A12901,mortgage,418503.57
202512,A12902,mortgage,59456.88
202512,A12903,saving,28129.49
202512,A12904,saving,49642.12
202512,A12905,investment,134164.62
202512,A12906,investment,988646.5
202512,A12907,investment,245211.33
202512,A12908,saving,7196.4
202512,A12909,saving,9538.92
202512,A12910,chequing,4604.48
202512,A12911,card,-1568.35
202512,A12912,lending,48127.88
202512,A12913,chequing,8404.23
202512,A12914,card,-4412.62
202512,A12915,investment,519424.61
202512,A12916,investment,290568.88
202512,A12917,chequing,14664.11
202512,A12918,investment,170135.22
202512,A12919,chequing,2673.72
202512,A12920,card,-2436.8
202512,A12921,chequing,5884.48
202512,A12922,mortgage,468318.37
202512,A12923,investment,297480.29
202512,A12924,investment,816188.15
202512,A12925,mortgage,0
202512,A12926,saving,8777.57
202512,A12927,mortgage,166896.12
202512,A12928,investment,990429
202512,A12929,investment,856447.19
202512,A12930,chequing,13161.65
202512,A12931,chequing,0
202512,A12932,investment,0
202512,A12933,investment,868369.77
202512,A12934,chequing,8813.31
202512,A12935,mortgage,233934.74
202512,A12936,chequing,6086.87
202512,A12937,card,-805.94
202512,A12938,investment,324622.62
202512,A12939,mortgage,209597.62
202512,A12940,investment,315553.29
202512,A12941,saving,12322.25
202512,A12942,saving,18755.56
202512,A12943,investment,57271.04
202512,A12944,investment,653075.95
202512,A12945,investment,80166.87
202512,A12946,saving,0
202512,A12947,chequing,6412.07
202512,A12948,mortgage,0
202512,A12949,saving,8908.82
202512,A12950,lending,16912
202512,A12951,investment,390135.8
202512,A12952,investment,612308.68
202512,A12953,chequing,12243.31
202512,A12954,saving,21473.34
202512,A12955,investment,81494.96
202512,A12956,chequing,3321.16
202512,A12957,lending,21985.74
202512,A12958,investment,347913.13
202512,A12959,lending,37377.42
202512,A12960,mortgage,163084.93
202512,A12961,mortgage,293680.39
202512,A12962,saving,0
202512,A12963,chequing,9191.69
202512,A12964,lending,16105.77
202512,A12965,chequing,15800.17
202512,A12966,chequing,17637.35
202512,A12967,card,-725.58
202512,A12968,investment,973981.46
202512,A12969,investment,25857.27
202512,A12970,chequing,3649.33
202512,A12971,investment,474550.07
202512,A12972,investment,917703.68
202512,A12973,saving,17211.13
202512,A12974,lending,28580.94
202512,A12975,chequing,0
202512,A12976,investment,448081.6
202512,A12977,investment,279616.07
202512,A12978,chequing,14786.83
202512,A12979,chequing,1302.94
202512,A12980,investment,863637.99
202512,A12981,card,-787.56
202512,A12982,lending,46405.97
202512,A12983,investment,623495.92
202512,A12984,chequing,9641.91
202512,A12985,card,-2503.6
202512,A12986,mortgage,283966.08
202512,A12987,mortgage,174247.66
202512,A12988,saving,15169.97
202512,A12989,chequing,11379.78
202512,A12990,investment,844847.83
202512,A12991,card,-275.44
202512,A12992,mortgage,0
202512,A12993,mortgage,130618.67
202512,A12994,investment,22472.38
202512,A12995,mortgage,84028.59
202512,A12996,lending,11137.9
202512,A12997,investment,622217.64
202512,A12998,investment,619352.44
202512,A12999,saving,16266.22
202512,A13000,lending,24710.87
202512,A13001,saving,0
202512,A13002,lending,0
202512,A13003,investment,256579.59
202512,A13004,lending,23701.07
202512,A13005,investment,443043.12
202512,A13006,mortgage,415225.62
202512,A13007,lending,33625.86
202512,A13008,card,-2215.51
202512,A13009,chequing,5501.74
202512,A13010,investment,85002.72
202512,A13011,chequing,6227.31
202512,A13012,chequing,19061.1
202512,A13013,investment,548551.78
202512,A13014,investment,692353.44
202512,A13015,investment,643308.35
202512,A13016,investment,80530.25
202512,A13017,investment,128439.94
202512,A13018,saving,2740.02
202512,A13019,chequing,11561.34
202512,A13020,investment,605894.68
202512,A13021,investment,635204.82
202512,A13022,chequing,7219.48
202512,A13023,card,-1138.29
202512,A13024,lending,16812.05
202512,A13025,investment,86951.87
202512,A13026,lending,1461.93
202512,A13027,chequing,8468.9
202512,A13028,investment,47542.97
202512,A13029,lending,23568.13
202512,A13030,saving,27282.55
202512,A13031,card,-1829.05
202512,A13032,lending,36142.03
202512,A13033,investment,423392.18
202512,A13034,lending,31098.09
202512,A13035,investment,889950.99
202512,A13036,chequing,2138.82
202512,A13037,investment,598721.7
202512,A13038,investment,426248.36
202512,A13039,card,-1321.93
202512,A13040,card,-2407.48
202512,A13041,chequing,5394.08
202512,A13042,chequing,16975.56
202512,A13043,investment,0
202512,A13044,investment,0
202512,A13045,card,-1221.22
202512,A13046,chequing,8552.46
202512,A13047,card,-3356.43
202512,A13048,investment,233279.9
202512,A13049,chequing,8788.94
202512,A13050,saving,11110.85
202512,A13051,investment,980069.72
202512,A13052,investment,461092.68
202512,A13053,mortgage,125239.99
202512,A13054,investment,679374.97
202512,A13055,investment,375459.32
202512,A13056,card,-23.47
202512,A13057,chequing,15460.58
202512,A13058,investment,690099.81
202512,A13059,card,-1685.57
202512,A13060,investment,45814.39
202512,A13061,investment,568969.23
202512,A13062,chequing,15597.98
202512,A13063,lending,49850.31
202512,A13064,investment,558767.26
202512,A13065,lending,23569.45
202512,A13066,saving,12405.71
202512,A13067,investment,0
202512,A13068,card,-3555.3
202512,A13069,saving,15854.25
202512,A13070,saving,19741.13
202512,A13071,chequing,15134.94
202512,A13072,mortgage,478251.63
202512,A13073,investment,623482.51
202512,A13074,card,-3656.04
202512,A13075,investment,326820.42
202512,A13076,card,0
202512,A13077,saving,15531.17
202512,A13078,investment,219983.55
202512,A13079,saving,29624.01
202512,A13080,saving,6317.68
202512,A13081,investment,94782.18
202512,A13082,lending,49298.24
202512,A13083,investment,266668.91
202512,A13084,chequing,116.11
202512,A13085,card,-4794.18
202512,A13086,investment,27203.12
202512,A13087,chequing,7464.15
202512,A13088,lending,4782.16
202512,A13089,investment,929899.62
202512,A13090,investment,550905.25
202512,A13091,investment,533387.54
202512,A13092,chequing,6564.66
202512,A13093,chequing,4559.96
202512,A13094,mortgage,218516.99
202512,A13095,investment,469884.58
202512,A13096,saving,47628.25
202512,A13097,investment,12501.32
202512,A13098,investment,282324.48
202512,A13099,investment,498261.24
202512,A13100,lending,16656.6
202512,A13101,saving,18988.8
202512,A13102,investment,295401.47
202512,A13103,lending,16825.44
202512,A13104,saving,41194.66
202512,A13105,card,0
202512,A13106,mortgage,125598
202512,A13107,mortgage,137376.96
202512,A13108,chequing,6434.06
202512,A13109,investment,159974.54
202512,A13110,investment,21434.36
202512,A13111,mortgage,272511.22
202512,A13112,chequing,2761.08
202512,A13113,investment,876558.99
202512,A13114,investment,345776.03
202512,A13115,investment,981761.59
202512,A13116,chequing,9763.32
202512,A13117,investment,252127.42
202512,A13118,lending,32020.44
202512,A13119,chequing,5808.67
202512,A13120,saving,1087.22
202512,A13121,lending,46866.37
202512,A13122,investment,792791.19
202512,A13123,investment,534051.7
202512,A13124,investment,922212.24
202512,A13125,investment,8996.13
202512,A13126,investment,564326.82
202512,A13127,card,-1125.76
202512,A13128,saving,9724.99
202512,A13129,investment,566363.68
202512,A13130,lending,34539.55
202512,A13131,card,-2954.46
202512,A13132,chequing,5198.78
202512,A13133,investment,104211.43
202512,A13134,card,-4186.51
202512,A13135,investment,9354.53
202512,A13136,investment,274017.04
202512,A13137,mortgage,268446.34
202512,A13138,chequing,12111.93
202512,A13139,investment,244049.53
202512,A13140,card,-3291.89
202512,A13141,investment,826682.67
202512,A13142,lending,27114.11
202512,A13143,chequing,5829.52
202512,A13144,chequing,7008.15
202512,A13145,chequing,3078.29
202512,A13146,investment,90497.47
202512,A13147,lending,16974.77
202512,A13148,card,-4422.43
202512,A13149,investment,555691.97
202512,A13150,chequing,666.23
202512,A13151,lending,10860.08
202512,A13152,investment,802375.44
202512,A13153,mortgage,184887.38
202512,A13154,mortgage,185677.49
202512,A13155,investment,177914.97
202512,A13156,mortgage,368134.46
202512,A13157,investment,654923
202512,A13158,investment,514039.29
202512,A13159,investment,700319.14
202512,A13160,investment,388648.49
202512,A13161,lending,32155.14
202512,A13162,investment,276045.76
202512,A13163,investment,655000.47
202512,A13164,investment,809460.15
202512,A13165,card,-1979.06
202512,A13166,card,-1397.69
202512,A13167,saving,17046.63
202512,A13168,investment,208654.16
202512,A13169,chequing,6434.09
202512,A13170,lending,23178.35
202512,A13171,mortgage,90030.33
202512,A13172,chequing,9216.81
202512,A13173,mortgage,166887.34
202512,A13174,investment,810147.52
202512,A13175,investment,846052.15
202512,A13176,investment,649312.04
202512,A13177,saving,41757.8
202512,A13178,saving,26767.73
202512,A13179,saving,3398.12
202512,A13180,investment,343441.72
202512,A13181,saving,25467.43
202512,A13182,mortgage,283637.69
202512,A13183,chequing,6619.78
202512,A13184,chequing,17344.99
202512,A13185,card,-2073.28
202512,A13186,investment,940868.28
202512,A13187,mortgage,75619.4
202512,A13188,mortgage,50703.05
202512,A13189,investment,236288.49
202512,A13190,saving,26901.85
202512,A13191,chequing,9773.78
202512,A13192,chequing,6035.55
202512,A13193,saving,42530.02
202512,A13194,chequing,2677.96
202512,A13195,mortgage,378538.41
202512,A13196,investment,977484.03
202512,A13197,investment,23685.87
202512,A13198,investment,989079.2
202512,A13199,card,-4201.58
202512,A13200,saving,5170.85
202512,A13201,investment,840458.76
202512,A13202,chequing,2018.41
202512,A13203,card,-2595.52
202512,A13204,chequing,282.57
202512,A13205,mortgage,273396.19
202512,A13206,saving,0
202512,A13207,saving,6627.72
202512,A13208,lending,0
202512,A13209,card,-2356.59
202512,A13210,saving,4653.72
202512,A13211,chequing,0
202512,A13212,chequing,5507.9
202512,A13213,investment,320810.84
202512,A13214,saving,9045.64
202512,A13215,investment,264097.69
202512,A13216,investment,629649.69
202512,A13217,card,-133.89
202512,A13218,chequing,16348.07
202512,A13219,chequing,10498.31
202512,A13220,chequing,5966.22
202512,A13221,chequing,12011.3
202512,A13222,investment,787598.98
202512,A13223,lending,35024.2
202512,A13224,saving,0
202512,A13225,investment,446552.2
202512,A13226,investment,217836.36
202512,A13227,chequing,8689.22
202512,A13228,investment,287015.25
202512,A13229,lending,32079.57
202512,A13230,lending,17900.01
202512,A13231,chequing,7215.52
202512,A13232,lending,16689.64
202512,A13233,investment,911719.9
202512,A13234,investment,248280.22
202512,A13235,investment,911116.44
202512,A13236,mortgage,467903.46
202512,A13237,saving,1316.24
202512,A13238,chequing,0
202512,A13239,card,0
202512,A13240,investment,63084.08
202512,A13241,investment,0
202512,A13242,card,-4854.96
202512,A13243,chequing,17802.7
202512,A13244,lending,47386.4
202512,A13245,investment,777595.76
202512,A13246,mortgage,250892.1
202512,A13247,saving,41263.57
202512,A13248,investment,61499.99
202512,A13249,chequing,15184.12
202512,A13250,lending,41731.49
202512,A13251,investment,42977.14
202512,A13252,card,-1182.88
202512,A13253,saving,1136.52
202512,A13254,chequing,5551.35
202512,A13255,lending,23662.73
202512,A13256,saving,0
202512,A13257,investment,31747.74
202512,A13258,investment,803953.96
202512,A13259,chequing,8096.44
202512,A13260,investment,235215
202512,A13261,investment,65571.28
202512,A13262,investment,404692.98
202512,A13263,saving,19607.13
202512,A13264,investment,526866.88
202512,A13265,investment,0
202512,A13266,investment,0
202512,A13267,investment,695172.78
202512,A13268,card,-2071.76
202512,A13269,saving,16986.56
202512,A13270,lending,32771.53
202512,A13271,investment,238982.33
202512,A13272,saving,13531.19
202512,A13273,investment,347650.83
202512,A13274,investment,0
202512,A13275,investment,755954.57
202512,A13276,investment,948955.4
202512,A13277,investment,396261.21
202512,A13278,chequing,13334.65
202512,A13279,chequing,18123.47
202512,A13280,investment,455919.23
202512,A13281,card,-2120.35
202512,A13282,lending,3643.18
202512,A13283,chequing,0
202512,A13284,saving,6358.88
202512,A13285,card,0
202512,A13286,investment,291158.49
202512,A13287,investment,167050.21
202512,A13288,saving,8947.14
202512,A13289,investment,864972.11
202512,A13290,investment,95285.85
202512,A13291,chequing,7989.27
202512,A13292,investment,0
202512,A13293,lending,21089.67
202512,A13294,investment,352876.9
202512,A13295,chequing,14817.34
202512,A13296,mortgage,213913.59
202512,A13297,investment,89348.4
202512,A13298,chequing,11166.84
202512,A13299,lending,25474.52
202512,A13300,chequing,9010.98
202512,A13301,saving,14925.75
202512,A13302,chequing,0
202512,A13303,chequing,13345.46
202512,A13304,investment,712507.79
202512,A13305,lending,14535.97
202512,A13306,investment,205822.49
202512,A13307,chequing,0
202512,A13308,investment,322146.89
202512,A13309,lending,0
202512,A13310,chequing,1489.72
202512,A13311,investment,388044.97
202512,A13312,investment,205271.62
202512,A13313,chequing,13082.85
202512,A13314,investment,536460.43
202512,A13315,saving,12626.73
202512,A13316,chequing,5622.9
202512,A13317,investment,290929.71
202512,A13318,lending,32507.99
202512,A13319,investment,0
202512,A13320,investment,58244.83
202512,A13321,lending,10098.51
202512,A13322,investment,491099.63
202512,A13323,chequing,2003.45
202512,A13324,saving,2808.57
202512,A13325,card,-2479.94
202512,A13326,card,-3199.17
202512,A13327,investment,938802.95
202512,A13328,investment,522444.87
202512,A13329,saving,14078.52
202512,A13330,chequing,4853.79
202512,A13331,card,-1418.75
202512,A13332,investment,706867.75
202512,A13333,card,-3930.76
202512,A13334,chequing,0
202512,A13335,investment,903682.89
202512,A13336,chequing,7250.59
202512,A13337,lending,40643.02
202512,A13338,chequing,11793.56
202512,A13339,investment,60488.61
202512,A13340,saving,27953.78
202512,A13341,saving,9510
202512,A13342,investment,0
202512,A13343,investment,0
202512,A13344,chequing,9230.39
202512,A13345,investment,6579.54
202512,A13346,chequing,15822.96
202512,A13347,investment,875072.01
202512,A13348,card,-2849.84
202512,A13349,card,-2946.82
202512,A13350,investment,918360.85
202512,A13351,chequing,14900.44
202512,A13352,chequing,7269.43
202512,A13353,card,-4470.07
202512,A13354,chequing,12980.61
202512,A13355,investment,97199.69
202512,A13356,investment,55890.43
202512,A13357,chequing,17636.05
202512,A13358,chequing,9754.1
202512,A13359,lending,28883.26
202512,A13360,lending,36697.31
202512,A13361,investment,796422.25
202512,A13362,chequing,5875.06
202512,A13363,saving,17863.47
202512,A13364,investment,805024.84
202512,A13365,saving,10566.13
202512,A13366,chequing,8734.55
202512,A13367,investment,15409.63
202512,A13368,saving,18662.07
202512,A13369,investment,13679.01
202512,A13370,chequing,5523.09
202512,A13371,chequing,17506.42
202512,A13372,card,0
202512,A13373,chequing,941.22
202512,A13374,investment,873288.75
202512,A13375,saving,8991.92
202512,A13376,lending,13831.15
202512,A13377,saving,2643.3
202512,A13378,investment,598250.03
202512,A13379,investment,0
202512,A13380,investment,216387.88
202512,A13381,lending,3750.6
202512,A13382,investment,885285.2
202512,A13383,card,-869.53
202512,A13384,investment,361605.98
202512,A13385,saving,9779.42
202512,A13386,card,0
202512,A13387,investment,205154.58
202512,A13388,investment,858307.69
202512,A13389,investment,205630.61
202512,A13390,investment,44014.8
202512,A13391,investment,513408.67
202512,A13392,mortgage,294857.23
202512,A13393,chequing,4898.45
202512,A13394,chequing,0
202512,A13395,investment,0
202512,A13396,saving,2397.65
202512,A13397,investment,581695.36
202512,A13398,investment,0
202512,A13399,investment,885081.52
202512,A13400,investment,142447.88
202512,A13401,investment,571073.37
202512,A13402,saving,5131.58
202512,A13403,investment,368286.58
202512,A13404,lending,8403.91
202512,A13405,lending,36065.06
202512,A13406,chequing,5579.59
202512,A13407,card,-4394.72
202512,A13408,mortgage,60973.46
202512,A13409,investment,728394.84
202512,A13410,investment,88160.34
202512,A13411,lending,26757.95
202512,A13412,investment,398907.57
202512,A13413,investment,74588.54
202512,A13414,card,-4268.67
202512,A13415,chequing,7566.63
202512,A13416,investment,0
202512,A13417,investment,9894.56
202512,A13418,investment,40866.57
202512,A13419,saving,8420.02
202512,A13420,saving,16487.85
202512,A13421,investment,0
202512,A13422,investment,0
202512,A13423,investment,0
202512,A13424,mortgage,65256.47
202512,A13425,mortgage,367141.06
202512,A13426,investment,519953.05
202512,A13427,investment,453427.21
202512,A13428,investment,307169.31
202512,A13429,lending,12864.04
202512,A13430,card,-2654.24
202512,A13431,investment,67116.75
202512,A13432,mortgage,343604.5
202512,A13433,chequing,16403.39
202512,A13434,investment,0
202512,A13435,chequing,129.35
202512,A13436,mortgage,0
202512,A13437,chequing,3959.65
202512,A13438,lending,26660.82
202512,A13439,investment,0
202512,A13440,investment,534415.29
202512,A13441,investment,88295.19
202512,A13442,card,-2375.45
202512,A13443,mortgage,266277.55
202512,A13444,chequing,6885.29
202512,A13445,investment,747201.09
202512,A13446,chequing,7448.16
202512,A13447,lending,15604.28
202512,A13448,investment,794112.4
202512,A13449,investment,591263.98
202512,A13450,investment,882160.8
202512,A13451,investment,208908.58
202512,A13452,investment,90177.27
202512,A13453,chequing,0
202512,A13454,investment,71297.88
202512,A13455,card,-4423.07
202512,A13456,investment,296559.72
202512,A13457,saving,32476.89
202512,A13458,investment,0
202512,A13459,chequing,2401.97
202512,A13460,investment,248647.57
202512,A13461,investment,371317.39
202512,A13462,card,-1967.78
202512,A13463,saving,31431.34
202512,A13464,lending,26114.39
202512,A13465,lending,1377.37
202512,A13466,card,-539.95
202512,A13467,chequing,5989.65
202512,A13468,chequing,3253.55
202512,A13469,investment,418030.86
202512,A13470,card,-3960.53
202512,A13471,investment,0
202512,A13472,investment,201266.64
202512,A13473,lending,17494.9
202512,A13474,chequing,9102.87
202512,A13475,investment,839484.33
202512,A13476,saving,11661.3
202512,A13477,investment,305145.5
202512,A13478,investment,620858.98
202512,A13479,investment,371928.24
202512,A13480,investment,271465.63
202512,A13481,investment,38789.4
202512,A13482,saving,11130.18
202512,A13483,card,-59.75
202512,A13484,saving,44771.06
202512,A13485,card,-1205.52
202512,A13486,card,-1387.55
202512,A13487,investment,549745.95
202512,A13488,chequing,13743.75
202512,A13489,investment,22204.03
202512,A13490,investment,507013.47
202512,A13491,mortgage,0
202512,A13492,mortgage,70370.62
202512,A13493,card,-42.26
202512,A13494,investment,283303.57
202512,A13495,card,-610.85
202512,A13496,investment,759859.96
202512,A13497,investment,60921.23
202512,A13498,lending,34072.96
202512,A13499,investment,504166.14
202512,A13500,investment,561300.96
202512,A13501,lending,41009.54
202512,A13502,investment,93933.29
202512,A13503,mortgage,88891.49
202512,A13504,chequing,6710.31
202512,A13505,investment,179184.74
202512,A13506,investment,990881
202512,A13507,investment,392899.64
202512,A13508,investment,87824.61
202512,A13509,investment,205964.33
202512,A13510,investment,304834.02
202512,A13511,saving,18914.36
202512,A13512,investment,93201.87
202512,A13513,investment,254830.92
202512,A13514,investment,769229.65
202512,A13515,chequing,8443.12
202512,A13516,chequing,14311.07
202512,A13517,chequing,3117.37
202512,A13518,chequing,0
202512,A13519,lending,20091.12
202512,A13520,chequing,7242
202512,A13521,investment,581115.43
202512,A13522,investment,0
202512,A13523,card,-2633.32
202512,A13524,chequing,15794.17
202512,A13525,investment,410194.65
202512,A13526,investment,99650.04
202512,A13527,investment,685237.59
202512,A13528,chequing,19276.85
202512,A13529,mortgage,224576.74
202512,A13530,saving,9119.78
202512,A13531,saving,4318.93
202512,A13532,investment,66035.61
202512,A13533,investment,545710.05
202512,A13534,card,-921.97
202512,A13535,saving,14438.56
202512,A13536,investment,567000.18
202512,A13537,investment,489232.35
202512,A13538,investment,956354.95
202512,A13539,chequing,19345.48
202512,A13540,chequing,3324.3
202512,A13541,card,-3251.79
202512,A13542,investment,881835.47
202512,A13543,saving,0
202512,A13544,investment,77038.16
202512,A13545,investment,681346.42
202512,A13546,chequing,17001.93
202512,A13547,mortgage,181210.8
202512,A13548,card,-2437.96
202512,A13549,lending,47977.3
202512,A13550,chequing,7364.96
202512,A13551,mortgage,482109.77
202512,A13552,investment,405740.42
202512,A13553,chequing,2665.46
202512,A13554,card,-3024.73
202512,A13555,lending,43204.28
202512,A13556,investment,887930.69
202512,A13557,investment,313476.95
202512,A13558,investment,137435.32
202512,A13559,card,-2238.81
202512,A13560,card,-4512.96
202512,A13561,investment,201819.5
202512,A13562,investment,88116.33
202512,A13563,investment,366881.37
202512,A13564,chequing,12217.22
202512,A13565,saving,17443.81
202512,A13566,investment,856671.06
202512,A13567,card,-4885.22
202512,A13568,mortgage,201791.92
202512,A13569,chequing,3223.88
202512,A13570,investment,973878.65
202512,A13571,investment,160764.19
202512,A13572,mortgage,363246.47
202512,A13573,chequing,0
202512,A13574,investment,585645.51
202512,A13575,investment,453980.76
202512,A13576,lending,0
202512,A13577,investment,59614.05
202512,A13578,investment,902114.25
202512,A13579,lending,14007.14
202512,A13580,investment,169094.92
202512,A13581,mortgage,236357.59
202512,A13582,saving,4837.9
202512,A13583,lending,0
202512,A13584,card,-2501.84
202512,A13585,investment,2329.9
202512,A13586,saving,5442.49
202512,A13587,mortgage,127960.27
202512,A13588,mortgage,0
202512,A13589,investment,720209.94
202512,A13590,investment,0
202512,A13591,lending,45387.11
202512,A13592,chequing,19026.91
202512,A13593,saving,7178.25
202512,A13594,investment,72918.02
202512,A13595,investment,305805.97
202512,A13596,mortgage,243607.55
202512,A13597,investment,0
202512,A13598,chequing,6105.1
202512,A13599,saving,0
202512,A13600,chequing,7693.63
202512,A13601,lending,31935.76
202512,A13602,investment,45376.36
202512,A13603,investment,941652.13
202512,A13604,investment,142601.62
202512,A13605,chequing,16884.14
202512,A13606,investment,687875.46
202512,A13607,mortgage,466382.44
202512,A13608,chequing,6310.77
202512,A13609,investment,479018.06
202512,A13610,saving,26566.59
202512,A13611,lending,21040.63
202512,A13612,card,0
202512,A13613,card,-2228.17
202512,A13614,saving,10394.65
202512,A13615,investment,88606.33
202512,A13616,saving,48091.29
202512,A13617,saving,39705.28
202512,A13618,saving,4232.39
202512,A13619,investment,822897.41
202512,A13620,investment,52688.91
202512,A13621,investment,781604.78
202512,A13622,investment,0
202512,A13623,card,-707.33
202512,A13624,saving,5216.55
202512,A13625,investment,534713.58
202512,A13626,card,-1673.98
202512,A13627,chequing,8455.93
202512,A13628,investment,710549.75
202512,A13629,chequing,3033.16
202512,A13630,investment,98295.74
202512,A13631,investment,55154.22
202512,A13632,mortgage,0
202512,A13633,investment,792145.71
202512,A13634,investment,591051.26
202512,A13635,card,-1941.98
202512,A13636,investment,43220.19
202512,A13637,mortgage,483689.48
202512,A13638,chequing,7704.51
202512,A13639,mortgage,231446.07
202512,A13640,saving,32833.93
202512,A13641,investment,86409.14
202512,A13642,chequing,9640.35
202512,A13643,investment,509107.97
202512,A13644,chequing,6450.65
202512,A13645,mortgage,0
202512,A13646,mortgage,383999.42
202512,A13647,investment,90485.16
202512,A13648,investment,729599.46
202512,A13649,investment,434532.97
202512,A13650,card,-1530.75
202512,A13651,investment,382856.07
202512,A13652,investment,73657.89
202512,A13653,investment,211273.85
202512,A13654,investment,821871.29
202512,A13655,card,-3092.51
202512,A13656,investment,974857.05
202512,A13657,saving,19787.62
202512,A13658,card,-3438.24
202512,A13659,investment,328071.4
202512,A13660,investment,811276.31
202512,A13661,saving,19470.61
202512,A13662,investment,84132.27
202512,A13663,chequing,16026.22
202512,A13664,investment,763664.45
202512,A13665,lending,0
202512,A13666,investment,762634.97
202512,A13667,investment,0
202512,A13668,saving,11028.4
202512,A13669,investment,594969.4
202512,A13670,chequing,0
202512,A13671,investment,52861.7
202512,A13672,card,-1336.77
202512,A13673,saving,48209.1
202512,A13674,investment,836784.24
202512,A13675,lending,42511.54
202512,A13676,investment,492700.03
202512,A13677,investment,985970.66
202512,A13678,investment,44138.15
202512,A13679,chequing,18278.2
202512,A13680,mortgage,271454.62
202512,A13681,saving,16764.37
202512,A13682,saving,8968.61
202512,A13683,investment,323666.59
202512,A13684,saving,18006.35
202512,A13685,chequing,9117.43
202512,A13686,chequing,1934.94
202512,A13687,chequing,15965.47
202512,A13688,investment,6035.48
202512,A13689,investment,465295.68
202512,A13690,chequing,12554.53
202512,A13691,chequing,0
202512,A13692,saving,10962.4
202512,A13693,card,-4178.05
202512,A13694,investment,72061.65
202512,A13695,investment,54020
202512,A13696,saving,15059.45
202512,A13697,card,-837.94
202512,A13698,lending,12048.67
202512,A13699,chequing,8996.45
202512,A13700,investment,749523.49
202512,A13701,investment,438176.07
202512,A13702,investment,422985.1
202512,A13703,investment,149587.61
202512,A13704,investment,964489.3
202512,A13705,chequing,0
202512,A13706,investment,15947.85
202512,A13707,card,0
202512,A13708,investment,58917.79
202512,A13709,mortgage,279778.42
202512,A13710,saving,6303.92
202512,A13711,mortgage,375001.11
202512,A13712,saving,43321
202512,A13713,investment,476225.27
202512,A13714,investment,161733.92
202512,A13715,investment,8717.27
202512,A13716,investment,995229.22
202512,A13717,investment,145619.67
202512,A13718,card,-1682.07
202512,A13719,investment,805923.88
202512,A13720,chequing,0
202512,A13721,investment,18416.34
202512,A13722,saving,2205.6
202512,A13723,lending,20206.38
202512,A13724,investment,665738.79
202512,A13725,investment,0
202512,A13726,investment,183581.05
202512,A13727,lending,36686.31
202512,A13728,chequing,10432.35
202512,A13729,investment,516480.33
202512,A13730,card,-748.36
202512,A13731,investment,16815.27
202512,A13732,investment,86199.15
202512,A13733,investment,355485.48
202512,A13734,chequing,5661.6
202512,A13735,chequing,17162.55
202512,A13736,mortgage,460247.68
202512,A13737,chequing,14636.48
202512,A13738,chequing,826.55
202512,A13739,investment,27771.4
202512,A13740,saving,6277.61
202512,A13741,investment,0
202512,A13742,saving,10576.7
202512,A13743,mortgage,262373.09
202512,A13744,investment,120700.65
202512,A13745,investment,426917.82
202512,A13746,investment,5411.25
202512,A13747,chequing,928.54
202512,A13748,saving,17293.93
202512,A13749,lending,48794.34
202512,A13750,investment,327265.29
202512,A13751,investment,164501.85
202512,A13752,investment,84589.21
202512,A13753,chequing,13978.38
202512,A13754,mortgage,320682.74
202512,A13755,chequing,6562.6
202512,A13756,investment,294481.57
202512,A13757,chequing,0
202512,A13758,investment,0
202512,A13759,card,-4807.04
202512,A13760,card,-4633.85
202512,A13761,mortgage,487161.16
202512,A13762,investment,775758.71
202512,A13763,saving,8365.14
202512,A13764,lending,27032.28
202512,A13765,lending,4683.5
202512,A13766,investment,519794.54
202512,A13767,chequing,7672.33
202512,A13768,chequing,6223.66
202512,A13769,mortgage,75425.06
202512,A13770,chequing,14738.46
202512,A13771,lending,46423.15
202512,A13772,lending,14194.42
202512,A13773,card,-4076.23
202512,A13774,lending,2406.54
202512,A13775,lending,3023.44
202512,A13776,chequing,6247.84
202512,A13777,card,-4850.95
202512,A13778,investment,701202.36
202512,A13779,investment,283533.47
202512,A13780,lending,48655.31
202512,A13781,investment,90459.98
202512,A13782,chequing,0
202512,A13783,mortgage,385621.54
202512,A13784,chequing,8254.79
202512,A13785,chequing,8148.55
202512,A13786,card,-2548.61
202512,A13787,investment,161690.27
202512,A13788,saving,14365.65
202512,A13789,investment,16866.65
202512,A13790,investment,18313.06
202512,A13791,saving,19802.71
202512,A13792,investment,326020.17
202512,A13793,card,-3080.49
202512,A13794,investment,892215.36
202512,A13795,saving,48157.41
202512,A13796,investment,134436.69
202512,A13797,saving,15631.64
202512,A13798,chequing,16287.28
202512,A13799,investment,634645.43
202512,A13800,investment,454902.84
202512,A13801,saving,15352.76
202512,A13802,saving,8870.16
202512,A13803,lending,2251.11
202512,A13804,investment,0
202512,A13805,lending,5366.5
202512,A13806,lending,2366.39
202512,A13807,card,-1913.38
202512,A13808,investment,185005.35
202512,A13809,investment,891260.55
202512,A13810,investment,519752.88
202512,A13811,saving,11114.74
202512,A13812,investment,506142.59
202512,A13813,mortgage,360694.23
202512,A13814,mortgage,58135.57
202512,A13815,saving,48697.59
202512,A13816,card,-2406.22
202512,A13817,card,-419.07
202512,A13818,investment,554003.91
202512,A13819,mortgage,411389.59
202512,A13820,investment,0
202512,A13821,investment,628287.45
202512,A13822,chequing,7815.08
202512,A13823,investment,0
202512,A13824,investment,85782.34
202512,A13825,saving,11558.67
202512,A13826,investment,180377.95
202512,A13827,chequing,15156.93
202512,A13828,chequing,2171.66
202512,A13829,card,-1738.48
202512,A13830,investment,833413
202512,A13831,chequing,19244.8
202512,A13832,card,-1406.51
202512,A13833,investment,240705.93
202512,A13834,investment,303871.63
202512,A13835,saving,10053.49
202512,A13836,investment,383482.88
202512,A13837,lending,10341.83
202512,A13838,investment,38603.64
202512,A13839,card,-2074.32
202512,A13840,investment,21770.86
202512,A13841,investment,438292.16
202512,A13842,chequing,14868.57
202512,A13843,chequing,3929
202512,A13844,lending,35495.8
202512,A13845,saving,13476
202512,A13846,investment,626472.7
202512,A13847,card,-968.09
202512,A13848,mortgage,0
202512,A13849,mortgage,473995.22
202512,A13850,chequing,2329.96
202512,A13851,lending,0
202512,A13852,chequing,16546.8
202512,A13853,investment,778973.11
202512,A13854,chequing,6396.1
202512,A13855,investment,229459.35
202512,A13856,mortgage,321197.69
202512,A13857,saving,12508.19
202512,A13858,chequing,6400.05
202512,A13859,lending,42036.5
202512,A13860,investment,924601.54
202512,A13861,mortgage,480288.52
202512,A13862,mortgage,397360.07
202512,A13863,investment,704727.51
202512,A13864,chequing,1820.43
202512,A13865,investment,405711.82
202512,A13866,investment,733379.23
202512,A13867,card,-1129.76
202512,A13868,chequing,1118.24
202512,A13869,mortgage,422690.84
202512,A13870,investment,936078.97
202512,A13871,investment,868986.55
202512,A13872,investment,586702.39
202512,A13873,saving,17851.1
202512,A13874,investment,621773.8
202512,A13875,chequing,6345.95
202512,A13876,saving,19626.01
202512,A13877,chequing,7987.56
202512,A13878,investment,771059.83
202512,A13879,investment,952018.98
202512,A13880,chequing,2885.84
202512,A13881,mortgage,431826.43
202512,A13882,chequing,16399.26
202512,A13883,investment,558948.21
202512,A13884,saving,9463.12
202512,A13885,chequing,19734.17
202512,A13886,lending,6591.5
202512,A13887,saving,9252.44
202512,A13888,investment,0
202512,A13889,chequing,7684.1
202512,A13890,investment,26966.16
202512,A13891,investment,891097.15
202512,A13892,investment,146999.99
202512,A13893,card,-348.89
202512,A13894,saving,10920.21
202512,A13895,card,-3687.6
202512,A13896,saving,8031.77
202512,A13897,card,0
202512,A13898,chequing,17432.73
202512,A13899,chequing,3744.8
202512,A13900,investment,91794.26
202512,A13901,investment,984893.5
202512,A13902,investment,704629.03
202512,A13903,lending,0
202512,A13904,investment,448460.37
202512,A13905,investment,15341.29
202512,A13906,investment,0
202512,A13907,chequing,18413.2
202512,A13908,investment,48160.25
202512,A13909,lending,44946.85
202512,A13910,chequing,8178.66
202512,A13911,chequing,0
202512,A13912,saving,559.5
202512,A13913,chequing,15782.23
202512,A13914,card,-2466.24
202512,A13915,mortgage,115225.99
202512,A13916,investment,98230.65
202512,A13917,chequing,18918.87
202512,A13918,chequing,11326.03
202512,A13919,card,-2077.9
202512,A13920,chequing,7564.75
202512,A13921,investment,341826.28
202512,A13922,lending,48405.97
202512,A13923,chequing,891.72
202512,A13924,saving,8319.22
202512,A13925,investment,377519.97
202512,A13926,chequing,13684.82
202512,A13927,chequing,11018.19
202512,A13928,investment,518649.64
202512,A13929,card,-2951.94
202512,A13930,saving,2570.21
202512,A13931,chequing,9939.53
202512,A13932,investment,8193.58
202512,A13933,investment,712698.96
202512,A13934,saving,0
202512,A13935,saving,19079.59
202512,A13936,saving,1672.25
202512,A13937,saving,8505.7
202512,A13938,card,-284.15
202512,A13939,investment,709550.51
202512,A13940,chequing,13843.94
202512,A13941,investment,857122.76
202512,A13942,investment,590275.5
202512,A13943,investment,400287.57
202512,A13944,chequing,14915.37
202512,A13945,chequing,5295.96
202512,A13946,saving,0
202512,A13947,chequing,8628.68
202512,A13948,investment,691099.89
202512,A13949,investment,0
202512,A13950,investment,998527.39
202512,A13951,card,-3848.84
202512,A13952,investment,953606.99
202512,A13953,investment,61735.42
202512,A13954,investment,501246.39
202512,A13955,investment,139847.74
202512,A13956,mortgage,416329.56
202512,A13957,saving,35246.44
202512,A13958,investment,914838.69
202512,A13959,investment,210350.58
202512,A13960,card,-3115.67
202512,A13961,saving,46222.6
202512,A13962,chequing,10910.96
202512,A13963,investment,392206.85
202512,A13964,investment,353737.98
202512,A13965,saving,36533.48
202512,A13966,chequing,5717.66
202512,A13967,investment,214057.53
202512,A13968,investment,366582.01
202512,A13969,card,-3867.24
202512,A13970,chequing,815.26
202512,A13971,chequing,9534.24
202512,A13972,chequing,7718.63
202512,A13973,chequing,10668.88
202512,A13974,saving,0
202512,A13975,investment,0
202512,A13976,investment,704764.81
202512,A13977,saving,10629.46
202512,A13978,card,-2081.21
202512,A13979,card,-2727.89
202512,A13980,chequing,14858.52
202512,A13981,mortgage,494814.76
202512,A13982,investment,568363.69
202512,A13983,investment,348462.34
202512,A13984,card,-1080.96
202512,A13985,card,-1853.34
202512,A13986,investment,35028.61
202512,A13987,saving,8376.6
202512,A13988,lending,48349.1
202512,A13989,mortgage,487338.86
202512,A13990,mortgage,0
202512,A13991,card,-412.68
202512,A13992,investment,341118
202512,A13993,chequing,15518.74
202512,A13994,investment,538096.74
202512,A13995,investment,941372.78
202512,A13996,saving,0
202512,A13997,investment,669337.97
202512,A13998,investment,658522.68
202512,A13999,investment,114026.26
202512,A14000,investment,383312.29
202512,A14001,mortgage,230202.09
202512,A14002,investment,358018.28
202512,A14003,mortgage,473679.76
202512,A14004,saving,20430.84
202512,A14005,saving,10977.86
202512,A14006,lending,26028.01
202512,A14007,saving,0
202512,A14008,investment,55779.2
202512,A14009,mortgage,458618.09
202512,A14010,card,-3167.24
202512,A14011,mortgage,466931.1
202512,A14012,chequing,7595.65
202512,A14013,card,-3308.33
202512,A14014,investment,14893.49
202512,A14015,chequing,10379.68
202512,A14016,chequing,0
202512,A14017,card,-4227.18
202512,A14018,investment,394256.99
202512,A14019,chequing,6340.91
202512,A14020,chequing,2494.51
202512,A14021,mortgage,441499.82
202512,A14022,investment,5027.28
202512,A14023,investment,270958.8
202512,A14024,chequing,5486.02
202512,A14025,chequing,8571.82
202512,A14026,saving,19611.2
202512,A14027,lending,21514.31
202512,A14028,card,-485.54
202512,A14029,investment,530671.6
202512,A14030,chequing,9082.52
202512,A14031,investment,215933.48
202512,A14032,investment,88094.5
202512,A14033,investment,0
202512,A14034,investment,603107.37
202512,A14035,investment,837951.23
202512,A14036,lending,0
202512,A14037,investment,31720.49
202512,A14038,saving,22964.65
202512,A14039,lending,0
202512,A14040,saving,11945.3
202512,A14041,saving,9237.84
202512,A14042,chequing,5577.42
202512,A14043,mortgage,113589.04
202512,A14044,saving,38716.65
202512,A14045,investment,0
202512,A14046,investment,999217.79
202512,A14047,investment,787947
202512,A14048,chequing,5367.3
202512,A14049,lending,23935.29
202512,A14050,investment,24761.99
202512,A14051,saving,14446.67
202512,A14052,investment,258721.97
202512,A14053,investment,438495.07
202512,A14054,investment,795123.39
202512,A14055,investment,872431.52
202512,A14056,investment,406009.08
202512,A14057,chequing,4383.74
202512,A14058,lending,0
202512,A14059,mortgage,101524.47
202512,A14060,chequing,5930.89
202512,A14061,investment,924790.79
202512,A14062,chequing,8420.96
202512,A14063,investment,173677.9
202512,A14064,chequing,17845.26
202512,A14065,card,-3796.1
202512,A14066,investment,65962.53
202512,A14067,investment,45410.11
202512,A14068,chequing,6249.62
202512,A14069,chequing,798.22
202512,A14070,investment,0
202512,A14071,mortgage,368723.57
202512,A14072,investment,146917.77
202512,A14073,chequing,8699.31
202512,A14074,investment,0
202512,A14075,lending,8843.89
202512,A14076,chequing,7617.32
202512,A14077,chequing,5009.52
202512,A14078,investment,30820.38
202512,A14079,investment,430709.01
202512,A14080,investment,115106.38
202512,A14081,card,-993.73
202512,A14082,investment,882875.43
202512,A14083,investment,828372.6
202512,A14084,investment,977829.19
202512,A14085,investment,362437.48
202512,A14086,mortgage,0
202512,A14087,investment,9496.84
202512,A14088,saving,8232.11
202512,A14089,chequing,7526.87
202512,A14090,mortgage,100964.82
202512,A14091,mortgage,238851.06
202512,A14092,chequing,8483.77
202512,A14093,chequing,19636.89
202512,A14094,investment,184505.79
202512,A14095,card,0
202512,A14096,saving,8227.86
202512,A14097,chequing,14025.35
202512,A14098,saving,31946.86
202512,A14099,investment,575292.96
202512,A14100,saving,6597.83
202512,A14101,mortgage,0
202512,A14102,saving,8301.26
202512,A14103,saving,0
202512,A14104,investment,133870.94
202512,A14105,investment,26385.5
202512,A14106,card,-4385.75
202512,A14107,saving,13645.31
202512,A14108,investment,684348.61
202512,A14109,investment,496331.38
202512,A14110,mortgage,254213.78
202512,A14111,card,-1112.58
202512,A14112,saving,32506.95
202512,A14113,investment,12448.5
202512,A14114,lending,15919.5
202512,A14115,saving,848.64
202512,A14116,investment,534035.21
202512,A14117,investment,4320.67
202512,A14118,investment,2255.85
202512,A14119,investment,271571.29
202512,A14120,card,-355.04
202512,A14121,card,-4391.08
202512,A14122,chequing,7067.75
202512,A14123,card,-2123.6
202512,A14124,chequing,11671.08
202512,A14125,card,-2020.52
202512,A14126,saving,20081.83
202512,A14127,investment,731943.67
202512,A14128,chequing,10441.04
202512,A14129,lending,32439.21
202512,A14130,chequing,2404.71
202512,A14131,lending,1885.13
202512,A14132,mortgage,333139.43
202512,A14133,chequing,7273.46
202512,A14134,chequing,17146.66
202512,A14135,investment,4538.56
202512,A14136,investment,874620.33
202512,A14137,card,-2683.73
202512,A14138,saving,7707.65
202512,A14139,investment,412662.72
202512,A14140,investment,446200.59
202512,A14141,saving,11292.38
202512,A14142,investment,321365.68
202512,A14143,saving,15650.83
202512,A14144,investment,0
202512,A14145,investment,929956.6
202512,A14146,investment,675330.17
202512,A14147,investment,382224.27
202512,A14148,saving,7948.52
202512,A14149,investment,522809.93
202512,A14150,investment,341203.55
202512,A14151,chequing,8726.45
202512,A14152,chequing,10820.16
202512,A14153,chequing,0
202512,A14154,investment,736171.03
202512,A14155,investment,0
202512,A14156,card,-3308.47
202512,A14157,investment,0
202512,A14158,investment,561703.95
202512,A14159,investment,545454.36
202512,A14160,chequing,4157.92
202512,A14161,saving,0
202512,A14162,saving,16241.44
202512,A14163,saving,16508.39
202512,A14164,investment,518319.91
202512,A14165,investment,0
202512,A14166,chequing,9004.24
202512,A14167,investment,264511.16
202512,A14168,chequing,14878.19
202512,A14169,lending,32152.29
202512,A14170,mortgage,326574.5
202512,A14171,card,-3874.6
202512,A14172,investment,98091.2
202512,A14173,saving,10004.02
202512,A14174,investment,0
202512,A14175,investment,936053.02
202512,A14176,mortgage,182706.79
202512,A14177,card,-4098.15
202512,A14178,investment,120064.04
202512,A14179,card,-3917.61
202512,A14180,investment,503057.9
202512,A14181,saving,4326.58
202512,A14182,chequing,6930.05
202512,A14183,saving,7521.38
202512,A14184,saving,3999.03
202512,A14185,card,-1849.14
202512,A14186,investment,78246.02
202512,A14187,chequing,12474.33
202512,A14188,mortgage,97988.37
202512,A14189,investment,835017.86
202512,A14190,investment,73802.34
202512,A14191,investment,45553.49
202512,A14192,investment,972734.94
202512,A14193,investment,376257.38
202512,A14194,investment,63174.42
202512,A14195,lending,8347.43
202512,A14196,lending,22739.99
202512,A14197,chequing,9024.08
202512,A14198,investment,72861.68
202512,A14199,lending,0
202512,A14200,investment,672598.78
202512,A14201,investment,83600.89
202512,A14202,investment,65471.14
202512,A14203,investment,613530.83
202512,A14204,investment,497912.26
202512,A14205,investment,0
202512,A14206,card,-4345.18
202512,A14207,investment,64649.15
202512,A14208,investment,855991.96
202512,A14209,chequing,6358.6
202512,A14210,investment,398476.06
202512,A14211,chequing,7425.9
202512,A14212,chequing,803.28
202512,A14213,mortgage,387167.25
202512,A14214,investment,0
202512,A14215,investment,71059.03
202512,A14216,lending,7682.9
202512,A14217,chequing,0
202512,A14218,investment,0
202512,A14219,chequing,10161.2
202512,A14220,card,-2748.23
202512,A14221,mortgage,265404.07
202512,A14222,chequing,8471.02
202512,A14223,investment,515162.44
202512,A14224,investment,957497.88
202512,A14225,investment,649853.68
202512,A14226,saving,19627.55
202512,A14227,chequing,4058.5
202512,A14228,chequing,0
202512,A14229,card,-387.74
202512,A14230,saving,5381.48
202512,A14231,chequing,12328.49
202512,A14232,investment,367772.52
202512,A14233,investment,897426.06
202512,A14234,investment,84105.33
202512,A14235,investment,283906.95
202512,A14236,investment,579549.26
202512,A14237,card,-3249.55
202512,A14238,saving,0
202512,A14239,chequing,12294.89
202512,A14240,investment,276480.7
202512,A14241,saving,0
202512,A14242,saving,4377.32
202512,A14243,investment,58966.56
202512,A14244,chequing,8794.46
202512,A14245,chequing,7479.38
202512,A14246,investment,972469.4
202512,A14247,mortgage,453270.31
202512,A14248,investment,802475.96
202512,A14249,investment,29624.31
202512,A14250,mortgage,226548.03
202512,A14251,investment,292459.25
202512,A14252,saving,36385.13
202512,A14253,chequing,3328.36
202512,A14254,lending,29255.1
202512,A14255,card,0
202512,A14256,chequing,9186.27
202512,A14257,chequing,8976.29
202512,A14258,investment,786397.89
202512,A14259,investment,727303.82
202512,A14260,lending,49831.04
202512,A14261,mortgage,467955.32
202512,A14262,chequing,17219.86
202512,A14263,investment,275298.05
202512,A14264,card,-2718.14
202512,A14265,lending,44059.31
202512,A14266,investment,943141.92
202512,A14267,chequing,4785.17
202512,A14268,chequing,10345.69
202512,A14269,mortgage,294044.25
202512,A14270,saving,17102.58
202512,A14271,chequing,0
202512,A14272,lending,35243.02
202512,A14273,card,-3519.93
202512,A14274,mortgage,186555.66
202512,A14275,card,-4639.89
202512,A14276,investment,317354.2
202512,A14277,investment,579772.07
202512,A14278,chequing,4201.38
202512,A14279,saving,10095.93
202512,A14280,chequing,0
202512,A14281,investment,535191.41
202512,A14282,saving,6955.03
202512,A14283,chequing,18515.27
202512,A14284,card,-3847.01
202512,A14285,investment,98406.67
202512,A14286,card,-422.29
202512,A14287,investment,75824.7
202512,A14288,card,-3493.65
202512,A14289,mortgage,212232.7
202512,A14290,card,-2239.94
202512,A14291,investment,602500.9
202512,A14292,mortgage,211107.15
202512,A14293,investment,823892.73
202512,A14294,card,0
202512,A14295,lending,48192.96
202512,A14296,mortgage,161348.71
202512,A14297,saving,16556.46
202512,A14298,investment,67682
202512,A14299,investment,240014.85
202512,A14300,lending,12533.92
202512,A14301,investment,0
202512,A14302,saving,27563.86
202512,A14303,investment,13595.74
202512,A14304,lending,29955.69
202512,A14305,saving,14785.97
202512,A14306,saving,14640.81
202512,A14307,mortgage,51671.06
202512,A14308,chequing,0
202512,A14309,lending,13446.1
202512,A14310,investment,599581.36
202512,A14311,chequing,15814.74
202512,A14312,investment,575504.08
202512,A14313,investment,0
202512,A14314,investment,651719.69
202512,A14315,mortgage,0
202512,A14316,saving,35141.03
202512,A14317,investment,74680.55
202512,A14318,chequing,15047.13
202512,A14319,card,-2735.75
202512,A14320,investment,343139.05
202512,A14321,investment,50308.81
202512,A14322,investment,730360.49
202512,A14323,investment,496587.95
202512,A14324,investment,800452.69
202512,A14325,saving,16094.97
202512,A14326,investment,232463.77
202512,A14327,chequing,18310.83
202512,A14328,card,-1045.03
202512,A14329,chequing,4217.69
202512,A14330,saving,26517.04
202512,A14331,card,-430.21
202512,A14332,investment,93676.57
202512,A14333,investment,339739.17
202512,A14334,investment,642546.8
202512,A14335,lending,2741.89
202512,A14336,saving,5238.75
202512,A14337,chequing,3403.02
202512,A14338,saving,11920.38
202512,A14339,investment,300804.29
202512,A14340,chequing,0
202512,A14341,mortgage,262494.39
202512,A14342,chequing,19997.27
202512,A14343,lending,36869.53
202512,A14344,investment,32180.88
202512,A14345,investment,36399.16
202512,A14346,investment,368805.83
202512,A14347,chequing,9202.71
202512,A14348,chequing,1684.87
202512,A14349,saving,14991.67
202512,A14350,chequing,9832.16
202512,A14351,lending,17031.22
202512,A14352,lending,7929.32
202512,A14353,chequing,10160.7
202512,A14354,investment,679068.18
202512,A14355,investment,83973.62
202512,A14356,investment,578744.75
202512,A14357,investment,616137.47
202512,A14358,mortgage,493923.79
202512,A14359,card,-3744.1
202512,A14360,investment,112374.41
202512,A14361,chequing,9268.53
202512,A14362,chequing,12421.14
202512,A14363,card,-587.01
202512,A14364,card,-1595.17
202512,A14365,investment,459848.2
202512,A14366,saving,25746.39
202512,A14367,investment,324746.82
202512,A14368,investment,356629.4
202512,A14369,investment,130786.13
202512,A14370,saving,41757.1
202512,A14371,investment,757541.9
202512,A14372,lending,47946.79
202512,A14373,saving,13156.76
202512,A14374,lending,6578.72
202512,A14375,card,-4862.73
202512,A14376,investment,645809.53
202512,A14377,mortgage,0
202512,A14378,card,-2212.26
202512,A14379,investment,31494.74
202512,A14380,card,-3380.85
202512,A14381,investment,670089.23
202512,A14382,lending,23636.08
202512,A14383,card,-4533.96
202512,A14384,investment,4621.46
202512,A14385,investment,435716.27
202512,A14386,chequing,11584.04
202512,A14387,card,-879.55
202512,A14388,saving,0
202512,A14389,investment,39809.08
202512,A14390,saving,32593.46
202512,A14391,saving,14568.26
202512,A14392,investment,0
202512,A14393,saving,6623.17
202512,A14394,chequing,8714.16
202512,A14395,chequing,5216.62
202512,A14396,chequing,7346.16
202512,A14397,card,0
202512,A14398,saving,11032.73
202512,A14399,investment,239317.76
202512,A14400,investment,263055.59
202512,A14401,chequing,0
202512,A14402,chequing,10447.79
202512,A14403,saving,3333.05
202512,A14404,lending,42040.55
202512,A14405,investment,886290.31
202512,A14406,chequing,19375.82
202512,A14407,investment,909245.9
202512,A14408,mortgage,0
202512,A14409,investment,672358.91
202512,A14410,investment,700722.28
202512,A14411,chequing,13398.08
202512,A14412,saving,19837.18
202512,A14413,investment,576160.59
202512,A14414,chequing,8233.88
202512,A14415,investment,423970.29
202512,A14416,investment,224780.16
202512,A14417,chequing,5221.41
202512,A14418,investment,39896.47
202512,A14419,mortgage,0
202512,A14420,chequing,4935.47
202512,A14421,investment,0
202512,A14422,saving,12109.49
202512,A14423,chequing,1390.28
202512,A14424,saving,19730.09
202512,A14425,investment,0
202512,A14426,chequing,18340.78
202512,A14427,mortgage,190566.31
202512,A14428,lending,17931.1
202512,A14429,investment,69061.47
202512,A14430,mortgage,432036.25
202512,A14431,investment,802065.99
202512,A14432,chequing,6414.09
202512,A14433,investment,875356.05
202512,A14434,investment,452971.72
202512,A14435,chequing,2863.57
202512,A14436,mortgage,0
202512,A14437,investment,553367.87
202512,A14438,saving,886.68
202512,A14439,card,-3322.85
202512,A14440,lending,38486.39
202512,A14441,chequing,11674.76
202512,A14442,investment,637112.78
202512,A14443,card,-4808.78
202512,A14444,saving,23800.59
202512,A14445,investment,26765.57
202512,A14446,saving,1007.84
202512,A14447,investment,684178.59
202512,A14448,investment,161313.34
202512,A14449,lending,12468.06
202512,A14450,investment,641929.99
202512,A14451,saving,16091.89
202512,A14452,chequing,8500.99
202512,A14453,card,-2056.55
202512,A14454,investment,260699.36
202512,A14455,saving,3418.64
202512,A14456,investment,99228.18
202512,A14457,investment,864381.88
202512,A14458,investment,29124.29
202512,A14459,lending,11848.89
202512,A14460,mortgage,136015.64
202512,A14461,investment,358535.58
202512,A14462,investment,130455.3
202512,A14463,investment,139282.88
202512,A14464,mortgage,0
202512,A14465,investment,107832.43
202512,A14466,investment,12138.74
202512,A14467,card,-1988.05
202512,A14468,card,-4250.37
202512,A14469,chequing,3394.08
202512,A14470,investment,85718.6
202512,A14471,saving,9171.34
202512,A14472,investment,79730.45
202512,A14473,mortgage,215649.68
202512,A14474,card,-3398.81
202512,A14475,investment,96048.47
202512,A14476,lending,36610.16
202512,A14477,chequing,10669.73
202512,A14478,investment,0
202512,A14479,investment,0
202512,A14480,mortgage,473859.37
202512,A14481,mortgage,140953.08
202512,A14482,investment,100117.01
202512,A14483,investment,0
202512,A14484,investment,23676.75
202512,A14485,investment,929136.52
202512,A14486,investment,720649.89
202512,A14487,lending,43955.42
202512,A14488,investment,25061.71
202512,A14489,card,-1057.66
202512,A14490,card,-975.73
202512,A14491,chequing,13008.79
202512,A14492,investment,343207.36
202512,A14493,lending,42480.56
202512,A14494,card,-1389.13
202512,A14495,investment,512410.74
202512,A14496,saving,14880.75
202512,A14497,investment,86663.79
202512,A14498,investment,732595.29
202512,A14499,chequing,0
202512,A14500,card,-2890.37
202512,A14501,investment,861175.92
202512,A14502,lending,44760.83
202512,A14503,card,-899.82
202512,A14504,card,0
202512,A14505,chequing,886
202512,A14506,chequing,19080.05
202512,A14507,investment,542802.19
202512,A14508,investment,37852.71
202512,A14509,investment,0
202512,A14510,card,-2191.67
202512,A14511,saving,7982.75
202512,A14512,card,-3382.64
202512,A14513,chequing,5266.51
202512,A14514,saving,11500.44
202512,A14515,investment,0
202512,A14516,card,-1305.95
202512,A14517,investment,760519.96
202512,A14518,card,-3626.09
202512,A14519,mortgage,346991.6
202512,A14520,card,-4646.84
202512,A14521,chequing,7729.37
202512,A14522,investment,153267.11
202512,A14523,investment,0
202512,A14524,chequing,7602.51
202512,A14525,saving,47529.51
202512,A14526,chequing,13726.68
202512,A14527,investment,0
202512,A14528,mortgage,137945.61
202512,A14529,investment,835156.52
202512,A14530,card,-1000.21
202512,A14531,investment,647268.16
202512,A14532,investment,0
202512,A14533,investment,0
202512,A14534,investment,35037.73
202512,A14535,investment,232277.05
202512,A14536,investment,427427.15
202512,A14537,investment,77398.64
202512,A14538,investment,428656.65
202512,A14539,lending,0
202512,A14540,lending,18131.77
202512,A14541,investment,449942.39
202512,A14542,chequing,2519.19
202512,A14543,investment,906023.76
202512,A14544,investment,0
202512,A14545,card,-3356.81
202512,A14546,saving,32402.54
202512,A14547,investment,44534.38
202512,A14548,investment,89099.63
202512,A14549,investment,766044.98
202512,A14550,saving,37827.88
202512,A14551,card,-13.64
202512,A14552,investment,539936.24
202512,A14553,investment,13016.45
202512,A14554,mortgage,0
202512,A14555,lending,27285.97
202512,A14556,saving,0
202512,A14557,investment,594658.11
202512,A14558,saving,8204.84
202512,A14559,lending,23140.05
202512,A14560,card,-4594.02
202512,A14561,mortgage,0
202512,A14562,investment,455106.5
202512,A14563,card,-4837.25
202512,A14564,saving,39966.86
202512,A14565,investment,35198.47
202512,A14566,chequing,1067.82
202512,A14567,saving,0
202512,A14568,mortgage,249897.51
202512,A14569,chequing,8149.46
202512,A14570,saving,12083.03
202512,A14571,investment,964904.88
202512,A14572,saving,49277.91
202512,A14573,chequing,1810.77
202512,A14574,investment,99699.52
202512,A14575,investment,0
202512,A14576,investment,209434.73
202512,A14577,investment,914211.69
202512,A14578,investment,11164.51
202512,A14579,investment,752432.56
202512,A14580,investment,16658.2
202512,A14581,investment,52885.3
202512,A14582,chequing,7610.14
202512,A14583,mortgage,463580.94
202512,A14584,investment,724859.18
202512,A14585,chequing,0
202512,A14586,investment,395928.87
202512,A14587,saving,41290.95
202512,A14588,investment,873085.28
202512,A14589,chequing,6555.57
202512,A14590,saving,18281.3
202512,A14591,mortgage,384651.24
202512,A14592,investment,934890.98
202512,A14593,saving,10796.47
202512,A14594,lending,28161.28
202512,A14595,investment,0
202512,A14596,investment,520067.37
202512,A14597,investment,932129.11
202512,A14598,lending,13241.84
202512,A14599,saving,678.24
202512,A14600,card,-4906.7
202512,A14601,chequing,2877.65
202512,A14602,chequing,145.32
202512,A14603,chequing,5655.73
202512,A14604,mortgage,499143.23
202512,A14605,investment,13307.86
202512,A14606,mortgage,350269.14
202512,A14607,chequing,0
202512,A14608,saving,29881
202512,A14609,saving,2229.99
202512,A14610,investment,0
202512,A14611,investment,989725.95
202512,A14612,investment,815559.91
202512,A14613,investment,0
202512,A14614,investment,0
202512,A14615,chequing,7249.96
202512,A14616,saving,15812.51
202512,A14617,lending,24165.45
202512,A14618,saving,2007.89
202512,A14619,chequing,8086.37
202512,A14620,card,-982.48
202512,A14621,investment,966769.94
202512,A14622,investment,916766.28
202512,A14623,chequing,6310.41
202512,A14624,investment,292914.1
202512,A14625,investment,36302.76
202512,A14626,investment,504306.95
202512,A14627,investment,620455.16
202512,A14628,investment,0
202512,A14629,investment,0
202512,A14630,card,-532.4
202512,A14631,investment,826727.16
202512,A14632,investment,764420.48
202512,A14633,lending,38241.28
202512,A14634,saving,0
202512,A14635,investment,748518.81
202512,A14636,chequing,17523.88
202512,A14637,investment,539766.4
202512,A14638,saving,11268.9
202512,A14639,chequing,4695.94
202512,A14640,investment,842650.06
202512,A14641,card,-2244.38
202512,A14642,saving,14184.37
202512,A14643,saving,5728.19
202512,A14644,lending,11858.54
202512,A14645,saving,8277.2
202512,A14646,investment,350245.55
202512,A14647,lending,43052.85
202512,A14648,investment,287646.5
202512,A14649,investment,0
202512,A14650,investment,0
202512,A14651,card,-4055.93
202512,A14652,lending,23686.41
202512,A14653,investment,0
202512,A14654,card,-2309.69
202512,A14655,investment,292108.88
202512,A14656,investment,403434.25
202512,A14657,investment,578118.25
202512,A14658,card,-567.92
202512,A14659,card,0
202512,A14660,mortgage,450004.59
202512,A14661,lending,24497.81
202512,A14662,chequing,6956.16
202512,A14663,chequing,17909.95
202512,A14664,investment,808916.86
202512,A14665,saving,18968.78
202512,A14666,card,-1017.21
202512,A14667,lending,2374.55
202512,A14668,card,-1426.82
202512,A14669,mortgage,340585.53
202512,A14670,card,-1776.61
202512,A14671,investment,741187.53
202512,A14672,investment,338751.64
202512,A14673,lending,47137.19
202512,A14674,investment,404274.36
202512,A14675,chequing,9983.7
202512,A14676,investment,403476.35
202512,A14677,investment,423286.6
202512,A14678,investment,888071.63
202512,A14679,saving,1699.62
202512,A14680,mortgage,461130.68
202512,A14681,investment,238310.3
202512,A14682,investment,466709.15
202512,A14683,investment,433279.41
202512,A14684,chequing,7729.19
202512,A14685,saving,2019.84
202512,A14686,chequing,1548.53
202512,A14687,investment,0
202512,A14688,investment,511627.45
202512,A14689,saving,32989.72
202512,A14690,investment,0
202512,A14691,investment,170093.68
202512,A14692,chequing,9287.88
202512,A14693,mortgage,353733.23
202512,A14694,lending,12043.88
202512,A14695,chequing,5571.79
202512,A14696,saving,11047.68
202512,A14697,chequing,9908.33
202512,A14698,investment,854111.62
202512,A14699,lending,0
202512,A14700,investment,133819.84
202512,A14701,chequing,10970.16
202512,A14702,chequing,18289.66
202512,A14703,saving,7903.72
202512,A14704,mortgage,0
202512,A14705,lending,0
202512,A14706,mortgage,0
202512,A14707,chequing,3644.52
202512,A14708,saving,26696.17
202512,A14709,card,-1312.67
202512,A14710,investment,198185.88
202512,A14711,investment,610734.53
202512,A14712,card,-1067.59
202512,A14713,investment,0
202512,A14714,investment,943057.68
202512,A14715,saving,15064.88
202512,A14716,saving,0
202512,A14717,chequing,0
202512,A14718,investment,55686.8
202512,A14719,investment,795655.88
202512,A14720,lending,0
202512,A14721,investment,163522.07
202512,A14722,chequing,19935.76
202512,A14723,saving,5927.75
202512,A14724,chequing,2809.36
202512,A14725,mortgage,83271.66
202512,A14726,chequing,9481.1
202512,A14727,investment,0
202512,A14728,chequing,3161.87
202512,A14729,card,-4449.78
202512,A14730,saving,40970.69
202512,A14731,card,-1725.89
202512,A14732,chequing,6477.89
202512,A14733,investment,79322.97
202512,A14734,chequing,13865.49
202512,A14735,chequing,19915.17
202512,A14736,chequing,11271.04
202512,A14737,investment,22624.48
202512,A14738,card,-2387.89
202512,A14739,card,0
202512,A14740,saving,15487.22
202512,A14741,mortgage,55622.93
202512,A14742,investment,318973.97
202512,A14743,investment,632662.53
202512,A14744,card,-1789.48
202512,A14745,investment,739551.63
202512,A14746,chequing,764.38
202512,A14747,saving,45470.45
202512,A14748,chequing,5408.13
202512,A14749,investment,655839.3
202512,A14750,card,-652.87
202512,A14751,saving,18274.68
202512,A14752,investment,21069.81
202512,A14753,investment,781214.88
202512,A14754,chequing,9682.46
202512,A14755,saving,0
202512,A14756,investment,894919.02
202512,A14757,investment,370026.3
202512,A14758,lending,9582.43
202512,A14759,chequing,8243.77
202512,A14760,investment,725079.94
202512,A14761,lending,14659.25
202512,A14762,investment,28443.4
202512,A14763,chequing,14184.3
202512,A14764,chequing,0
202512,A14765,mortgage,415593.94
202512,A14766,investment,865862.22
202512,A14767,chequing,0
202512,A14768,investment,26160.79
202512,A14769,chequing,7927.3
202512,A14770,chequing,5695.84
202512,A14771,investment,732332.33
202512,A14772,investment,953253.73
202512,A14773,lending,28634.56
202512,A14774,investment,873423.8
202512,A14775,saving,14862.91
202512,A14776,chequing,14911.21
202512,A14777,investment,0
202512,A14778,chequing,10475.77
202512,A14779,investment,526986.55
202512,A14780,chequing,577.87
202512,A14781,chequing,14750.89
202512,A14782,lending,0
202512,A14783,lending,23843.1
202512,A14784,mortgage,365917.51
202512,A14785,card,-4425.42
202512,A14786,chequing,8250.06
202512,A14787,investment,251596.93
202512,A14788,mortgage,198871.82
202512,A14789,lending,23146.41
202512,A14790,investment,19376.72
202512,A14791,investment,239113.09
202512,A14792,mortgage,352580.19
202512,A14793,investment,110143.44
202512,A14794,investment,963380.43
202512,A14795,lending,47321.2
202512,A14796,lending,30814.72
202512,A14797,mortgage,206393.52
202512,A14798,investment,547545.6
202512,A14799,chequing,4515.32
202512,A14800,saving,6662.6
202512,A14801,investment,290824.83
202512,A14802,investment,0
202512,A14803,investment,837898.13
202512,A14804,investment,805786.15
202512,A14805,lending,28158.87
202512,A14806,chequing,698.15
202512,A14807,card,-3522.44
202512,A14808,saving,1924.11
202512,A14809,card,-4703.35
202512,A14810,investment,107327.83
202512,A14811,chequing,9373.93
202512,A14812,chequing,8564.58
202512,A14813,chequing,149.98
202512,A14814,investment,183996.2
202512,A14815,mortgage,291928.8
202512,A14816,investment,978404.41
202512,A14817,saving,7072.29
202512,A14818,chequing,19437.31
202512,A14819,investment,484884.69
202512,A14820,saving,18911.09
202512,A14821,investment,67443.86
202512,A14822,card,-1752.57
202512,A14823,chequing,17994.28
202512,A14824,investment,0
202512,A14825,chequing,6868.58
202512,A14826,saving,46298.18
202512,A14827,lending,19192.18
202512,A14828,investment,367160.73
202512,A14829,card,-4626.11
202512,A14830,mortgage,497036.51
202512,A14831,chequing,8251.13
202512,A14832,chequing,6539.73
202512,A14833,chequing,1521.87
202512,A14834,card,-918.68
202512,A14835,investment,23039.86
202512,A14836,card,0
202512,A14837,card,-2247.04
202512,A14838,chequing,1636.05
202512,A14839,investment,394780.22
202512,A14840,investment,297607.06
202512,A14841,investment,424511.49
202512,A14842,investment,44133.37
202512,A14843,chequing,1580.58
202512,A14844,lending,0
202512,A14845,saving,6474.34
202512,A14846,lending,13277.4
202512,A14847,lending,42255.91
202512,A14848,investment,0
202512,A14849,investment,507195.72
202512,A14850,saving,16614.73
202512,A14851,saving,18534.06
202512,A14852,chequing,12651.89
202512,A14853,saving,0
202512,A14854,card,0
202512,A14855,lending,6529.84
202512,A14856,saving,11958.83
202512,A14857,lending,29273.54
202512,A14858,lending,25852.16
202512,A14859,chequing,0
202512,A14860,saving,44450.62
202512,A14861,mortgage,455885.22
202512,A14862,investment,696183.3
202512,A14863,chequing,17443.27
202512,A14864,lending,20621.26
202512,A14865,lending,40427.13
202512,A14866,chequing,10535.48
202512,A14867,lending,18844.34
202512,A14868,mortgage,405417.44
202512,A14869,card,-4612.84
202512,A14870,mortgage,399492.13
202512,A14871,investment,263702.08
202512,A14872,investment,0
202512,A14873,investment,208902.04
202512,A14874,card,-4571.72
202512,A14875,saving,9167.2
202512,A14876,lending,42928.23
202512,A14877,investment,580597.52
202512,A14878,mortgage,370902.6
202512,A14879,investment,144813.82
202512,A14880,lending,2138.28
202512,A14881,saving,7953.45
202512,A14882,card,-82.09
202512,A14883,investment,539493.59
202512,A14884,chequing,3185.3
202512,A14885,chequing,6627.53
202512,A14886,lending,39698.84
202512,A14887,card,-996.56
202512,A14888,chequing,487.44
202512,A14889,card,-2450.68
202512,A14890,investment,395621.87
202512,A14891,chequing,6630.72
202512,A14892,investment,182744.65
202512,A14893,saving,5007.51
202512,A14894,mortgage,384828.08
202512,A14895,investment,740704.95
202512,A14896,card,-3922.88
202512,A14897,investment,358135.29
202512,A14898,chequing,9447.01
202512,A14899,investment,191331.46
202512,A14900,saving,525.29
202512,A14901,saving,17853.76
202512,A14902,investment,58662.5
202512,A14903,lending,7566.77
202512,A14904,investment,10802.23
202512,A14905,investment,9622.59
202512,A14906,saving,22367.46
202512,A14907,chequing,13016.15
202512,A14908,investment,529208.89
202512,A14909,investment,956749.65
202512,A14910,chequing,9201.26
202512,A14911,investment,610776.7
202512,A14912,chequing,6301.55
202512,A14913,investment,783091.99
202512,A14914,lending,18212.04
202512,A14915,investment,702201.49
202512,A14916,chequing,2503.21
202512,A14917,investment,884741.41
202512,A14918,investment,839810.15
202512,A14919,card,-4321.08
202512,A14920,saving,19169.07
202512,A14921,chequing,6069.37
202512,A14922,investment,652051.35
202512,A14923,investment,646768.32
202512,A14924,lending,0
202512,A14925,investment,63080.92
202512,A14926,chequing,415.24
202512,A14927,investment,512410.2
202512,A14928,investment,917843.38
202512,A14929,chequing,8441.73
202512,A14930,investment,0
202512,A14931,card,-3168.64
202512,A14932,investment,0
202512,A14933,investment,540347.73
202512,A14934,chequing,8374.8
202512,A14935,investment,374216.35
202512,A14936,lending,25085.69
202512,A14937,investment,0
202512,A14938,card,-1161.21
202512,A14939,mortgage,193431.02
202512,A14940,saving,19333.14
202512,A14941,investment,99094.46
202512,A14942,investment,107094.12
202512,A14943,investment,615254.75
202512,A14944,investment,674583.05
202512,A14945,mortgage,262429.39
202512,A14946,lending,32146.39
202512,A14947,investment,404143.27
202512,A14948,card,-29.69
202512,A14949,chequing,10435.62
202512,A14950,lending,42033.84
202512,A14951,saving,27576.81
202512,A14952,mortgage,312793.46
202512,A14953,mortgage,416675.03
202512,A14954,lending,7479.1
202512,A14955,mortgage,76255.15
202512,A14956,chequing,6895.87
202512,A14957,investment,198997.38
202512,A14958,mortgage,364052.74
202512,A14959,investment,688088.64
202512,A14960,saving,1976.84
202512,A14961,saving,13469.3
202512,A14962,lending,34892.11
202512,A14963,saving,12963.16
202512,A14964,saving,39106.27
202512,A14965,investment,948593.59
202512,A14966,investment,566745.2
202512,A14967,mortgage,66497.45
202512,A14968,saving,12834.05
202512,A14969,investment,709434.24
202512,A14970,mortgage,123595.84
202512,A14971,investment,199082.48
202512,A14972,chequing,0
202512,A14973,investment,0
202512,A14974,investment,341606.68
202512,A14975,investment,55445.88
202512,A14976,investment,304396.71
202512,A14977,investment,598336.21
202512,A14978,card,-3947.32
202512,A14979,investment,1213.2
202512,A14980,mortgage,238303.33
202512,A14981,saving,13168.31
202512,A14982,mortgage,228646.99
202512,A14983,chequing,13421.64
202512,A14984,investment,485737.93
202512,A14985,saving,21975.38
202512,A14986,investment,813935.14
202512,A14987,saving,4919.59
202512,A14988,lending,8918.61
202512,A14989,investment,67598.37
202512,A14990,saving,0
202512,A14991,chequing,0
202512,A14992,card,-949.95
202512,A14993,saving,13977.01
202512,A14994,mortgage,457700.26
202512,A14995,mortgage,431763.64
202512,A14996,mortgage,182512.95
202512,A14997,lending,48127.78
202512,A14998,card,-2141.54
202512,A14999,card,0
202512,A15000,investment,419474.38
202512,A15001,investment,12984.24
202512,A15002,chequing,3886.43
202512,A15003,saving,8093.8
202512,A15004,card,-3646.5
202512,A15005,investment,176296.44
202512,A15006,saving,0
202512,A15007,lending,32960.28
202512,A15008,investment,167255.41
202512,A15009,lending,41125.62
202512,A15010,investment,580576.32
202512,A15011,lending,46191.17
202512,A15012,lending,7587.83
202512,A15013,chequing,9197.97
202512,A15014,chequing,11708.31
202512,A15015,investment,334478.95
202512,A15016,investment,48192.02
202512,A15017,mortgage,441456.22
202512,A15018,investment,606485.54
202512,A15019,card,-1883.77
202512,A15020,investment,740755.71
202512,A15021,mortgage,337676.84
202512,A15022,saving,7075.71
202512,A15023,chequing,8983.52
202512,A15024,chequing,16638.4
202512,A15025,saving,1574.45
202512,A15026,saving,11902.28
202512,A15027,chequing,9808.1
202512,A15028,investment,834651.5
202512,A15029,investment,749930.26
202512,A15030,investment,93530.58
202512,A15031,investment,846170.63
202512,A15032,investment,0
202512,A15033,card,-480.92
202512,A15034,card,-4998.69
202512,A15035,mortgage,157215.28
202512,A15036,investment,34734.06
202512,A15037,lending,36918.82
202512,A15038,investment,39861.21
202512,A15039,chequing,0
202512,A15040,saving,18446.49
202512,A15041,chequing,17558.22
202512,A15042,saving,17690.1
202512,A15043,chequing,1786.9
202512,A15044,investment,849509.31
202512,A15045,card,-4666.41
202512,A15046,investment,944782.97
202512,A15047,saving,8306.11
202512,A15048,investment,766404.61
202512,A15049,investment,974190.43
202512,A15050,chequing,5588.31
202512,A15051,investment,580866.97
202512,A15052,chequing,5012.32
202512,A15053,chequing,8070
202512,A15054,chequing,19072.43
202512,A15055,investment,693590.4
202512,A15056,card,-4005.15
202512,A15057,saving,10720.7
202512,A15058,investment,0
202512,A15059,card,-3956.85
202512,A15060,lending,24025.5
202512,A15061,investment,25620.63
202512,A15062,mortgage,188274.53
202512,A15063,investment,470163.64
202512,A15064,saving,27512.22
202512,A15065,chequing,3713.05
202512,A15066,investment,737507.7
202512,A15067,mortgage,182203.23
202512,A15068,saving,28013.33
202512,A15069,investment,415467.58
202512,A15070,investment,900626.3
202512,A15071,investment,863182.13
202512,A15072,card,-4664.26
202512,A15073,card,-1616.37
202512,A15074,lending,13777.81
202512,A15075,chequing,3054.05
202512,A15076,investment,77820.13
202512,A15077,mortgage,418884.84
202512,A15078,saving,7194.99
202512,A15079,card,-2837.34
202512,A15080,chequing,884.9
202512,A15081,chequing,10720.15
202512,A15082,investment,430913.74
202512,A15083,investment,497615.4
202512,A15084,card,-258.44
202512,A15085,investment,929738.75
202512,A15086,card,-2678.51
202512,A15087,lending,49970.46
202512,A15088,investment,707524.43
202512,A15089,investment,0
202512,A15090,chequing,7893.06
202512,A15091,chequing,9208.36
202512,A15092,investment,19581.99
202512,A15093,investment,887672.21
202512,A15094,mortgage,269229.74
202512,A15095,investment,292926.51
202512,A15096,lending,3286.22
202512,A15097,saving,12005.62
202512,A15098,card,-4401.65
202512,A15099,saving,5153.78
202512,A15100,investment,39076.51
202512,A15101,lending,24452.45
202512,A15102,saving,12664.32
202512,A15103,investment,293199.87
202512,A15104,chequing,7803.77
202512,A15105,mortgage,60212.65
202512,A15106,saving,13498.09
202512,A15107,investment,634250.92
202512,A15108,investment,900345.78
202512,A15109,investment,751788.46
202512,A15110,investment,337885.34
202512,A15111,chequing,5564.1
202512,A15112,investment,251862.41
202512,A15113,mortgage,428911.09
202512,A15114,saving,12003.82
202512,A15115,lending,24909.89
202512,A15116,chequing,0
202512,A15117,investment,170495.25
202512,A15118,investment,857985.3
202512,A15119,saving,18437.81
202512,A15120,investment,286149.3
202512,A15121,investment,840122.56
202512,A15122,saving,2533
202512,A15123,investment,25286.53
202512,A15124,card,-1746.64
202512,A15125,investment,77607.39
202512,A15126,mortgage,405808.16
202512,A15127,saving,11494.81
202512,A15128,card,-3326.53
202512,A15129,chequing,9145.87
202512,A15130,lending,8560.5
202512,A15131,card,-4124.5
202512,A15132,card,-443.82
202512,A15133,saving,14709.13
202512,A15134,chequing,15069.22
202512,A15135,investment,269998.84
202512,A15136,investment,107174.95
202512,A15137,investment,549377.07
202512,A15138,investment,731028.97
202512,A15139,investment,261342.06
202512,A15140,card,-4010.05
202512,A15141,saving,0
202512,A15142,investment,275916.62
202512,A15143,chequing,0
202512,A15144,investment,325124.94
202512,A15145,lending,0
202512,A15146,chequing,1172.95
202512,A15147,investment,0
202512,A15148,chequing,5058.33
202512,A15149,chequing,0
202512,A15150,saving,17661.82
202512,A15151,lending,10337.8
202512,A15152,chequing,9847.01
202512,A15153,chequing,0
202512,A15154,investment,83632.9
202512,A15155,investment,21320.86
202512,A15156,saving,13813.71
202512,A15157,saving,16724.5
202512,A15158,investment,935201.77
202512,A15159,investment,974660.73
202512,A15160,chequing,0
202512,A15161,chequing,0
202512,A15162,card,-1895.91
202512,A15163,chequing,2475.8
202512,A15164,saving,26785.52
202512,A15165,investment,524390.16
202512,A15166,card,-682.73
202512,A15167,investment,901546.85
202512,A15168,investment,174175.9
202512,A15169,investment,0
202512,A15170,card,-4780.36
202512,A15171,investment,89577.81
202512,A15172,mortgage,307383.95
202512,A15173,mortgage,0
202512,A15174,chequing,3567.55
202512,A15175,investment,17478.73
202512,A15176,mortgage,217297.99
202512,A15177,investment,83109.11
202512,A15178,mortgage,105824.02
202512,A15179,saving,6187.63
202512,A15180,investment,517989.24
202512,A15181,chequing,14148.57
202512,A15182,investment,919678.7
202512,A15183,mortgage,161395.3
202512,A15184,investment,899928.4
202512,A15185,card,-2113.55
202512,A15186,investment,725531
202512,A15187,mortgage,258819.19
202512,A15188,saving,15787.81
202512,A15189,saving,7769.52
202512,A15190,investment,111885.02
202512,A15191,lending,30150.78
202512,A15192,lending,2405.34
202512,A15193,chequing,14884.75
202512,A15194,investment,484387.37
202512,A15195,lending,1766.84
202512,A15196,card,-1698.85
202512,A15197,chequing,9038.36
202512,A15198,chequing,12200.96
202512,A15199,chequing,9413.7
202512,A15200,saving,5001.77
202512,A15201,investment,35282.95
202512,A15202,chequing,10943.67
202512,A15203,investment,339634.57
202512,A15204,mortgage,0
202512,A15205,saving,40781.69
202512,A15206,mortgage,107433.2
202512,A15207,saving,5453.79
202512,A15208,investment,99268.62
202512,A15209,mortgage,125678.15
202512,A15210,investment,728081.02
202512,A15211,lending,28522.82
202512,A15212,investment,924198.31
202512,A15213,saving,20670.98
202512,A15214,card,-2074.42
202512,A15215,chequing,0
202512,A15216,chequing,0
202512,A15217,chequing,10726.28
202512,A15218,chequing,16722.92
202512,A15219,chequing,18167.8
202512,A15220,investment,86558.73
202512,A15221,saving,9330.48
202512,A15222,chequing,5744.76
202512,A15223,chequing,12312.29
202512,A15224,investment,909896.22
202512,A15225,saving,5389.89
202512,A15226,investment,791794.57
202512,A15227,investment,730953.84
202512,A15228,lending,12951.46
202512,A15229,investment,0
202512,A15230,lending,34621.41
202512,A15231,chequing,17933.3
202512,A15232,saving,42010.02
202512,A15233,chequing,12903.38
202512,A15234,chequing,9765.62
202512,A15235,lending,0
202512,A15236,saving,16538.84
202512,A15237,saving,2534.58
202512,A15238,card,-2622.36
202512,A15239,mortgage,196198.35
202512,A15240,investment,299018.46
202512,A15241,investment,51149.29
202512,A15242,chequing,9918.41
202512,A15243,investment,279512.58
202512,A15244,investment,371490.61
202512,A15245,chequing,1925.76
202512,A15246,investment,777864.95
202512,A15247,investment,911207.42
202512,A15248,saving,14733.67
202512,A15249,chequing,7029.71
202512,A15250,lending,38043.76
202512,A15251,mortgage,0
202512,A15252,chequing,6848.48
202512,A15253,investment,977330.7
202512,A15254,investment,688040.89
202512,A15255,chequing,19438.52
202512,A15256,investment,735864.39
202512,A15257,saving,4571.52
202512,A15258,saving,3309.65
202512,A15259,investment,547575.13
202512,A15260,chequing,17974.27
202512,A15261,lending,42209.89
202512,A15262,saving,16505.42
202512,A15263,saving,0
202512,A15264,lending,28826.89
202512,A15265,card,0
202512,A15266,saving,18696.72
202512,A15267,card,-1520.58
202512,A15268,mortgage,495688.86
202512,A15269,investment,957340.8
202512,A15270,investment,957818.56
202512,A15271,saving,4740.45
202512,A15272,investment,87421.11
202512,A15273,lending,12358.88
202512,A15274,mortgage,0
202512,A15275,card,0
202512,A15276,chequing,18502.59
202512,A15277,lending,0
202512,A15278,chequing,8855.79
202512,A15279,lending,0
202512,A15280,chequing,6240.72
202512,A15281,investment,901443.84
202512,A15282,investment,248556.06
202512,A15283,mortgage,297619.2
202512,A15284,chequing,11168.31
202512,A15285,mortgage,0
202512,A15286,investment,823126.79
202512,A15287,investment,29112.28
202512,A15288,chequing,2253.73
202512,A15289,chequing,10266.48
202512,A15290,chequing,5500.92
202512,A15291,chequing,10376.03
202512,A15292,mortgage,311156.94
202512,A15293,lending,34366.27
202512,A15294,saving,2214
202512,A15295,investment,763617.3
202512,A15296,investment,398023.32
202512,A15297,investment,628342.93
202512,A15298,investment,72087.03
202512,A15299,card,-4324.83
202512,A15300,chequing,17779.82
202512,A15301,saving,25550.85
202512,A15302,chequing,17347.09
202512,A15303,investment,659781.86
202512,A15304,saving,46127.48
202512,A15305,saving,1632.94
202512,A15306,investment,0
202512,A15307,investment,130734.67
202512,A15308,card,-2325
202512,A15309,investment,82186.15
202512,A15310,chequing,19313.61
202512,A15311,investment,626507.75
202512,A15312,saving,15355.08
202512,A15313,mortgage,475159.53
202512,A15314,investment,952220.42
202512,A15315,chequing,9963.54
202512,A15316,mortgage,464622.41
202512,A15317,saving,25386.11
202512,A15318,saving,19673.16
202512,A15319,investment,51420.05
202512,A15320,chequing,0
202512,A15321,investment,341456.06
202512,A15322,lending,15258.34
202512,A15323,saving,6151.12
202512,A15324,lending,36898.41
202512,A15325,investment,48791.76
202512,A15326,investment,421050.89
202512,A15327,card,-544.27
202512,A15328,investment,665585.77
202512,A15329,chequing,5751.55
202512,A15330,chequing,9241
202512,A15331,mortgage,434824.56
202512,A15332,investment,666286.63
202512,A15333,chequing,3433.76
202512,A15334,chequing,17454.57
202512,A15335,lending,28516.73
202512,A15336,investment,875217.9
202512,A15337,investment,169473.84
202512,A15338,lending,21842.46
202512,A15339,chequing,18010.37
202512,A15340,mortgage,249452.01
202512,A15341,lending,0
202512,A15342,investment,465197.3
202512,A15343,mortgage,176083.75
202512,A15344,investment,655116.48
202512,A15345,investment,728476.21
202512,A15346,chequing,13610.49
202512,A15347,saving,15718.97
202512,A15348,investment,846491
202512,A15349,investment,0
202512,A15350,mortgage,137539.8
202512,A15351,saving,5492.84
202512,A15352,mortgage,288132.73
202512,A15353,chequing,863.66
202512,A15354,investment,13268.68
202512,A15355,card,-4682.97
202512,A15356,chequing,17024.82
202512,A15357,chequing,1434.87
202512,A15358,investment,438742.28
202512,A15359,mortgage,0
202512,A15360,investment,41705.67
202512,A15361,investment,218260.86
202512,A15362,chequing,7817.91
202512,A15363,investment,55117.79
202512,A15364,investment,599230.73
202512,A15365,mortgage,291258.27
202512,A15366,investment,13972.26
202512,A15367,investment,302545.34
202512,A15368,investment,316747.01
202512,A15369,saving,13379.14
202512,A15370,investment,995644.12
202512,A15371,mortgage,109262.45
202512,A15372,investment,932584.8
202512,A15373,saving,26573.33
202512,A15374,investment,361551.09
202512,A15375,saving,8634.29
202512,A15376,investment,190640.12
202512,A15377,investment,897926.1
202512,A15378,chequing,9049.78
202512,A15379,investment,6766.91
202512,A15380,lending,6482.91
202512,A15381,investment,999193.19
202512,A15382,mortgage,198817.76
202512,A15383,investment,361418.86
202512,A15384,chequing,0
202512,A15385,investment,89261.7
202512,A15386,chequing,9807.07
202512,A15387,saving,6865.11
202512,A15388,investment,324929.6
202512,A15389,lending,31357.27
202512,A15390,investment,71351.05
202512,A15391,investment,229639.38
202512,A15392,lending,0
202512,A15393,investment,845097.66
202512,A15394,investment,167879.37
202512,A15395,investment,481013.76
202512,A15396,chequing,17426.06
202512,A15397,investment,0
202512,A15398,mortgage,355645.61
202512,A15399,card,-1150.39
202512,A15400,card,0
202512,A15401,chequing,1370.48
202512,A15402,saving,38230.06
202512,A15403,investment,0
202512,A15404,investment,4111.65
202512,A15405,investment,736889.81
202512,A15406,investment,620894.34
202512,A15407,mortgage,69793.24
202512,A15408,saving,12010.05
202512,A15409,investment,363501.14
202512,A15410,chequing,7975.28
202512,A15411,investment,972108.67
202512,A15412,investment,145358.26
202512,A15413,saving,5530.3
202512,A15414,investment,682051.85
202512,A15415,investment,0
202512,A15416,saving,4301.95
202512,A15417,investment,937633.55
202512,A15418,investment,906682.1
202512,A15419,investment,236434.56
202512,A15420,saving,6847.47
202512,A15421,lending,11844.02
202512,A15422,chequing,0
202512,A15423,investment,361336.72
202512,A15424,investment,291401.44
202512,A15425,saving,23154.9
202512,A15426,chequing,15276.14
202512,A15427,chequing,6288.32
202512,A15428,investment,2458.77
202512,A15429,chequing,8042.54
202512,A15430,investment,821355.43
202512,A15431,saving,12735.51
202512,A15432,investment,733452.16
202512,A15433,chequing,12256.7
202512,A15434,investment,751780.05
202512,A15435,investment,243431.6
202512,A15436,mortgage,219079.96
202512,A15437,chequing,14103.74
202512,A15438,investment,75287.13
202512,A15439,mortgage,482844.81
202512,A15440,chequing,0
202512,A15441,mortgage,356593.85
202512,A15442,chequing,7499.37
202512,A15443,investment,247542
202512,A15444,investment,0
202512,A15445,investment,941474.43
202512,A15446,investment,852189.7
202512,A15447,saving,16529.16
202512,A15448,investment,913325.11
202512,A15449,card,-4039.79
202512,A15450,investment,173559.81
202512,A15451,lending,18647.88
202512,A15452,saving,14689.21
202512,A15453,investment,226217.46
202512,A15454,investment,0
202512,A15455,investment,883374.47
202512,A15456,saving,5537.94
202512,A15457,investment,391698.4
202512,A15458,card,-4539.41
202512,A15459,saving,11027.68
202512,A15460,investment,0
202512,A15461,saving,4217.23
202512,A15462,card,-4545.51
202512,A15463,saving,18798.02
202512,A15464,saving,3390.46
202512,A15465,chequing,5560.93
202512,A15466,chequing,4987.21
202512,A15467,mortgage,0
202512,A15468,investment,702469.39
202512,A15469,card,-1996.8
202512,A15470,investment,675028.83
202512,A15471,chequing,8761.78
202512,A15472,card,-4547.51
202512,A15473,chequing,18566.5
202512,A15474,mortgage,286726.5
202512,A15475,investment,418503.94
202512,A15476,card,-1360.96
202512,A15477,investment,944826.25
202512,A15478,investment,446951.08
202512,A15479,investment,166182.43
202512,A15480,card,-2524.64
202512,A15481,lending,46916.47
202512,A15482,lending,25246.46
202512,A15483,card,-1265.59
202512,A15484,investment,352418.22
202512,A15485,chequing,7879.88
202512,A15486,investment,78931.22
202512,A15487,chequing,11605.16
202512,A15488,saving,0
202512,A15489,investment,734376.72
202512,A15490,investment,748421.25
202512,A15491,investment,71549.81
202512,A15492,saving,6931.26
202512,A15493,chequing,16798.61
202512,A15494,investment,83896.84
202512,A15495,investment,523634.14
202512,A15496,card,-3693.94
202512,A15497,investment,648876.43
202512,A15498,chequing,7857.68
202512,A15499,card,-3205.84
202512,A15500,lending,0
202512,A15501,investment,24489.08
202512,A15502,investment,828908.85
202512,A15503,investment,160798.27
202512,A15504,card,-160.87
202512,A15505,card,-3217.06
202512,A15506,investment,740147.82
202512,A15507,lending,2591.71
202512,A15508,investment,0
202512,A15509,investment,597128.55
202512,A15510,investment,651533.99
202512,A15511,saving,10996.62
202512,A15512,mortgage,290674.79
202512,A15513,investment,718947.06
202512,A15514,chequing,5797.78
202512,A15515,investment,254199.86
202512,A15516,investment,683759.96
202512,A15517,investment,20732.6
202512,A15518,investment,0
202512,A15519,lending,27929.54
202512,A15520,investment,89188.82
202512,A15521,mortgage,456700.29
202512,A15522,mortgage,121725.24
202512,A15523,investment,209360.47
202512,A15524,lending,3132
202512,A15525,chequing,1864.68
202512,A15526,lending,28787.97
202512,A15527,lending,49992.29
202512,A15528,investment,673201.08
202512,A15529,investment,427993.9
202512,A15530,investment,584185.48
202512,A15531,card,0
202512,A15532,card,-659.41
202512,A15533,saving,16351.14
202512,A15534,saving,5926.32
202512,A15535,chequing,13622.85
202512,A15536,chequing,9771.2
202512,A15537,mortgage,382844.42
202512,A15538,investment,345782.89
202512,A15539,investment,429688.79
202512,A15540,investment,0
202512,A15541,saving,11942.16
202512,A15542,chequing,0
202512,A15543,investment,403923.46
202512,A15544,chequing,2551.86
202512,A15545,saving,9073.59
202512,A15546,investment,560714.98
202512,A15547,investment,279891.91
202512,A15548,investment,731815.41
202512,A15549,investment,966801.85
202512,A15550,investment,0
202512,A15551,investment,97314
202512,A15552,investment,405633.95
202512,A15553,chequing,6735.31
202512,A15554,saving,4848.18
202512,A15555,investment,67599.97
202512,A15556,saving,34787.88
202512,A15557,investment,261434.87
202512,A15558,mortgage,387148.32
202512,A15559,investment,0
202512,A15560,investment,944145.93
202512,A15561,investment,851100
202512,A15562,investment,118911.06
202512,A15563,chequing,13302.69
202512,A15564,chequing,9257.4
202512,A15565,investment,49224.52
202512,A15566,lending,27490.66
202512,A15567,card,-3552.59
202512,A15568,investment,423089.8
202512,A15569,lending,20967.84
202512,A15570,chequing,0
202512,A15571,mortgage,299373.78
202512,A15572,investment,572139.91
202512,A15573,investment,639135.75
202512,A15574,investment,0
202512,A15575,investment,836134.77
202512,A15576,card,-4439.55
202512,A15577,card,0
202512,A15578,investment,869467.59
202512,A15579,saving,7262.37
202512,A15580,investment,433879.35
202512,A15581,investment,834322.85
202512,A15582,chequing,15652.23
202512,A15583,investment,0
202512,A15584,saving,4633.95
202512,A15585,investment,933850.09
202512,A15586,investment,951698.85
202512,A15587,investment,269229.95
202512,A15588,saving,3814.84
202512,A15589,investment,298409.44
202512,A15590,investment,522414.37
202512,A15591,investment,414629.28
202512,A15592,investment,423846.13
202512,A15593,investment,885302.48
202512,A15594,investment,351070.2
202512,A15595,investment,0
202512,A15596,chequing,6620.58
202512,A15597,investment,74748.16
202512,A15598,investment,96074.46
202512,A15599,chequing,12587.35
202512,A15600,lending,26383.38
202512,A15601,chequing,2130.2
202512,A15602,investment,769476.08
202512,A15603,investment,967142.99
202512,A15604,investment,657590.16
202512,A15605,lending,34732.94
202512,A15606,mortgage,338841.31
202512,A15607,mortgage,128971.4
202512,A15608,card,-3704.39
202512,A15609,investment,789934.28
202512,A15610,saving,5592.28
202512,A15611,chequing,18903.72
202512,A15612,investment,132727.32
202512,A15613,card,-614.95
202512,A15614,lending,47730.47
202512,A15615,investment,655817.71
202512,A15616,card,-2543.23
202512,A15617,mortgage,408437.36
202512,A15618,investment,744069.45
202512,A15619,mortgage,0
202512,A15620,chequing,3674.77
202512,A15621,mortgage,436532.76
202512,A15622,chequing,8818.01
202512,A15623,lending,2565.68
202512,A15624,investment,70526.27
202512,A15625,investment,0
202512,A15626,investment,967257.46
202512,A15627,lending,45471.74
202512,A15628,investment,505551.85
202512,A15629,mortgage,325240.33
202512,A15630,chequing,9160.86
202512,A15631,card,-1619.05
202512,A15632,investment,763650.31
202512,A15633,card,-4463.69
202512,A15634,mortgage,146296.58
202512,A15635,card,-2907.51
202512,A15636,lending,4566.24
202512,A15637,investment,572313.85
202512,A15638,investment,33818.93
202512,A15639,card,-2905.73
202512,A15640,investment,753383.56
202512,A15641,saving,9747.46
202512,A15642,chequing,8542.48
202512,A15643,chequing,14471.26
202512,A15644,lending,3833.89
202512,A15645,investment,173508.84
202512,A15646,card,-528.67
202512,A15647,investment,310675.83
202512,A15648,saving,7266.52
202512,A15649,investment,884104.78
202512,A15650,mortgage,0
202512,A15651,investment,339238.55
202512,A15652,lending,14886.64
202512,A15653,investment,593531.44
202512,A15654,investment,883269.85
202512,A15655,saving,10402.35
202512,A15656,saving,9641.9
202512,A15657,chequing,13689.9
202512,A15658,mortgage,110699.88
202512,A15659,saving,11613.81
202512,A15660,lending,15183.54
202512,A15661,lending,25537.04
202512,A15662,saving,17987.56
202512,A15663,investment,39522.57
202512,A15664,investment,774217.15
202512,A15665,investment,526931.13
202512,A15666,investment,695147.29
202512,A15667,investment,576130.12
202512,A15668,investment,0
202512,A15669,lending,8355.83
202512,A15670,lending,35784.82
202512,A15671,saving,13140.65
202512,A15672,lending,0
202512,A15673,mortgage,210902.44
202512,A15674,chequing,7709.91
202512,A15675,investment,524109.07
202512,A15676,investment,34989.46
202512,A15677,lending,23040.91
202512,A15678,lending,22916.8
202512,A15679,saving,19064.53
202512,A15680,card,-914.42
202512,A15681,chequing,13072.46
202512,A15682,saving,0
202512,A15683,lending,17866.18
202512,A15684,investment,776820.19
202512,A15685,mortgage,286387.74
202512,A15686,investment,231825.96
202512,A15687,mortgage,435221.71
202512,A15688,chequing,6966.59
202512,A15689,investment,67682.74
202512,A15690,saving,15022.14
202512,A15691,chequing,1744.9
202512,A15692,chequing,2811.64
202512,A15693,chequing,15272.25
202512,A15694,chequing,0
202512,A15695,chequing,17179.11
202512,A15696,chequing,7284.79
202512,A15697,mortgage,400959.38
202512,A15698,saving,5196.12
202512,A15699,saving,15343.71
202512,A15700,chequing,0
202512,A15701,investment,19747.49
202512,A15702,lending,36385.19
202512,A15703,investment,326639.62
202512,A15704,investment,268673.41
202512,A15705,investment,988658.48
202512,A15706,investment,569482.63
202512,A15707,investment,647530.9
202512,A15708,saving,3856.02
202512,A15709,investment,620923.78
202512,A15710,mortgage,353695.16
202512,A15711,investment,310375.41
202512,A15712,saving,13133.96
202512,A15713,saving,37034.49
202512,A15714,investment,752148.4
202512,A15715,chequing,0
202512,A15716,saving,13539.22
202512,A15717,saving,39725.86
202512,A15718,investment,0
202512,A15719,investment,356880.97
202512,A15720,investment,485094.72
202512,A15721,saving,12563.91
202512,A15722,card,-3284.21
202512,A15723,saving,47280.2
202512,A15724,mortgage,137492.76
202512,A15725,investment,298805.32
202512,A15726,chequing,5422.97
202512,A15727,card,0
202512,A15728,card,-3986.84
202512,A15729,investment,838370.4
202512,A15730,investment,51831.04
202512,A15731,investment,848983.68
202512,A15732,chequing,7312.03
202512,A15733,chequing,12371.11
202512,A15734,lending,20513.42
202512,A15735,card,-214.31
202512,A15736,chequing,8581.41
202512,A15737,investment,341681.41
202512,A15738,investment,208181.97
202512,A15739,investment,207892.52
202512,A15740,chequing,12063.85
202512,A15741,mortgage,418755
202512,A15742,chequing,5781.97
202512,A15743,investment,11181
202512,A15744,saving,14617.92
202512,A15745,saving,19349.68
202512,A15746,investment,192503.67
202512,A15747,investment,606987.77
202512,A15748,investment,920783.39
202512,A15749,chequing,1423.83
202512,A15750,card,-1186.16
202512,A15751,chequing,6599.92
202512,A15752,investment,969877.93
202512,A15753,card,-2260.63
202512,A15754,investment,726323.34
202512,A15755,investment,107430.1
202512,A15756,mortgage,255521.69
202512,A15757,mortgage,85111.45
202512,A15758,lending,5182.55
202512,A15759,saving,1574.06
202512,A15760,investment,981954.12
202512,A15761,lending,18490.24
202512,A15762,card,-1048.92
202512,A15763,card,-266.43
202512,A15764,saving,8801.81
202512,A15765,card,-2025.71
202512,A15766,investment,295497.4
202512,A15767,investment,836572.44
202512,A15768,chequing,12701.49
202512,A15769,saving,19520.35
202512,A15770,card,-1239.86
202512,A15771,investment,68175.26
202512,A15772,card,-3528.46
202512,A15773,investment,0
202512,A15774,investment,15069.85
202512,A15775,investment,834798.52
202512,A15776,investment,0
202512,A15777,investment,927818.29
202512,A15778,card,-4488.3
202512,A15779,card,0
202512,A15780,investment,87325.76
202512,A15781,lending,26886.42
202512,A15782,investment,222806.53
202512,A15783,mortgage,78296.63
202512,A15784,card,-3852
202512,A15785,investment,884124.8
202512,A15786,card,-36.2
202512,A15787,investment,192953.67
202512,A15788,mortgage,138827.92
202512,A15789,lending,18238.46
202512,A15790,lending,6012.62
202512,A15791,lending,33973.62
202512,A15792,investment,385599.49
202512,A15793,investment,738603.8
202512,A15794,investment,849127.35
202512,A15795,investment,339797.89
202512,A15796,mortgage,66105.15
202512,A15797,saving,1941.48
202512,A15798,investment,559142.79
202512,A15799,investment,327565.85
202512,A15800,investment,101999.93
202512,A15801,investment,39043.59
202512,A15802,investment,48090.69
202512,A15803,investment,82007.68
202512,A15804,investment,42095.37
202512,A15805,investment,89495.82
202512,A15806,investment,231019.36
202512,A15807,chequing,17385.55
202512,A15808,investment,331798.88
202512,A15809,lending,35141.8
202512,A15810,chequing,15818.83
202512,A15811,chequing,194.37
202512,A15812,chequing,984.45
202512,A15813,investment,238378.14
202512,A15814,saving,18754.44
202512,A15815,chequing,12187
202512,A15816,investment,822452.68
202512,A15817,investment,6848.89
202512,A15818,chequing,5187.19
202512,A15819,lending,43953.9
202512,A15820,investment,293071.84
202512,A15821,saving,4431.18
202512,A15822,mortgage,231576.24
202512,A15823,lending,18046.55
202512,A15824,mortgage,481177.38
202512,A15825,chequing,9428.58
202512,A15826,investment,63550.39
202512,A15827,investment,825538.77
202512,A15828,chequing,7563.18
202512,A15829,investment,675775.76
202512,A15830,chequing,418.93
202512,A15831,saving,19177.94
202512,A15832,chequing,17605.69
202512,A15833,lending,19989.1
202512,A15834,investment,646441.91
202512,A15835,saving,5946.29
202512,A15836,mortgage,0
202512,A15837,saving,32626.62
202512,A15838,saving,7276.49
202512,A15839,card,-2772.6
202512,A15840,saving,12421.21
202512,A15841,investment,708231.53
202512,A15842,chequing,12209.97
202512,A15843,chequing,2289.8
202512,A15844,lending,23140.31
202512,A15845,investment,309972.05
202512,A15846,chequing,3092.04
202512,A15847,chequing,5480.25
202512,A15848,saving,9124.03
202512,A15849,chequing,9884.08
202512,A15850,mortgage,0
202512,A15851,card,-3949.97
202512,A15852,investment,80062.59
202512,A15853,investment,761016.71
202512,A15854,investment,649877.2
202512,A15855,saving,43841.2
202512,A15856,investment,135070.22
202512,A15857,card,-3461.54
202512,A15858,investment,0
202512,A15859,chequing,2455.79
202512,A15860,chequing,2084.84
202512,A15861,investment,0
202512,A15862,chequing,0
202512,A15863,investment,96495.44
202512,A15864,lending,48845.1
202512,A15865,investment,880863.18
202512,A15866,investment,495262.66
202512,A15867,chequing,2389.41
202512,A15868,chequing,0
202512,A15869,card,-314.81
202512,A15870,investment,369030.36
202512,A15871,investment,356485.52
202512,A15872,lending,16118.86
202512,A15873,investment,164318.16
202512,A15874,lending,20339.14
202512,A15875,investment,905317.64
202512,A15876,investment,756929.83
202512,A15877,lending,0
202512,A15878,investment,646331.96
202512,A15879,investment,513150.42
202512,A15880,saving,0
202512,A15881,chequing,6148.02
202512,A15882,investment,843294.98
202512,A15883,investment,758852
202512,A15884,chequing,3020.52
202512,A15885,mortgage,295014.06
202512,A15886,investment,674965.64
202512,A15887,saving,0
202512,A15888,investment,0
202512,A15889,investment,186678.37
202512,A15890,investment,41620.05
202512,A15891,saving,6975.83
202512,A15892,chequing,18758.57
202512,A15893,lending,5860.06
202512,A15894,saving,0
202512,A15895,card,-491.82
202512,A15896,saving,44304.39
202512,A15897,saving,38769.65
202512,A15898,chequing,14837.15
202512,A15899,investment,501730.41
202512,A15900,chequing,5325.62
202512,A15901,mortgage,66728.74
202512,A15902,investment,0
202512,A15903,investment,41484.44
202512,A15904,investment,251048.74
202512,A15905,investment,629384.34
202512,A15906,lending,4294.98
202512,A15907,lending,0
202512,A15908,lending,41591.72
202512,A15909,investment,48583.14
202512,A15910,saving,11077.66
202512,A15911,investment,914268.46
202512,A15912,chequing,9688.31
202512,A15913,investment,693277.79
202512,A15914,saving,18619.18
202512,A15915,chequing,0
202512,A15916,investment,15936.85
202512,A15917,chequing,12718.32
202512,A15918,lending,12916.62
202512,A15919,saving,34623.41
202512,A15920,chequing,8385.44
202512,A15921,investment,406262.25
202512,A15922,investment,487130.33
202512,A15923,saving,7988.06
202512,A15924,saving,35054.05
202512,A15925,card,-4181.89
202512,A15926,mortgage,169406.73
202512,A15927,lending,12818.87
202512,A15928,lending,9858.9
202512,A15929,mortgage,400266.91
202512,A15930,investment,25621.01
202512,A15931,chequing,10764.17
202512,A15932,investment,25280.96
202512,A15933,investment,529048.1
202512,A15934,investment,529714.42
202512,A15935,lending,49962.49
202512,A15936,investment,738443.52
202512,A15937,lending,24214.8
202512,A15938,chequing,0
202512,A15939,investment,686687.25
202512,A15940,mortgage,62498.11
202512,A15941,chequing,11416.6
202512,A15942,mortgage,234229.72
202512,A15943,investment,177191.99
202512,A15944,investment,0
202512,A15945,card,-4028.49
202512,A15946,chequing,13424.76
202512,A15947,investment,638137.05
202512,A15948,investment,688159.22
202512,A15949,chequing,6190.6
202512,A15950,investment,0
202512,A15951,saving,0
202512,A15952,saving,17295.81
202512,A15953,investment,272132.02
202512,A15954,saving,41723.48
202512,A15955,chequing,5660.11
202512,A15956,investment,719362.67
202512,A15957,mortgage,324537.72
202512,A15958,investment,793822.19
202512,A15959,investment,53562.98
202512,A15960,investment,146060.95
202512,A15961,investment,480507.1
202512,A15962,saving,2934.56
202512,A15963,investment,122135.41
202512,A15964,investment,210177.13
202512,A15965,chequing,5204.4
202512,A15966,card,-1970.68
202512,A15967,investment,146798.59
202512,A15968,investment,8302.11
202512,A15969,lending,0
202512,A15970,chequing,323.8
202512,A15971,lending,26047.15
202512,A15972,saving,10411.95
202512,A15973,investment,101307.18
202512,A15974,chequing,5169.45
202512,A15975,investment,564934.5
202512,A15976,investment,127602.48
202512,A15977,card,-358.61
202512,A15978,investment,873499.86
202512,A15979,investment,585514.73
202512,A15980,lending,2396.26
202512,A15981,saving,9383.4
202512,A15982,mortgage,244070.09
202512,A15983,investment,0
202512,A15984,card,-3835
202512,A15985,saving,16124.48
202512,A15986,card,-1694.74
202512,A15987,investment,849654.27
202512,A15988,lending,35357.41
202512,A15989,investment,358204.1
202512,A15990,investment,408540.22
202512,A15991,chequing,16305.98
202512,A15992,investment,489519.53
202512,A15993,investment,575014.76
202512,A15994,mortgage,205831.92
202512,A15995,chequing,3451.4
202512,A15996,chequing,5190.75
202512,A15997,mortgage,315831.4
202512,A15998,lending,11817.25
202512,A15999,saving,16422.22
202512,A16000,investment,166025.14
202512,A16001,card,-4203.68
202512,A16002,saving,18017.26
202512,A16003,investment,726772.65
202512,A16004,investment,200530.05
202512,A16005,lending,8499.73
202512,A16006,saving,4109.43
202512,A16007,saving,5782.26
202512,A16008,chequing,2696.98
202512,A16009,saving,4490.03
202512,A16010,saving,28290.69
202512,A16011,card,-1933.1
202512,A16012,card,-174.13
202512,A16013,chequing,6952.67
202512,A16014,card,-3202.64
202512,A16015,card,-303.24
202512,A16016,saving,22042.69
202512,A16017,investment,678538.12
202512,A16018,investment,990451.27
202512,A16019,lending,38750.42
202512,A16020,investment,554333.06
202512,A16021,chequing,4157.12
202512,A16022,investment,0
202512,A16023,investment,508204.18
202512,A16024,chequing,5218.85
202512,A16025,card,-1382.37
202512,A16026,chequing,709.36
202512,A16027,saving,0
202512,A16028,investment,172537.65
202512,A16029,card,0
202512,A16030,investment,860844.92
202512,A16031,saving,7935.48
202512,A16032,investment,165494.06
202512,A16033,investment,497412.75
202512,A16034,investment,70034.55
202512,A16035,card,-4086.58
202512,A16036,investment,228010.82
202512,A16037,chequing,568.55
202512,A16038,investment,832728.99
202512,A16039,chequing,16332.16
202512,A16040,investment,57510.58
202512,A16041,investment,951036
202512,A16042,mortgage,248041.83
202512,A16043,saving,4667.64
202512,A16044,chequing,6238.27
202512,A16045,lending,49669.67
202512,A16046,lending,34939.94
202512,A16047,card,-796.57
202512,A16048,investment,192368.06
202512,A16049,investment,333487.36
202512,A16050,card,-4559.36
202512,A16051,investment,19333.88
202512,A16052,lending,35544.62
202512,A16053,chequing,6134.82
202512,A16054,investment,831043.82
202512,A16055,investment,15905.5
202512,A16056,chequing,4897.52
202512,A16057,investment,59035.08
202512,A16058,chequing,9211.98
202512,A16059,investment,239909.36
202512,A16060,chequing,5676.03
202512,A16061,lending,10102.04
202512,A16062,chequing,9084.28
202512,A16063,investment,86664.97
202512,A16064,saving,17677.92
202512,A16065,investment,66158.57
202512,A16066,chequing,5195.88
202512,A16067,card,-2390.88
202512,A16068,saving,16710.78
202512,A16069,saving,10406.03
202512,A16070,investment,264978.27
202512,A16071,investment,18780.83
202512,A16072,card,-3874.9
202512,A16073,card,-251.25
202512,A16074,investment,8153.29
202512,A16075,mortgage,258763
202512,A16076,investment,485543.19
202512,A16077,chequing,5231.35
202512,A16078,lending,21951.61
202512,A16079,investment,289391.42
202512,A16080,investment,482583.16
202512,A16081,investment,60592.85
202512,A16082,saving,41389.46
202512,A16083,saving,6034.7
202512,A16084,card,-4029.72
202512,A16085,saving,42379.31
202512,A16086,investment,0
202512,A16087,saving,2999.32
202512,A16088,card,-2372.1
202512,A16089,chequing,4738.34
202512,A16090,investment,909433.24
202512,A16091,mortgage,411042.7
202512,A16092,saving,7734.93
202512,A16093,investment,243676.12
202512,A16094,investment,463909.7
202512,A16095,chequing,11573.65
202512,A16096,saving,35605.32
202512,A16097,saving,680.43
202512,A16098,chequing,9679.3
202512,A16099,chequing,416.59
202512,A16100,saving,3916.78
202512,A16101,card,-4026.99
202512,A16102,mortgage,82071.71
202512,A16103,chequing,17102.91
202512,A16104,investment,458238.15
202512,A16105,saving,40580.11
202512,A16106,investment,195964.46
202512,A16107,investment,48241.41
202512,A16108,investment,741536.33
202512,A16109,chequing,7762.28
202512,A16110,investment,181281.78
202512,A16111,mortgage,449939.97
202512,A16112,saving,10727.87
202512,A16113,chequing,17311.38
202512,A16114,investment,449110.42
202512,A16115,mortgage,79074.96
202512,A16116,investment,0
202512,A16117,saving,1562.3
202512,A16118,investment,0
202512,A16119,investment,732217.57
202512,A16120,mortgage,276864.53
202512,A16121,lending,26002.91
202512,A16122,investment,98848.37
202512,A16123,chequing,0
202512,A16124,saving,5280.14
202512,A16125,lending,13388.48
202512,A16126,saving,25692.45
202512,A16127,card,-4267.75
202512,A16128,investment,654171.8
202512,A16129,investment,0
202512,A16130,mortgage,375337.07
202512,A16131,mortgage,384716.29
202512,A16132,investment,158462.11
202512,A16133,chequing,0
202512,A16134,investment,0
202512,A16135,investment,421849.57
202512,A16136,investment,0
202512,A16137,investment,0
202512,A16138,investment,628597.6
202512,A16139,lending,18180.53
202512,A16140,card,-2078.74
202512,A16141,lending,0
202512,A16142,lending,8067.2
202512,A16143,investment,272809.03
202512,A16144,saving,3452.94
202512,A16145,mortgage,197547.89
202512,A16146,investment,101186.9
202512,A16147,saving,29758.27
202512,A16148,card,0
202512,A16149,investment,370169.4
202512,A16150,saving,0
202512,A16151,investment,974904.44
202512,A16152,chequing,5605.31
202512,A16153,mortgage,228300.32
202512,A16154,mortgage,345176.27
202512,A16155,chequing,7211.67
202512,A16156,chequing,1841.17
202512,A16157,chequing,13757.75
202512,A16158,mortgage,0
202512,A16159,mortgage,110727.88
202512,A16160,chequing,5008.09
202512,A16161,chequing,9297.8
202512,A16162,chequing,19585.91
202512,A16163,saving,40136.71
202512,A16164,investment,704373.9
202512,A16165,chequing,6240.51
202512,A16166,investment,738373.76
202512,A16167,investment,312255.4
202512,A16168,investment,733806.51
202512,A16169,card,-4311.18
202512,A16170,investment,770105.34
202512,A16171,investment,505195.28
202512,A16172,mortgage,0
202512,A16173,investment,89681.9
202512,A16174,investment,331673.73
202512,A16175,investment,582632.01
202512,A16176,chequing,0
202512,A16177,mortgage,470010.13
202512,A16178,chequing,7650.49
202512,A16179,investment,786785.41
202512,A16180,investment,889418.85
202512,A16181,saving,1906.73
202512,A16182,saving,11396.4
202512,A16183,chequing,13177.02
202512,A16184,lending,0
202512,A16185,investment,769728.52
202512,A16186,mortgage,368234.91
202512,A16187,mortgage,341159.59
202512,A16188,investment,73228.12
202512,A16189,saving,14503.96
202512,A16190,card,-324.73
202512,A16191,investment,366697.86
202512,A16192,mortgage,172243.73
202512,A16193,investment,420887.82
202512,A16194,saving,11450.55
202512,A16195,investment,481663.83
202512,A16196,mortgage,116570.43
202512,A16197,card,-289.15
202512,A16198,investment,733321.32
202512,A16199,chequing,4811.22
202512,A16200,investment,610814.43
202512,A16201,lending,23174.56
202512,A16202,mortgage,182176.46
202512,A16203,saving,0
202512,A16204,saving,39506.78
202512,A16205,investment,500159.43
202512,A16206,saving,10991.52
202512,A16207,mortgage,435619.59
202512,A16208,investment,21014.3
202512,A16209,card,-262.95
202512,A16210,chequing,0
202512,A16211,chequing,3927.99
202512,A16212,investment,0
202512,A16213,mortgage,177792.53
202512,A16214,investment,841513.36
202512,A16215,investment,481033.87
202512,A16216,investment,701204.81
202512,A16217,chequing,18405.48
202512,A16218,chequing,12341.27
202512,A16219,mortgage,150356.73
202512,A16220,lending,36539.9
202512,A16221,investment,142772.1
202512,A16222,card,-1562.76
202512,A16223,chequing,15577.04
202512,A16224,card,-3126.87
202512,A16225,investment,952558.26
202512,A16226,investment,316116.78
202512,A16227,saving,17854
202512,A16228,investment,301780.6
202512,A16229,chequing,8787.61
202512,A16230,saving,10266.53
202512,A16231,investment,82277.27
202512,A16232,card,-1972.77
202512,A16233,investment,589508.58
202512,A16234,lending,42328.49
202512,A16235,investment,696748.85
202512,A16236,investment,267922.7
202512,A16237,investment,17085.68
202512,A16238,investment,0
202512,A16239,investment,706486.31
202512,A16240,card,-4537.89
202512,A16241,investment,396572.73
202512,A16242,saving,1672.79
202512,A16243,lending,11119.03
202512,A16244,mortgage,279543.47
202512,A16245,saving,48275.06
202512,A16246,card,-2464.19
202512,A16247,lending,37656.89
202512,A16248,saving,9688.06
202512,A16249,chequing,12556.53
202512,A16250,lending,44499.74
202512,A16251,lending,45797.01
202512,A16252,investment,839759.85
202512,A16253,chequing,6333.2
202512,A16254,investment,174736.2
202512,A16255,card,-3097.36
202512,A16256,investment,421835.02
202512,A16257,saving,13344.27
202512,A16258,saving,0
202512,A16259,investment,257742.29
202512,A16260,saving,4018.97
202512,A16261,saving,5494.6
202512,A16262,investment,238860.14
202512,A16263,investment,404168.75
202512,A16264,investment,519693.45
202512,A16265,saving,42142.99
202512,A16266,card,-2707.03
202512,A16267,chequing,7988.69
202512,A16268,card,-3890
202512,A16269,card,-2654.91
202512,A16270,mortgage,471096.22
202512,A16271,investment,321959.47
202512,A16272,mortgage,398914.79
202512,A16273,lending,34171.12
202512,A16274,mortgage,303544.29
202512,A16275,investment,455990.27
202512,A16276,saving,1935.91
202512,A16277,mortgage,0
202512,A16278,lending,12718.81
202512,A16279,card,-233.04
202512,A16280,investment,328168.64
202512,A16281,saving,19150.22
202512,A16282,investment,152221.13
202512,A16283,chequing,5791.73
202512,A16284,investment,884180.55
202512,A16285,mortgage,479215.75
202512,A16286,mortgage,499795.02
202512,A16287,investment,97222.68
202512,A16288,investment,90178.66
202512,A16289,investment,236305.13
202512,A16290,chequing,9166.81
202512,A16291,investment,0
202512,A16292,card,0
202512,A16293,investment,960082.97
202512,A16294,saving,685.76
202512,A16295,chequing,17978.29
202512,A16296,chequing,775.39
202512,A16297,investment,170261.03
202512,A16298,card,-2056.73
202512,A16299,investment,918008.62
202512,A16300,investment,822627.33
202512,A16301,card,-1090.04
202512,A16302,mortgage,206466.72
202512,A16303,saving,6267.6
202512,A16304,lending,33765.18
202512,A16305,investment,77238.17
202512,A16306,investment,622050.64
202512,A16307,chequing,2128.95
202512,A16308,investment,983873.72
202512,A16309,investment,867280.02
202512,A16310,investment,394239.22
202512,A16311,saving,0
202512,A16312,card,-3418.86
202512,A16313,lending,43174.64
202512,A16314,chequing,9854.69
202512,A16315,saving,23529.87
202512,A16316,card,-4468.55
202512,A16317,investment,304876.18
202512,A16318,chequing,18724.84
202512,A16319,chequing,4264.53
202512,A16320,lending,24714.64
202512,A16321,investment,655918.09
202512,A16322,lending,0
202512,A16323,investment,26471.75
202512,A16324,investment,806940.47
202512,A16325,mortgage,183308.13
202512,A16326,chequing,9261.98
202512,A16327,chequing,10587.77
202512,A16328,mortgage,54732.16
202512,A16329,investment,815997.98
202512,A16330,saving,14558.88
202512,A16331,investment,581268.07
202512,A16332,investment,762476.56
202512,A16333,saving,2887.34
202512,A16334,mortgage,321628.9
202512,A16335,investment,775340.54
202512,A16336,mortgage,280634.44
202512,A16337,mortgage,73349.75
202512,A16338,chequing,6023.47
202512,A16339,investment,881096.38
202512,A16340,chequing,4320.13
202512,A16341,investment,549578.85
202512,A16342,investment,0
202512,A16343,chequing,19221.81
202512,A16344,mortgage,0
202512,A16345,chequing,17302.29
202512,A16346,chequing,410.83
202512,A16347,chequing,6152.09
202512,A16348,investment,96499.26
202512,A16349,mortgage,103339.8
202512,A16350,investment,625182.01
202512,A16351,mortgage,50305.02
202512,A16352,chequing,12280.7
202512,A16353,mortgage,464927.72
202512,A16354,investment,249431.9
202512,A16355,mortgage,274331.29
202512,A16356,chequing,0
202512,A16357,card,-3230.48
202512,A16358,investment,0
202512,A16359,card,-1930.83
202512,A16360,investment,49099.43
202512,A16361,card,-316.3
202512,A16362,investment,794578.8
202512,A16363,chequing,2384.59
202512,A16364,chequing,7368.88
202512,A16365,chequing,8080.38
202512,A16366,investment,375017.34
202512,A16367,mortgage,487110.14
202512,A16368,chequing,8807.86
202512,A16369,investment,279944.39
202512,A16370,chequing,1963.75
202512,A16371,investment,78412.05
202512,A16372,chequing,1914.12
202512,A16373,lending,0
202512,A16374,investment,338540.75
202512,A16375,mortgage,0
202512,A16376,chequing,8879.91
202512,A16377,saving,15985.97
202512,A16378,chequing,14166.07
202512,A16379,saving,0
202512,A16380,investment,15790.85
202512,A16381,investment,53926.92
202512,A16382,card,-3042.16
202512,A16383,mortgage,433012.18
202512,A16384,saving,7807.09
202512,A16385,card,-3415.34
202512,A16386,chequing,16956.97
202512,A16387,investment,712264.26
202512,A16388,investment,925234.68
202512,A16389,investment,629473.87
202512,A16390,saving,8305.77
202512,A16391,card,-4306.79
202512,A16392,saving,4858.28
202512,A16393,investment,645900.82
202512,A16394,investment,108537.25
202512,A16395,chequing,0
202512,A16396,chequing,11746.22
202512,A16397,saving,8991.61
202512,A16398,investment,0
202512,A16399,card,-1180.69
202512,A16400,investment,312943.92
202512,A16401,investment,122288.82
202512,A16402,lending,44724.53
202512,A16403,investment,703992.81
202512,A16404,saving,7272.41
202512,A16405,lending,46970.19
202512,A16406,mortgage,0
202512,A16407,investment,505084.85
202512,A16408,investment,639171.61
202512,A16409,chequing,4096.25
202512,A16410,chequing,9103.27
202512,A16411,chequing,2702.32
202512,A16412,card,-2926.33
202512,A16413,investment,482203.78
202512,A16414,chequing,6014.79
202512,A16415,chequing,19784.82
202512,A16416,saving,12454.65
202512,A16417,investment,422991.91
202512,A16418,investment,724451.96
202512,A16419,investment,16034.45
202512,A16420,mortgage,130269.42
202512,A16421,chequing,9332.33
202512,A16422,chequing,5323.82
202512,A16423,investment,0
202512,A16424,lending,32310.61
202512,A16425,investment,223806.98
202512,A16426,chequing,5692.44
202512,A16427,lending,44854.63
202512,A16428,saving,0
202512,A16429,mortgage,141381.61
202512,A16430,investment,0
202512,A16431,investment,656485.18
202512,A16432,saving,6632.92
202512,A16433,investment,279561.19
202512,A16434,mortgage,267186.4
202512,A16435,investment,983384.12
202512,A16436,lending,18536.58
202512,A16437,saving,10819.4
202512,A16438,card,-1372.11
202512,A16439,investment,34524.46
202512,A16440,investment,454387.05
202512,A16441,investment,87106.93
202512,A16442,lending,10951.96
202512,A16443,investment,525224.25
202512,A16444,investment,584092.71
202512,A16445,saving,4838.58
202512,A16446,saving,12063.84
202512,A16447,card,-532.32
202512,A16448,chequing,8171.55
202512,A16449,investment,213125.54
202512,A16450,chequing,14062.51
202512,A16451,lending,3824.36
202512,A16452,investment,547169.77
202512,A16453,investment,93927.3
202512,A16454,saving,0
202512,A16455,mortgage,0
202512,A16456,investment,32152.18
202512,A16457,investment,322638.25
202512,A16458,chequing,9618.74
202512,A16459,investment,796759.51
202512,A16460,chequing,0
202512,A16461,mortgage,51447.97
202512,A16462,investment,33656.86
202512,A16463,investment,29956.24
202512,A16464,chequing,0
202512,A16465,investment,620617.91
202512,A16466,saving,0
202512,A16467,lending,35133.3
202512,A16468,investment,516676.08
202512,A16469,chequing,0
202512,A16470,chequing,0
202512,A16471,investment,45872.53
202512,A16472,mortgage,173273.69
202512,A16473,card,-4659.62
202512,A16474,investment,150655.31
202512,A16475,mortgage,289829.1
202512,A16476,card,-424.35
202512,A16477,investment,770598.88
202512,A16478,lending,29352.19
202512,A16479,mortgage,383846.54
202512,A16480,investment,602498.27
202512,A16481,mortgage,88058.33
202512,A16482,investment,710583.25
202512,A16483,chequing,11170.42
202512,A16484,chequing,9745.07
202512,A16485,chequing,5210.76
202512,A16486,investment,959282.46
202512,A16487,mortgage,309587.78
202512,A16488,saving,1958.23
202512,A16489,chequing,16031.95
202512,A16490,chequing,0
202512,A16491,investment,67584.84
202512,A16492,investment,9192.45
202512,A16493,investment,388786.34
202512,A16494,chequing,8986.53
202512,A16495,investment,383254.55
202512,A16496,saving,15255.63
202512,A16497,saving,23987.97
202512,A16498,chequing,14775.15
202512,A16499,investment,950131.39
202512,A16500,lending,12766.12
202512,A16501,mortgage,0
202512,A16502,saving,6273.49
202512,A16503,investment,519168.33
202512,A16504,lending,20711.4
202512,A16505,saving,25354.86
202512,A16506,investment,95849.6
202512,A16507,investment,15787.85
202512,A16508,investment,0
202512,A16509,investment,68532.36
202512,A16510,lending,0
202512,A16511,investment,0
202512,A16512,lending,13861.4
202512,A16513,mortgage,421288.75
202512,A16514,investment,51210.42
202512,A16515,card,-4946.28
202512,A16516,investment,907694.05
202512,A16517,investment,283093.98
202512,A16518,investment,655278.21
202512,A16519,investment,98688.29
202512,A16520,investment,0
202512,A16521,investment,452828.76
202512,A16522,mortgage,423270.1
202512,A16523,saving,13473.35
202512,A16524,saving,3123.99
202512,A16525,investment,60354.55
202512,A16526,investment,312019.03
202512,A16527,investment,136371.8
202512,A16528,chequing,7989.46
202512,A16529,investment,570425.07
202512,A16530,saving,49805.45
202512,A16531,investment,64116.07
202512,A16532,card,-2561.87
202512,A16533,investment,421699.77
202512,A16534,chequing,2195.45
202512,A16535,investment,517045.71
202512,A16536,investment,256504.75
202512,A16537,mortgage,0
202512,A16538,lending,9242.19
202512,A16539,chequing,6249.96
202512,A16540,mortgage,403481.94
202512,A16541,saving,15040.88
202512,A16542,card,0
202512,A16543,investment,605044.79
202512,A16544,saving,1271.54
202512,A16545,saving,34943.41
202512,A16546,chequing,9899.4
202512,A16547,investment,707636.65
202512,A16548,card,-877.61
202512,A16549,chequing,5435.07
202512,A16550,saving,0
202512,A16551,chequing,17212.66
202512,A16552,card,-993.22
202512,A16553,chequing,5738.49
202512,A16554,investment,94904.43
202512,A16555,saving,3226.53
202512,A16556,card,-3053.54
202512,A16557,chequing,7786.05
202512,A16558,saving,1567.49
202512,A16559,lending,19308.34
202512,A16560,lending,46012.51
202512,A16561,chequing,3846.99
202512,A16562,lending,0
202512,A16563,investment,85207.86
202512,A16564,saving,18463.63
202512,A16565,investment,471914.34
202512,A16566,card,0
202512,A16567,card,-1121.41
202512,A16568,mortgage,70303.86
202512,A16569,card,-1030.75
202512,A16570,investment,18316.76
202512,A16571,mortgage,95975.72
202512,A16572,chequing,0
202512,A16573,saving,0
202512,A16574,investment,955147.69
202512,A16575,investment,512448.52
202512,A16576,investment,766228.12
202512,A16577,saving,5664.68
202512,A16578,chequing,3276.6
202512,A16579,investment,905283.78
202512,A16580,lending,43965.75
202512,A16581,mortgage,239314.45
202512,A16582,investment,577621.68
202512,A16583,chequing,9387
202512,A16584,chequing,8931.82
202512,A16585,investment,479416.49
202512,A16586,saving,4832.37
202512,A16587,mortgage,155168.77
202512,A16588,chequing,5401.13
202512,A16589,investment,893444.72
202512,A16590,investment,86326.02
202512,A16591,investment,29211.05
202512,A16592,lending,25411.35
202512,A16593,chequing,5327.15
202512,A16594,investment,441332.76
202512,A16595,mortgage,283344.26
202512,A16596,chequing,17020.68
202512,A16597,investment,582057.3
202512,A16598,investment,480384.58
202512,A16599,investment,51534.12
202512,A16600,card,-1615.93
202512,A16601,investment,621129.86
202512,A16602,investment,514629.51
202512,A16603,investment,710434.06
202512,A16604,lending,0
202512,A16605,investment,908737.4
202512,A16606,investment,997952.16
202512,A16607,investment,887789.29
202512,A16608,chequing,7187.64
202512,A16609,saving,1855.34
202512,A16610,card,-594.59
202512,A16611,chequing,8045.15
202512,A16612,lending,36718.89
202512,A16613,saving,18469.42
202512,A16614,investment,52891.93
202512,A16615,lending,32316.44
202512,A16616,chequing,0
202512,A16617,chequing,7122.67
202512,A16618,card,-580.15
202512,A16619,investment,981731.31
202512,A16620,mortgage,212340.97
202512,A16621,investment,816200.41
202512,A16622,card,-4142.54
202512,A16623,investment,69773.93
202512,A16624,card,-1365.94
202512,A16625,investment,0
202512,A16626,card,-2864.39
202512,A16627,investment,0
202512,A16628,card,-4377.28
202512,A16629,investment,61595.63
202512,A16630,chequing,8639.77
202512,A16631,lending,34860.66
202512,A16632,chequing,11280.26
202512,A16633,chequing,10154.75
202512,A16634,investment,0
202512,A16635,chequing,6450.42
202512,A16636,chequing,8466.89
202512,A16637,mortgage,0
202512,A16638,investment,826183.77
202512,A16639,investment,583691.15
202512,A16640,saving,0
202512,A16641,mortgage,339852.76
202512,A16642,investment,431450.85
202512,A16643,investment,675203.44
202512,A16644,investment,92013.5
202512,A16645,chequing,8119.14
202512,A16646,chequing,8857.98
202512,A16647,saving,9288.33
202512,A16648,saving,14592.28
202512,A16649,chequing,0
202512,A16650,lending,0
202512,A16651,investment,578125.96
202512,A16652,lending,10430.38
202512,A16653,investment,175475.91
202512,A16654,investment,0
202512,A16655,lending,36449.86
202512,A16656,chequing,13020.34
202512,A16657,lending,41911.91
202512,A16658,investment,975344.01
202512,A16659,saving,1339.42
202512,A16660,investment,564475.15
202512,A16661,lending,41739.86
202512,A16662,chequing,4144.83
202512,A16663,investment,13808.72
202512,A16664,saving,12747.7
202512,A16665,saving,38426.82
202512,A16666,chequing,13977.02
202512,A16667,chequing,0
202512,A16668,investment,565637.33
202512,A16669,investment,0
202512,A16670,saving,6752.09
202512,A16671,saving,0
202512,A16672,lending,15947.67
202512,A16673,investment,28150.96
202512,A16674,chequing,11643.37
202512,A16675,investment,7534.12
202512,A16676,saving,37431.03
202512,A16677,investment,8763.48
202512,A16678,investment,310912.56
202512,A16679,investment,961407.53
202512,A16680,saving,0
202512,A16681,saving,16951.2
202512,A16682,investment,824118.14
202512,A16683,saving,12683.92
202512,A16684,investment,283289.9
202512,A16685,lending,2331.77
202512,A16686,chequing,1049.63
202512,A16687,investment,461196.41
202512,A16688,investment,667395.77
202512,A16689,lending,31494.11
202512,A16690,investment,324190.03
202512,A16691,chequing,5490.5
202512,A16692,investment,717492.19
202512,A16693,saving,0
202512,A16694,lending,40813.37
202512,A16695,chequing,13126.15
202512,A16696,card,-981.1
202512,A16697,investment,329751.35
202512,A16698,card,-2787.95
202512,A16699,chequing,2278.44
202512,A16700,card,-527.77
202512,A16701,saving,0
202512,A16702,card,-805.88
202512,A16703,investment,46553.68
202512,A16704,investment,616504.59
202512,A16705,lending,33797.22
202512,A16706,saving,15493.72
202512,A16707,investment,100400.17
202512,A16708,investment,94668.77
202512,A16709,card,-373.71
202512,A16710,card,0
202512,A16711,card,0
202512,A16712,lending,42621.18
202512,A16713,chequing,5064.74
202512,A16714,investment,814135.02
202512,A16715,investment,550992.95
202512,A16716,investment,893971.57
202512,A16717,chequing,0
202512,A16718,chequing,9054.74
202512,A16719,investment,524900.68
202512,A16720,card,-2439.61
202512,A16721,mortgage,114624.61
202512,A16722,chequing,3745.9
202512,A16723,saving,33518.06
202512,A16724,investment,476572.7
202512,A16725,card,-1742.09
202512,A16726,card,-1948.77
202512,A16727,investment,300210.97
202512,A16728,investment,368467.95
202512,A16729,investment,710441.54
202512,A16730,chequing,1894.69
202512,A16731,lending,23030.94
202512,A16732,card,-2716.8
202512,A16733,mortgage,215535.26
202512,A16734,chequing,6416.97
202512,A16735,investment,134869.14
202512,A16736,chequing,19051.76
202512,A16737,chequing,930.83
202512,A16738,investment,7495.85
202512,A16739,investment,500210.71
202512,A16740,mortgage,404502.1
202512,A16741,investment,324467.58
202512,A16742,investment,790684.63
202512,A16743,chequing,10299.38
202512,A16744,mortgage,479286.49
202512,A16745,investment,547637.08
202512,A16746,investment,386642.73
202512,A16747,chequing,18521.82
202512,A16748,card,0
202512,A16749,investment,857339.43
202512,A16750,investment,244316.91
202512,A16751,investment,578919.9
202512,A16752,investment,698789.25
202512,A16753,investment,594687.73
202512,A16754,investment,354562.72
202512,A16755,lending,0
202512,A16756,investment,969097.59
202512,A16757,investment,3881.48
202512,A16758,mortgage,352362.84
202512,A16759,saving,28067.78
202512,A16760,investment,20261.54
202512,A16761,investment,795444.57
202512,A16762,saving,9376.46
202512,A16763,investment,432109
202512,A16764,investment,317218.53
202512,A16765,card,-4208.49
202512,A16766,investment,607950.6
202512,A16767,investment,620274.03
202512,A16768,chequing,442.4
202512,A16769,investment,393813.99
202512,A16770,card,-3227.38
202512,A16771,investment,558165.93
202512,A16772,saving,17525.89
202512,A16773,saving,15778.11
202512,A16774,investment,694462.04
202512,A16775,investment,402443.48
202512,A16776,investment,234452.49
202512,A16777,card,0
202512,A16778,investment,217511.3
202512,A16779,mortgage,463722.74
202512,A16780,chequing,2156.4
202512,A16781,lending,13016.55
202512,A16782,saving,2421.57
202512,A16783,investment,0
202512,A16784,mortgage,399899.35
202512,A16785,investment,21886.65
202512,A16786,investment,772742.46
202512,A16787,investment,23593.35
202512,A16788,investment,0
202512,A16789,lending,5008.34
202512,A16790,chequing,5993.65
202512,A16791,investment,0
202512,A16792,investment,235946.08
202512,A16793,investment,5236.75
202512,A16794,mortgage,386042.33
202512,A16795,investment,621917.88
202512,A16796,chequing,6691.35
202512,A16797,chequing,11992.24
202512,A16798,investment,0
202512,A16799,investment,588276.97
202512,A16800,chequing,11992.57
202512,A16801,mortgage,478364.14
202512,A16802,investment,371516.27
202512,A16803,investment,807736.79
202512,A16804,chequing,8030.07
202512,A16805,saving,6912.36
202512,A16806,investment,0
202512,A16807,chequing,713.62
202512,A16808,investment,750986.35
202512,A16809,investment,17906
202512,A16810,chequing,12187.7
202512,A16811,saving,0
202512,A16812,saving,6418.03
202512,A16813,lending,6954.66
202512,A16814,mortgage,165236.82
202512,A16815,investment,548658.96
202512,A16816,chequing,10504.89
202512,A16817,saving,20985.95
202512,A16818,chequing,7211.17
202512,A16819,investment,875296.89
202512,A16820,lending,13654.49
202512,A16821,chequing,909.16
202512,A16822,investment,336940.46
202512,A16823,chequing,0
202512,A16824,mortgage,149688.02
202512,A16825,chequing,5055.52
202512,A16826,investment,255745.85
202512,A16827,investment,314731.39
202512,A16828,mortgage,377619.04
202512,A16829,investment,633723.9
202512,A16830,investment,355578.78
202512,A16831,investment,547263.51
202512,A16832,mortgage,442411.61
202512,A16833,investment,0
202512,A16834,chequing,10590.69
202512,A16835,investment,948492.27
202512,A16836,investment,499333.98
202512,A16837,chequing,0
202512,A16838,investment,0
202512,A16839,investment,789563.35
202512,A16840,card,-1239.15
202512,A16841,investment,190137.34
202512,A16842,saving,16507.01
202512,A16843,investment,964009.88
202512,A16844,investment,845847.31
202512,A16845,mortgage,127581.92
202512,A16846,chequing,9541.91
202512,A16847,investment,855690.31
202512,A16848,investment,829378.49
202512,A16849,investment,104180.94
202512,A16850,chequing,19505.21
202512,A16851,lending,23434.28
202512,A16852,mortgage,336219.33
202512,A16853,card,-4919.27
202512,A16854,investment,7073.82
202512,A16855,saving,5877.41
202512,A16856,lending,14482.01
202512,A16857,lending,27939.68
202512,A16858,chequing,6643.59
202512,A16859,saving,11893.52
202512,A16860,investment,436437.04
202512,A16861,saving,2794.56
202512,A16862,saving,18734.24
202512,A16863,investment,574679.42
202512,A16864,saving,15524.62
202512,A16865,lending,28474.45
202512,A16866,investment,29249.91
202512,A16867,mortgage,309603.33
202512,A16868,investment,68658.51
202512,A16869,mortgage,343331.68
202512,A16870,lending,23777.09
202512,A16871,saving,30544.46
202512,A16872,chequing,5178.4
202512,A16873,chequing,6015.68
202512,A16874,mortgage,470949.96
202512,A16875,saving,13284.48
202512,A16876,saving,6992.79
202512,A16877,investment,0
202512,A16878,saving,39480.87
202512,A16879,saving,21494.25
202512,A16880,mortgage,0
202512,A16881,investment,958038.17
202512,A16882,mortgage,341268.74
202512,A16883,card,-2213.52
202512,A16884,chequing,11255.8
202512,A16885,investment,164928.14
202512,A16886,card,-4547.29
202512,A16887,lending,11285.16
202512,A16888,chequing,3272.07
202512,A16889,card,-111.98
202512,A16890,saving,1879.28
202512,A16891,investment,934498.95
202512,A16892,saving,19745.09
202512,A16893,lending,0
202512,A16894,investment,405552.26
202512,A16895,investment,422283.94
202512,A16896,chequing,18845.53
202512,A16897,lending,22383.65
202512,A16898,saving,15558.82
202512,A16899,investment,10505.32
202512,A16900,saving,18328.67
202512,A16901,saving,0
202512,A16902,saving,14926.93
202512,A16903,lending,19584.54
202512,A16904,mortgage,0
202512,A16905,lending,10368.1
202512,A16906,saving,5579.13
202512,A16907,investment,312902.39
202512,A16908,saving,37836.23
202512,A16909,saving,45410.93
202512,A16910,investment,412704.9
202512,A16911,investment,303981.88
202512,A16912,saving,15505.17
202512,A16913,investment,0
202512,A16914,investment,578721.06
202512,A16915,investment,158909.1
202512,A16916,saving,11345.06
202512,A16917,saving,19316.33
202512,A16918,investment,288989.03
202512,A16919,investment,66638.58
202512,A16920,investment,5517.28
202512,A16921,chequing,13418.2
202512,A16922,chequing,12683.59
202512,A16923,chequing,7896.92
202512,A16924,chequing,6075.82
202512,A16925,investment,90039.9
202512,A16926,investment,302939.15
202512,A16927,lending,27841.92
202512,A16928,chequing,6837.35
202512,A16929,investment,21150.26
202512,A16930,saving,0
202512,A16931,investment,583692.66
202512,A16932,investment,850656.01
202512,A16933,investment,580539.43
202512,A16934,investment,0
202512,A16935,mortgage,457382.77
202512,A16936,saving,38783.33
202512,A16937,saving,16168.09
202512,A16938,saving,42848.85
202512,A16939,investment,161382.26
202512,A16940,chequing,7709.52
202512,A16941,investment,53392.11
202512,A16942,mortgage,452699.13
202512,A16943,chequing,6007.29
202512,A16944,saving,0
202512,A16945,saving,3456.82
202512,A16946,chequing,3956.37
202512,A16947,chequing,0
202512,A16948,chequing,8718.69
202512,A16949,saving,15176.39
202512,A16950,card,-4422.73
202512,A16951,investment,451544.72
202512,A16952,chequing,18189.45
202512,A16953,investment,669943.23
202512,A16954,chequing,9764.43
202512,A16955,lending,39807.32
202512,A16956,card,-3811.13
202512,A16957,chequing,11669.55
202512,A16958,mortgage,437560.42
202512,A16959,investment,132789.44
202512,A16960,saving,0
202512,A16961,investment,758718.88
202512,A16962,mortgage,65098.44
202512,A16963,investment,320589.51
202512,A16964,lending,14016.05
202512,A16965,mortgage,270484.39
202512,A16966,investment,322475.42
202512,A16967,investment,560299.07
202512,A16968,investment,219305.11
202512,A16969,chequing,12270.47
202512,A16970,lending,40872.43
202512,A16971,saving,45438.84
202512,A16972,saving,6812.14
202512,A16973,investment,455117.77
202512,A16974,saving,3341.36
202512,A16975,investment,0
202512,A16976,mortgage,249186.91
202512,A16977,investment,252129.53
202512,A16978,investment,349789.88
202512,A16979,saving,6004.99
202512,A16980,investment,906677.75
202512,A16981,chequing,18902.72
202512,A16982,card,0
202512,A16983,investment,3403.22
202512,A16984,investment,773425.6
202512,A16985,investment,898045.75
202512,A16986,investment,896351.55
202512,A16987,investment,597816.58
202512,A16988,investment,530324.82
202512,A16989,mortgage,80983.1
202512,A16990,investment,886136.68
202512,A16991,chequing,18309.37
202512,A16992,chequing,11912.91
202512,A16993,saving,18780.38
202512,A16994,saving,13985.31
202512,A16995,lending,0
202512,A16996,saving,14398.86
202512,A16997,lending,17841.77
202512,A16998,mortgage,352121.06
202512,A16999,investment,528217.33
202512,A17000,investment,0
202512,A17001,chequing,0
202512,A17002,saving,0
202512,A17003,chequing,3980.02
202512,A17004,investment,90565.33
202512,A17005,investment,87090.95
202512,A17006,chequing,9572.07
202512,A17007,investment,47822.72
202512,A17008,lending,43249.58
202512,A17009,saving,19170.02
202512,A17010,investment,728924.35
202512,A17011,saving,8516.61
202512,A17012,investment,221044.83
202512,A17013,card,-2038.01
202512,A17014,saving,13363.78
202512,A17015,investment,504738.98
202512,A17016,chequing,17601.34
202512,A17017,chequing,15012.73
202512,A17018,chequing,9501.81
202512,A17019,chequing,7210.79
202512,A17020,investment,443559.23
202512,A17021,saving,8831.77
202512,A17022,chequing,2232.99
202512,A17023,saving,6200.69
202512,A17024,chequing,7615.64
202512,A17025,chequing,14275.15
202512,A17026,card,-185.1
202512,A17027,investment,66707.65
202512,A17028,chequing,12491.62
202512,A17029,chequing,7285.36
202512,A17030,card,0
202512,A17031,investment,0
202512,A17032,investment,26547.19
202512,A17033,investment,506320.09
202512,A17034,investment,283963.41
202512,A17035,lending,44668.9
202512,A17036,chequing,8947.78
202512,A17037,chequing,15077.9
202512,A17038,investment,338364.03
202512,A17039,investment,801403.87
202512,A17040,investment,57385.88
202512,A17041,investment,554704.27
202512,A17042,chequing,0
202512,A17043,investment,994575.71
202512,A17044,mortgage,133054.42
202512,A17045,investment,79824.71
202512,A17046,investment,691319.96
202512,A17047,saving,49396.77
202512,A17048,saving,22636.37
202512,A17049,chequing,783.12
202512,A17050,card,-1137.21
202512,A17051,chequing,11950.4
202512,A17052,investment,331551.11
202512,A17053,investment,330118.32
202512,A17054,investment,585616.83
202512,A17055,investment,54176.05
202512,A17056,chequing,9335.13
202512,A17057,investment,97772.11
202512,A17058,chequing,743.15
202512,A17059,saving,8540.25
202512,A17060,lending,0
202512,A17061,investment,132546.71
202512,A17062,saving,37792.25
202512,A17063,investment,413101.55
202512,A17064,investment,683492.54
202512,A17065,mortgage,463059.17
202512,A17066,card,-1126.32
202512,A17067,investment,843419.54
202512,A17068,saving,11928.8
202512,A17069,investment,864715.2
202512,A17070,investment,926051.93
202512,A17071,investment,363833.41
202512,A17072,investment,358451.28
202512,A17073,chequing,11967.1
202512,A17074,investment,690258.06
202512,A17075,investment,975281.53
202512,A17076,saving,0
202512,A17077,investment,635436.29
202512,A17078,chequing,5942.64
202512,A17079,saving,24330.78
202512,A17080,saving,7261.73
202512,A17081,lending,12255.87
202512,A17082,lending,21650.85
202512,A17083,investment,417009.85
202512,A17084,chequing,10081.36
202512,A17085,chequing,0
202512,A17086,chequing,19863.18
202512,A17087,card,-4124.84
202512,A17088,chequing,1679.3
202512,A17089,investment,822744.09
202512,A17090,investment,64682.93
202512,A17091,mortgage,280095.09
202512,A17092,investment,29502.19
202512,A17093,investment,362005.88
202512,A17094,lending,6256.55
202512,A17095,chequing,13719.74
202512,A17096,investment,804075.89
202512,A17097,investment,32322.18
202512,A17098,investment,26556.65
202512,A17099,investment,433883.45
202512,A17100,lending,41529.94
202512,A17101,card,-2008.79
202512,A17102,mortgage,467985.45
202512,A17103,investment,788805.3
202512,A17104,investment,387930.79
202512,A17105,lending,0
202512,A17106,investment,217066.14
202512,A17107,lending,0
202512,A17108,investment,11312.49
202512,A17109,investment,102793.27
202512,A17110,lending,31362.41
202512,A17111,investment,0
202512,A17112,investment,94966.26
202512,A17113,investment,66666.27
202512,A17114,investment,898948.56
202512,A17115,chequing,19205.37
202512,A17116,mortgage,0
202512,A17117,chequing,2268.46
202512,A17118,mortgage,203457.63
202512,A17119,investment,756014.6
202512,A17120,mortgage,0
202512,A17121,lending,49185.19
202512,A17122,saving,41355.79
202512,A17123,investment,103906.46
202512,A17124,investment,71667.07
202512,A17125,saving,6312.04
202512,A17126,investment,158550.58
202512,A17127,card,-2564.3
202512,A17128,investment,944370.21
202512,A17129,investment,812773.36
202512,A17130,card,-2785.87
202512,A17131,investment,332483.13
202512,A17132,investment,0
202512,A17133,lending,35046.01
202512,A17134,mortgage,338091.3
202512,A17135,saving,8246.28
202512,A17136,investment,586456.01
202512,A17137,saving,37062.91
202512,A17138,investment,51139.41
202512,A17139,investment,230225.7
202512,A17140,card,-2647.35
202512,A17141,investment,826263.98
202512,A17142,investment,89758.72
202512,A17143,chequing,4593.79
202512,A17144,chequing,0
202512,A17145,saving,16246.17
202512,A17146,saving,696.82
202512,A17147,saving,13848.48
202512,A17148,investment,575119.97
202512,A17149,chequing,15213.59
202512,A17150,card,-2019.84
202512,A17151,lending,9730.44
202512,A17152,investment,223900.38
202512,A17153,saving,10119.73
202512,A17154,investment,0
202512,A17155,investment,807543.96
202512,A17156,card,-193.74
202512,A17157,investment,787506.54
202512,A17158,investment,163010.5
202512,A17159,chequing,0
202512,A17160,investment,553210.25
202512,A17161,chequing,144.94
202512,A17162,investment,865791.77
202512,A17163,chequing,13566.45
202512,A17164,saving,28873.45
202512,A17165,investment,896338.51
202512,A17166,investment,632168.1
202512,A17167,investment,574995.79
202512,A17168,saving,43238.76
202512,A17169,saving,5355.16
202512,A17170,chequing,9151.04
202512,A17171,investment,451971.92
202512,A17172,investment,67535.48
202512,A17173,chequing,9728.8
202512,A17174,mortgage,148765.9
202512,A17175,investment,23853.86
202512,A17176,investment,25600.95
202512,A17177,saving,6308.95
202512,A17178,investment,740772.21
202512,A17179,card,-2830.04
202512,A17180,investment,121524.02
202512,A17181,lending,10714.37
202512,A17182,investment,521186.25
202512,A17183,investment,64155.99
202512,A17184,investment,692859.83
202512,A17185,chequing,9040.48
202512,A17186,investment,735872.52
202512,A17187,chequing,16314.71
202512,A17188,chequing,6191.21
202512,A17189,chequing,12997.67
202512,A17190,investment,579223.3
202512,A17191,investment,93175.39
202512,A17192,saving,11647.97
202512,A17193,saving,14456.58
202512,A17194,chequing,11223.13
202512,A17195,lending,23585.92
202512,A17196,saving,23562.2
202512,A17197,investment,86582.26
202512,A17198,lending,45965.4
202512,A17199,saving,14284.18
202512,A17200,investment,589454.28
202512,A17201,lending,9236.75
202512,A17202,investment,551701.93
202512,A17203,chequing,7208.34
202512,A17204,chequing,3477.94
202512,A17205,saving,6408.55
202512,A17206,chequing,8313.1
202512,A17207,lending,5781.05
202512,A17208,investment,721037.8
202512,A17209,saving,12940.41
202512,A17210,investment,269337.34
202512,A17211,card,-3487.05
202512,A17212,saving,46655.03
202512,A17213,investment,186278.77
202512,A17214,mortgage,340878.82
202512,A17215,investment,922482.05
202512,A17216,investment,532932.01
202512,A17217,saving,39095.13
202512,A17218,investment,542114
202512,A17219,saving,6555.05
202512,A17220,investment,5580.58
202512,A17221,mortgage,0
202512,A17222,mortgage,343168.04
202512,A17223,investment,907389.23
202512,A17224,saving,12680.14
202512,A17225,chequing,408.29
202512,A17226,chequing,10215.68
202512,A17227,mortgage,0
202512,A17228,investment,568581.01
202512,A17229,saving,6410.61
202512,A17230,investment,505923.25
202512,A17231,investment,295444.06
202512,A17232,lending,33452.3
202512,A17233,investment,586800.22
202512,A17234,investment,863356.27
202512,A17235,investment,331103.1
202512,A17236,chequing,5170.29
202512,A17237,investment,527588.08
202512,A17238,chequing,1310.83
202512,A17239,card,-849.75
202512,A17240,card,-2183.07
202512,A17241,lending,6224.97
202512,A17242,investment,328006.75
202512,A17243,lending,18203.4
202512,A17244,card,-6.8
202512,A17245,investment,617171.63
202512,A17246,investment,135745.99
202512,A17247,mortgage,110542.97
202512,A17248,card,-4400.26
202512,A17249,saving,15859.99
202512,A17250,investment,733024.72
202512,A17251,investment,478283.97
202512,A17252,investment,96669.23
202512,A17253,saving,23618.91
202512,A17254,chequing,10439.98
202512,A17255,investment,416375
202512,A17256,lending,2054.88
202512,A17257,chequing,7776.18
202512,A17258,investment,1699.83
202512,A17259,saving,0
202512,A17260,card,-299.03
202512,A17261,mortgage,467869.08
202512,A17262,saving,1302.55
202512,A17263,card,-54.38
202512,A17264,investment,657031.27
202512,A17265,investment,550281.4
202512,A17266,mortgage,193626.7
202512,A17267,card,-2764.65
202512,A17268,chequing,16007.45
202512,A17269,lending,33054.41
202512,A17270,investment,683868.66
202512,A17271,card,-4486.11
202512,A17272,investment,0
202512,A17273,investment,243915.46
202512,A17274,chequing,8481.72
202512,A17275,saving,6809.97
202512,A17276,investment,367852.37
202512,A17277,investment,884624.94
202512,A17278,lending,27316.95
202512,A17279,saving,28239.05
202512,A17280,investment,78172.37
202512,A17281,mortgage,419204.1
202512,A17282,investment,52946.75
202512,A17283,investment,548602.98
202512,A17284,investment,969730.01
202512,A17285,investment,73706.82
202512,A17286,lending,3092.53
202512,A17287,chequing,5460.21
202512,A17288,investment,370486.54
202512,A17289,saving,1601
202512,A17290,investment,30590.69
202512,A17291,investment,706466.34
202512,A17292,mortgage,113799.31
202512,A17293,chequing,7416.35
202512,A17294,investment,242479.7
202512,A17295,investment,44235.02
202512,A17296,saving,13502.27
202512,A17297,card,-1301.1
202512,A17298,saving,29170.79
202512,A17299,chequing,15049.31
202512,A17300,chequing,10592.5
202512,A17301,investment,0
202512,A17302,chequing,9986.41
202512,A17303,saving,25675.09
202512,A17304,investment,776453.93
202512,A17305,lending,2902.89
202512,A17306,lending,33848.65
202512,A17307,investment,0
202512,A17308,investment,548920.65
202512,A17309,mortgage,397119.48
202512,A17310,lending,16353.89
202512,A17311,investment,868347.77
202512,A17312,mortgage,114139.93
202512,A17313,chequing,8054.72
202512,A17314,lending,0
202512,A17315,chequing,8731.53
202512,A17316,mortgage,219550.73
202512,A17317,investment,0
202512,A17318,investment,827891.8
202512,A17319,investment,0
202512,A17320,investment,848651.96
202512,A17321,chequing,14679.6
202512,A17322,investment,56912.23
202512,A17323,chequing,10652.92
202512,A17324,chequing,14842.02
202512,A17325,investment,359067.16
202512,A17326,lending,16979.78
202512,A17327,lending,46630.37
202512,A17328,chequing,19304.24
202512,A17329,investment,426082.5
202512,A17330,investment,0
202512,A17331,chequing,17895.1
202512,A17332,mortgage,204647.99
202512,A17333,card,-2912.08
202512,A17334,lending,4507.24
202512,A17335,investment,823433.74
202512,A17336,investment,450579.32
202512,A17337,investment,9181.82
202512,A17338,card,-970.62
202512,A17339,saving,1309.01
202512,A17340,investment,0
202512,A17341,investment,81456.57
202512,A17342,investment,48188.1
202512,A17343,card,-3522.43
202512,A17344,chequing,1765.24
202512,A17345,investment,740819.84
202512,A17346,chequing,9731.57
202512,A17347,investment,975665.43
202512,A17348,investment,564516.61
202512,A17349,investment,601383.77
202512,A17350,chequing,19370.22
202512,A17351,chequing,5744.79
202512,A17352,investment,565927.11
202512,A17353,chequing,2825.02
202512,A17354,investment,0
202512,A17355,mortgage,374296.13
202512,A17356,chequing,15966.37
202512,A17357,investment,17757.77
202512,A17358,investment,773984.33
202512,A17359,saving,35410.65
202512,A17360,investment,78488.27
202512,A17361,chequing,3990.79
202512,A17362,chequing,877.74
202512,A17363,investment,179456.08
202512,A17364,investment,721148.49
202512,A17365,investment,30328.39
202512,A17366,chequing,0
202512,A17367,investment,340457.46
202512,A17368,chequing,5009.66
202512,A17369,investment,139537.64
202512,A17370,saving,33830.58
202512,A17371,investment,0
202512,A17372,investment,35558.43
202512,A17373,saving,19499.25
202512,A17374,chequing,0
202512,A17375,mortgage,132860.76
202512,A17376,chequing,19612.46
202512,A17377,investment,23539.69
202512,A17378,chequing,0
202512,A17379,investment,21313.13
202512,A17380,investment,113251.39
202512,A17381,lending,42619.22
202512,A17382,investment,248157.75
202512,A17383,chequing,19161.02
202512,A17384,lending,7726.54
202512,A17385,investment,85616.23
202512,A17386,lending,28716.43
202512,A17387,investment,0
202512,A17388,saving,44608.2
202512,A17389,card,-2940.63
202512,A17390,investment,86051.75
202512,A17391,chequing,0
202512,A17392,investment,0
202512,A17393,card,-3446.94
202512,A17394,mortgage,268526.14
202512,A17395,chequing,18021.44
202512,A17396,saving,16182.46
202512,A17397,chequing,6218.77
202512,A17398,investment,496219.99
202512,A17399,investment,557064.56
202512,A17400,mortgage,302577.4
202512,A17401,investment,34911.37
202512,A17402,investment,459338.38
202512,A17403,investment,29251.24
202512,A17404,saving,3768.6
202512,A17405,investment,0
202512,A17406,investment,4600.29
202512,A17407,saving,36342.56
202512,A17408,lending,37261.94
202512,A17409,investment,554274.4
202512,A17410,lending,0
202512,A17411,chequing,13704.31
202512,A17412,investment,432863.13
202512,A17413,investment,846552.97
202512,A17414,chequing,9442.58
202512,A17415,card,-2489.74
202512,A17416,investment,423386.76
202512,A17417,saving,9679.74
202512,A17418,investment,488695.61
202512,A17419,investment,891825.43
202512,A17420,investment,19324.85
202512,A17421,mortgage,274561.72
202512,A17422,investment,295949.04
202512,A17423,investment,760183.95
202512,A17424,investment,0
202512,A17425,saving,4044.87
202512,A17426,lending,37786.79
202512,A17427,saving,5478.44
202512,A17428,investment,651372.94
202512,A17429,card,-2705.73
202512,A17430,investment,322895.68
202512,A17431,investment,111440.05
202512,A17432,investment,928118.07
202512,A17433,saving,12983.73
202512,A17434,investment,259830.67
202512,A17435,investment,0
202512,A17436,card,-1962.4
202512,A17437,investment,718076.16
202512,A17438,investment,168214.79
202512,A17439,mortgage,55932.12
202512,A17440,investment,0
202512,A17441,saving,0
202512,A17442,saving,7056.41
202512,A17443,mortgage,229332.84
202512,A17444,investment,735014.53
202512,A17445,chequing,10664.8
202512,A17446,investment,432269.07
202512,A17447,mortgage,408172.95
202512,A17448,investment,0
202512,A17449,investment,522734.06
202512,A17450,investment,159429.68
202512,A17451,investment,416936.13
202512,A17452,investment,244315.84
202512,A17453,chequing,15264.49
202512,A17454,investment,4825.37
202512,A17455,investment,205595.01
202512,A17456,investment,3386.91
202512,A17457,investment,642173.54
202512,A17458,saving,2123.67
202512,A17459,investment,898100.53
202512,A17460,saving,0
202512,A17461,chequing,9043.42
202512,A17462,card,0
202512,A17463,investment,5437.8
202512,A17464,investment,569067.99
202512,A17465,investment,0
202512,A17466,investment,493292.98
202512,A17467,mortgage,0
202512,A17468,chequing,2848.06
202512,A17469,investment,863085.52
202512,A17470,saving,7151.37
202512,A17471,investment,844323.63
202512,A17472,chequing,0
202512,A17473,saving,9804.6
202512,A17474,saving,22244.29
202512,A17475,investment,78290.98
202512,A17476,saving,1310.82
202512,A17477,investment,155792.65
202512,A17478,chequing,18454.05
202512,A17479,chequing,4565.64
202512,A17480,investment,97380.13
202512,A17481,investment,742809.23
202512,A17482,card,-2216.15
202512,A17483,investment,108158.14
202512,A17484,chequing,7270.28
202512,A17485,saving,18187.42
202512,A17486,lending,9754.88
202512,A17487,mortgage,0
202512,A17488,lending,38580.6
202512,A17489,investment,953077.68
202512,A17490,chequing,2482.97
202512,A17491,saving,0
202512,A17492,saving,14246.4
202512,A17493,chequing,14539.52
202512,A17494,mortgage,0
202512,A17495,investment,878111.5
202512,A17496,chequing,19564.8
202512,A17497,saving,11841.57
202512,A17498,investment,52873.03
202512,A17499,chequing,7726.8
202512,A17500,card,-1200.72
202512,A17501,investment,941077.88
202512,A17502,investment,365229.92
202512,A17503,chequing,12877.28
202512,A17504,lending,0
202512,A17505,saving,15309.87
202512,A17506,investment,374269.43
202512,A17507,chequing,983.43
202512,A17508,investment,238434.37
202512,A17509,card,-157.84
202512,A17510,investment,293730.08
202512,A17511,chequing,161.67
202512,A17512,chequing,112.92
202512,A17513,card,-2738.2
202512,A17514,saving,6547.11
202512,A17515,investment,825894.44
202512,A17516,chequing,8175.88
202512,A17517,lending,41532.42
202512,A17518,investment,710267.57
202512,A17519,chequing,5050.2
202512,A17520,chequing,3092.16
202512,A17521,investment,30468.57
202512,A17522,investment,292064.47
202512,A17523,mortgage,449852.34
202512,A17524,investment,113600.69
202512,A17525,lending,46276.24
202512,A17526,card,-1220.62
202512,A17527,mortgage,248427.67
202512,A17528,card,-1373.39
202512,A17529,chequing,8562.38
202512,A17530,investment,378244.81
202512,A17531,mortgage,55943.73
202512,A17532,lending,23752.73
202512,A17533,investment,989910.13
202512,A17534,chequing,5565.92
202512,A17535,investment,21286.74
202512,A17536,lending,41917.53
202512,A17537,investment,560537.84
202512,A17538,investment,0
202512,A17539,investment,7818.63
202512,A17540,investment,681251.37
202512,A17541,investment,55703.02
202512,A17542,card,-3867.01
202512,A17543,investment,985227.48
202512,A17544,lending,24501.96
202512,A17545,lending,8850.8
202512,A17546,investment,309050.49
202512,A17547,card,-526.99
202512,A17548,investment,0
202512,A17549,card,-3259.79
202512,A17550,chequing,3786.47
202512,A17551,lending,4844.17
202512,A17552,chequing,5031.82
202512,A17553,chequing,13583.8
202512,A17554,mortgage,184462.45
202512,A17555,investment,28409.65
202512,A17556,investment,89554.14
202512,A17557,investment,7159.11
202512,A17558,card,-3745.23
202512,A17559,investment,448147.09
202512,A17560,saving,947.65
202512,A17561,card,-2780.31
202512,A17562,chequing,15952.49
202512,A17563,investment,18051.57
202512,A17564,investment,492251.05
202512,A17565,chequing,6090.83
202512,A17566,chequing,7822.46
202512,A17567,chequing,6578.97
202512,A17568,investment,883295.46
202512,A17569,investment,0
202512,A17570,investment,501581.19
202512,A17571,investment,653340.26
202512,A17572,investment,435447.04
202512,A17573,investment,907643.14
202512,A17574,investment,858876.84
202512,A17575,mortgage,355721.45
202512,A17576,lending,33080.49
202512,A17577,card,-3764.97
202512,A17578,investment,808100.28
202512,A17579,investment,594404.68
202512,A17580,card,-1969.13
202512,A17581,saving,48236.98
202512,A17582,investment,251115.1
202512,A17583,investment,977902.01
202512,A17584,lending,14187.35
202512,A17585,investment,233524.78
202512,A17586,mortgage,229309.76
202512,A17587,mortgage,66133.26
202512,A17588,card,-1256.22
202512,A17589,investment,61110.83
202512,A17590,mortgage,288070.09
202512,A17591,mortgage,0
202512,A17592,investment,0
202512,A17593,investment,904918.58
202512,A17594,saving,47077.24
202512,A17595,saving,7330.71
202512,A17596,investment,172853.46
202512,A17597,investment,363417.06
202512,A17598,investment,0
202512,A17599,investment,34725.6
202512,A17600,saving,9038.67
202512,A17601,chequing,5055.01
202512,A17602,investment,824328.68
202512,A17603,chequing,12552.6
202512,A17604,lending,7505.9
202512,A17605,card,-651.97
202512,A17606,saving,7683.13
202512,A17607,investment,86955.99
202512,A17608,investment,692258.75
202512,A17609,investment,106230.28
202512,A17610,investment,286612.93
202512,A17611,saving,2321.5
202512,A17612,investment,924425.13
202512,A17613,investment,335154.56
202512,A17614,lending,24284.01
202512,A17615,investment,30103.42
202512,A17616,saving,9036.41
202512,A17617,saving,11503.06
202512,A17618,card,-356.83
202512,A17619,saving,5022.68
202512,A17620,saving,31666.02
202512,A17621,saving,14272.09
202512,A17622,investment,0
202512,A17623,mortgage,488445.54
202512,A17624,investment,975004.77
202512,A17625,investment,0
202512,A17626,investment,686415.11
202512,A17627,card,-579.2
202512,A17628,mortgage,0
202512,A17629,chequing,6647.95
202512,A17630,chequing,18636.86
202512,A17631,investment,0
202512,A17632,card,0
202512,A17633,mortgage,261829.65
202512,A17634,lending,46580.49
202512,A17635,investment,967414.79
202512,A17636,mortgage,95335.13
202512,A17637,saving,14141.79
202512,A17638,investment,76810.32
202512,A17639,investment,740516.14
202512,A17640,lending,24631.1
202512,A17641,chequing,2043.57
202512,A17642,investment,181509.76
202512,A17643,chequing,5847.15
202512,A17644,investment,54641.97
202512,A17645,investment,722265.41
202512,A17646,saving,23339.48
202512,A17647,lending,10186.2
202512,A17648,chequing,0
202512,A17649,investment,743456.48
202512,A17650,investment,177361.25
202512,A17651,investment,93400.19
202512,A17652,saving,5008.64
202512,A17653,saving,18175.18
202512,A17654,mortgage,490080.83
202512,A17655,saving,20941.04
202512,A17656,card,-2939.53
202512,A17657,investment,328637.34
202512,A17658,investment,546899.61
202512,A17659,saving,17547.29
202512,A17660,investment,0
202512,A17661,investment,557486.03
202512,A17662,lending,29255.84
202512,A17663,mortgage,0
202512,A17664,investment,775235
202512,A17665,saving,24969.24
202512,A17666,investment,529700.05
202512,A17667,saving,37866.37
202512,A17668,investment,294688.91
202512,A17669,investment,66935.59
202512,A17670,mortgage,103747.16
202512,A17671,chequing,6608.95
202512,A17672,card,-4804.73
202512,A17673,lending,43403.3
202512,A17674,investment,266915.61
202512,A17675,card,-4007.47
202512,A17676,chequing,0
202512,A17677,chequing,5594.44
202512,A17678,investment,376897.03
202512,A17679,investment,84817.82
202512,A17680,chequing,3901.62
202512,A17681,chequing,10558.94
202512,A17682,investment,2560.11
202512,A17683,saving,5452.05
202512,A17684,investment,311917
202512,A17685,lending,8820.69
202512,A17686,investment,423899.03
202512,A17687,investment,2705.77
202512,A17688,investment,99879.95
202512,A17689,investment,55759.35
202512,A17690,mortgage,361829.75
202512,A17691,chequing,6902.98
202512,A17692,saving,0
202512,A17693,chequing,2750.48
202512,A17694,investment,0
202512,A17695,investment,734988.68
202512,A17696,investment,62642.3
202512,A17697,card,-3211.2
202512,A17698,lending,14117.86
202512,A17699,mortgage,396574.29
202512,A17700,investment,923445.96
202512,A17701,investment,620671.41
202512,A17702,investment,179091.64
202512,A17703,lending,48350.28
202512,A17704,card,-1481.7
202512,A17705,lending,0
202512,A17706,card,-4255.91
202512,A17707,chequing,3259.08
202512,A17708,mortgage,155214.26
202512,A17709,chequing,19590.58
202512,A17710,lending,36847.68
202512,A17711,investment,977066.82
202512,A17712,investment,494376.53
202512,A17713,investment,333426.54
202512,A17714,investment,73087.21
202512,A17715,investment,207745.17
202512,A17716,chequing,19492.02
202512,A17717,card,-2527.34
202512,A17718,card,-4469.65
202512,A17719,investment,0
202512,A17720,saving,8818
202512,A17721,investment,51635.96
202512,A17722,chequing,7459.26
202512,A17723,chequing,7341.2
202512,A17724,investment,19284.92
202512,A17725,investment,558140.5
202512,A17726,investment,477353.57
202512,A17727,mortgage,0
202512,A17728,chequing,1827.5
202512,A17729,card,-3651.89
202512,A17730,investment,425563.42
202512,A17731,saving,16003.17
202512,A17732,chequing,3395.21
202512,A17733,investment,242811.58
202512,A17734,investment,323876.73
202512,A17735,lending,40119.81
202512,A17736,investment,107628.81
202512,A17737,lending,45636.51
202512,A17738,lending,43381.19
202512,A17739,card,-442.04
202512,A17740,investment,61520.68
202512,A17741,saving,0
202512,A17742,saving,40881.88
202512,A17743,chequing,2082.54
202512,A17744,chequing,5651.94
202512,A17745,card,0
202512,A17746,chequing,12725.41
202512,A17747,investment,598549.3
202512,A17748,investment,858500.7
202512,A17749,mortgage,241238.19
202512,A17750,chequing,4576.37
202512,A17751,chequing,0
202512,A17752,investment,53323.36
202512,A17753,chequing,0
202512,A17754,investment,390019.47
202512,A17755,card,-1841.09
202512,A17756,investment,166990.8
202512,A17757,investment,0
202512,A17758,lending,20658.52
202512,A17759,lending,4335.96
202512,A17760,saving,16933.19
202512,A17761,investment,450203.19
202512,A17762,mortgage,329219.27
202512,A17763,investment,554929.2
202512,A17764,mortgage,214805.29
202512,A17765,investment,95516.8
202512,A17766,chequing,12238.07
202512,A17767,chequing,0
202512,A17768,investment,596464.27
202512,A17769,mortgage,186712.07
202512,A17770,saving,18018.44
202512,A17771,lending,35134.66
202512,A17772,investment,0
202512,A17773,investment,340279.35
202512,A17774,card,-4351.99
202512,A17775,investment,22375.72
202512,A17776,chequing,10914.33
202512,A17777,investment,258908.18
202512,A17778,saving,17704.15
202512,A17779,investment,358241.65
202512,A17780,lending,17037.03
202512,A17781,investment,499421.56
202512,A17782,investment,590097.59
202512,A17783,card,-2793.35
202512,A17784,card,-765.96
202512,A17785,investment,645775.84
202512,A17786,lending,2289.8
202512,A17787,mortgage,473867.57
202512,A17788,saving,9582.36
202512,A17789,chequing,12216.07
202512,A17790,saving,2513.48
202512,A17791,investment,440649.58
202512,A17792,investment,231464
202512,A17793,lending,0
202512,A17794,card,-2251.42
202512,A17795,investment,328347.28
202512,A17796,investment,870189.35
202512,A17797,card,-2468.14
202512,A17798,card,-270.06
202512,A17799,investment,218344.12
202512,A17800,investment,219508.92
202512,A17801,chequing,0
202512,A17802,card,-2009.37
202512,A17803,card,-107.26
202512,A17804,investment,903953.49
202512,A17805,investment,536640.02
202512,A17806,saving,47251.43
202512,A17807,saving,17492.85
202512,A17808,card,-2894.37
202512,A17809,saving,18595.7
202512,A17810,investment,525225.93
202512,A17811,lending,34345.51
202512,A17812,investment,5567.73
202512,A17813,investment,218645.99
202512,A17814,chequing,0
202512,A17815,chequing,5233.44
202512,A17816,chequing,7079.69
202512,A17817,chequing,10765.48
202512,A17818,investment,293217.86
202512,A17819,chequing,12555.1
202512,A17820,investment,11275.64
202512,A17821,investment,0
202512,A17822,mortgage,0
202512,A17823,investment,370219.11
202512,A17824,investment,45944.5
202512,A17825,chequing,1341.7
202512,A17826,saving,16532.07
202512,A17827,chequing,9463.56
202512,A17828,lending,37990.33
202512,A17829,lending,38347.35
202512,A17830,investment,875604.54
202512,A17831,lending,36318.55
202512,A17832,investment,134331.26
202512,A17833,mortgage,248018.1
202512,A17834,card,-476.21
202512,A17835,mortgage,372651.33
202512,A17836,card,-2894.37
202512,A17837,card,-4736.94
202512,A17838,chequing,2834.34
202512,A17839,investment,296916.04
202512,A17840,saving,43933.86
202512,A17841,chequing,6869.95
202512,A17842,investment,955518.61
202512,A17843,chequing,0
202512,A17844,investment,631101.18
202512,A17845,card,-2731.29
202512,A17846,saving,12286.22
202512,A17847,investment,334388.98
202512,A17848,investment,89953.99
202512,A17849,chequing,0
202512,A17850,investment,84293.55
202512,A17851,card,-2279.23
202512,A17852,mortgage,89652.32
202512,A17853,lending,43887.53
202512,A17854,investment,449071.58
202512,A17855,card,-452.58
202512,A17856,mortgage,109063.84
202512,A17857,lending,41025.96
202512,A17858,investment,24506.97
202512,A17859,mortgage,0
202512,A17860,saving,12084.65
202512,A17861,mortgage,0
202512,A17862,investment,98476.27
202512,A17863,saving,15708.31
202512,A17864,investment,632084.86
202512,A17865,chequing,3952.67
202512,A17866,investment,363079.03
202512,A17867,chequing,6732.8
202512,A17868,investment,0
202512,A17869,investment,0
202512,A17870,investment,676552.13
202512,A17871,investment,171571.04
202512,A17872,investment,743363.8
202512,A17873,chequing,3445.45
202512,A17874,investment,867552.54
202512,A17875,card,-2506.09
202512,A17876,investment,0
202512,A17877,lending,28131.09
202512,A17878,investment,76107.57
202512,A17879,chequing,0
202512,A17880,investment,767084.74
202512,A17881,saving,11801.26
202512,A17882,investment,438795.05
202512,A17883,investment,368199.55
202512,A17884,investment,552255.33
202512,A17885,chequing,5354.55
202512,A17886,chequing,1661.46
202512,A17887,chequing,399.71
202512,A17888,chequing,13186.39
202512,A17889,saving,0
202512,A17890,lending,1185.99
202512,A17891,investment,779586.02
202512,A17892,chequing,928.86
202512,A17893,investment,190128.49
202512,A17894,investment,724295.93
202512,A17895,investment,19099.04
202512,A17896,chequing,16533.46
202512,A17897,card,-4946.08
202512,A17898,investment,470170.95
202512,A17899,card,-3049.48
202512,A17900,chequing,7753.19
202512,A17901,chequing,4289.96
202512,A17902,card,-1121.95
202512,A17903,saving,9736.38
202512,A17904,lending,48200.76
202512,A17905,card,-1216.74
202512,A17906,card,-2851.21
202512,A17907,card,0
202512,A17908,lending,43029.42
202512,A17909,saving,6088.77
202512,A17910,mortgage,95958.07
202512,A17911,investment,954534.96
202512,A17912,investment,797899.87
202512,A17913,chequing,14726.9
202512,A17914,saving,16155.94
202512,A17915,investment,303622.65
202512,A17916,investment,119561.07
202512,A17917,investment,456525.06
202512,A17918,saving,13129.03
202512,A17919,investment,636022.4
202512,A17920,card,0
202512,A17921,investment,75236.88
202512,A17922,mortgage,100116.08
202512,A17923,saving,0
202512,A17924,investment,592952.32
202512,A17925,investment,201501.65
202512,A17926,mortgage,161711.66
202512,A17927,investment,23138.48
202512,A17928,chequing,9725.45
202512,A17929,chequing,0
202512,A17930,card,-2339.27
202512,A17931,lending,37780.82
202512,A17932,investment,572390.63
202512,A17933,lending,29764.72
202512,A17934,chequing,4982.26
202512,A17935,investment,846608.53
202512,A17936,saving,0
202512,A17937,card,-104.66
202512,A17938,investment,30859.98
202512,A17939,saving,17189.93
202512,A17940,saving,3038.44
202512,A17941,card,-4271.28
202512,A17942,chequing,10156.25
202512,A17943,investment,38782.34
202512,A17944,card,-4711.89
202512,A17945,mortgage,227294.58
202512,A17946,investment,783274.52
202512,A17947,card,-423.18
202512,A17948,chequing,0
202512,A17949,investment,0
202512,A17950,mortgage,184010.74
202512,A17951,chequing,12339.51
202512,A17952,saving,11870.74
202512,A17953,lending,45563.06
202512,A17954,chequing,5542.7
202512,A17955,investment,556505.12
202512,A17956,investment,970126.06
202512,A17957,investment,674855.32
202512,A17958,investment,65191.52
202512,A17959,chequing,9927.05
202512,A17960,investment,993649.35
202512,A17961,investment,745203.9
202512,A17962,investment,529441.19
202512,A17963,saving,4467.45
202512,A17964,mortgage,332985.15
202512,A17965,chequing,8268.72
202512,A17966,investment,680091.57
202512,A17967,chequing,9848.74
202512,A17968,investment,888548.05
202512,A17969,saving,6512.74
202512,A17970,investment,494448.58
202512,A17971,saving,9129.72
202512,A17972,chequing,11850.32
202512,A17973,card,-42.46
202512,A17974,saving,4065.05
202512,A17975,investment,658730.43
202512,A17976,chequing,7166.12
202512,A17977,chequing,10712.77
202512,A17978,card,-2402.68
202512,A17979,investment,59657.28
202512,A17980,lending,19575.5
202512,A17981,lending,34184.8
202512,A17982,investment,115424.69
202512,A17983,saving,0
202512,A17984,investment,918207.67
202512,A17985,investment,0
202512,A17986,saving,14096.87
202512,A17987,mortgage,0
202512,A17988,saving,2718.29
202512,A17989,mortgage,115860.73
202512,A17990,investment,88546.4
202512,A17991,investment,0
202512,A17992,investment,187980.24
202512,A17993,saving,8253.93
202512,A17994,card,-3934.63
202512,A17995,card,-4258.03
202512,A17996,lending,29385.85
202512,A17997,lending,23377.38
202512,A17998,chequing,256.24
202512,A17999,investment,829891.55
202512,A18000,investment,794764.63
202512,A18001,investment,14406.11
202512,A18002,investment,754723.21
202512,A18003,investment,89838.78
202512,A18004,lending,5606.61
202512,A18005,card,-88.04
202512,A18006,lending,32577.88
202512,A18007,mortgage,0
202512,A18008,investment,101928.05
202512,A18009,mortgage,0
202512,A18010,mortgage,437647.33
202512,A18011,card,-3009.75
202512,A18012,saving,16539.35
202512,A18013,investment,378618.56
202512,A18014,investment,886137.92
202512,A18015,saving,13244.75
202512,A18016,investment,461938.95
202512,A18017,mortgage,454125.96
202512,A18018,mortgage,351273.77
202512,A18019,investment,612437.42
202512,A18020,mortgage,99333.9
202512,A18021,lending,20954.94
202512,A18022,lending,25848.32
202512,A18023,investment,924539.93
202512,A18024,investment,17553.99
202512,A18025,investment,539730.29
202512,A18026,investment,395596.86
202512,A18027,lending,13245.75
202512,A18028,investment,181280.03
202512,A18029,mortgage,177865.11
202512,A18030,card,0
202512,A18031,saving,4838.85
202512,A18032,chequing,0
202512,A18033,investment,724351.26
202512,A18034,investment,57976.94
202512,A18035,investment,653152.42
202512,A18036,mortgage,294533.76
202512,A18037,lending,40088.04
202512,A18038,investment,228505.69
202512,A18039,chequing,10950.85
202512,A18040,card,-2695.73
202512,A18041,lending,44823.56
202512,A18042,chequing,0
202512,A18043,investment,812273.73
202512,A18044,investment,497236.4
202512,A18045,investment,748096.04
202512,A18046,investment,944864.37
202512,A18047,saving,7512.97
202512,A18048,saving,14691.69
202512,A18049,chequing,0
202512,A18050,chequing,14294.48
202512,A18051,investment,613636.86
202512,A18052,investment,760224.9
202512,A18053,investment,738008.97
202512,A18054,chequing,7297.06
202512,A18055,investment,22628.98
202512,A18056,mortgage,154381.67
202512,A18057,investment,804043.18
202512,A18058,mortgage,131991.79
202512,A18059,investment,142128.07
202512,A18060,mortgage,227080.6
202512,A18061,investment,75082.62
202512,A18062,investment,865022.61
202512,A18063,saving,4369.1
202512,A18064,investment,77950.04
202512,A18065,chequing,17823.79
202512,A18066,lending,11874.98
202512,A18067,chequing,9940.69
202512,A18068,investment,411710.18
202512,A18069,lending,22345.23
202512,A18070,investment,23567.39
202512,A18071,investment,68723.79
202512,A18072,chequing,0
202512,A18073,card,-4301.95
202512,A18074,mortgage,87199.46
202512,A18075,investment,315537.09
202512,A18076,chequing,13401.29
202512,A18077,chequing,9366.84
202512,A18078,investment,46470.78
202512,A18079,saving,14755.26
202512,A18080,saving,18183.96
202512,A18081,mortgage,0
202512,A18082,investment,540763.73
202512,A18083,investment,561734.07
202512,A18084,chequing,345.26
202512,A18085,investment,144631.36
202512,A18086,investment,354608.68
202512,A18087,lending,3972.62
202512,A18088,investment,709216.29
202512,A18089,investment,53258.91
202512,A18090,chequing,16828.23
202512,A18091,investment,74726.75
202512,A18092,saving,3245.51
202512,A18093,chequing,13606.21
202512,A18094,chequing,6992.39
202512,A18095,chequing,5159.83
202512,A18096,lending,26996.23
202512,A18097,investment,300863.94
202512,A18098,lending,44321.46
202512,A18099,lending,5392.43
202512,A18100,saving,18408.98
202512,A18101,investment,0
202512,A18102,saving,0
202512,A18103,investment,0
202512,A18104,lending,29059.08
202512,A18105,saving,0
202512,A18106,card,-4461.36
202512,A18107,investment,84239.45
202512,A18108,investment,41675.4
202512,A18109,chequing,1292.54
202512,A18110,investment,39290.25
202512,A18111,lending,2358.03
202512,A18112,chequing,19202.8
202512,A18113,investment,309194.33
202512,A18114,chequing,4936.9
202512,A18115,saving,18524.82
202512,A18116,mortgage,68476.98
202512,A18117,investment,46471.92
202512,A18118,lending,1667.31
202512,A18119,investment,73800.97
202512,A18120,chequing,11079.61
202512,A18121,investment,71611.1
202512,A18122,investment,430352.97
202512,A18123,saving,23873.94
202512,A18124,saving,16817.64
202512,A18125,saving,585.67
202512,A18126,investment,693215.91
202512,A18127,lending,31084.25
202512,A18128,mortgage,351056.25
202512,A18129,investment,0
202512,A18130,mortgage,296297.39
202512,A18131,chequing,0
202512,A18132,saving,36762.17
202512,A18133,investment,92297.56
202512,A18134,chequing,19020.78
202512,A18135,investment,0
202512,A18136,mortgage,275916.64
202512,A18137,saving,1503.51
202512,A18138,chequing,9319.13
202512,A18139,investment,82876.98
202512,A18140,saving,18432.22
202512,A18141,investment,0
202512,A18142,investment,164467.85
202512,A18143,investment,722483.73
202512,A18144,investment,944064.34
202512,A18145,mortgage,95759.74
202512,A18146,chequing,7705.31
202512,A18147,saving,33915.21
202512,A18148,saving,10325.82
202512,A18149,saving,6297.85
202512,A18150,investment,40856.53
202512,A18151,investment,72716.17
202512,A18152,card,0
202512,A18153,card,-2045.2
202512,A18154,card,-96.98
202512,A18155,saving,34584.04
202512,A18156,chequing,11135.44
202512,A18157,investment,0
202512,A18158,saving,26367.05
202512,A18159,mortgage,0
202512,A18160,card,-2518.95
202512,A18161,investment,904053.11
202512,A18162,investment,578588.84
202512,A18163,investment,727159.97
202512,A18164,investment,43899.86
202512,A18165,mortgage,342145.64
202512,A18166,lending,7047.97
202512,A18167,investment,787006.21
202512,A18168,saving,4290.21
202512,A18169,saving,36863.39
202512,A18170,investment,152741.8
202512,A18171,investment,190892.95
202512,A18172,investment,0
202512,A18173,chequing,14949.59
202512,A18174,saving,18680.07
202512,A18175,saving,6917.28
202512,A18176,mortgage,470056.4
202512,A18177,chequing,4477.48
202512,A18178,chequing,2824.9
202512,A18179,investment,614162.9
202512,A18180,chequing,17519.3
202512,A18181,investment,686478.21
202512,A18182,chequing,12665.36
202512,A18183,lending,16057.93
202512,A18184,chequing,695.11
202512,A18185,investment,111295.3
202512,A18186,chequing,1643.26
202512,A18187,card,-2513.49
202512,A18188,saving,34844.62
202512,A18189,investment,706240.36
202512,A18190,lending,47867.09
202512,A18191,chequing,11542.43
202512,A18192,mortgage,450408.49
202512,A18193,investment,174098.55
202512,A18194,investment,0
202512,A18195,investment,193950.85
202512,A18196,investment,72719.26
202512,A18197,investment,282393.5
202512,A18198,mortgage,375790.15
202512,A18199,investment,983017.03
202512,A18200,chequing,3372.27
202512,A18201,investment,992966.95
202512,A18202,investment,853470.26
202512,A18203,investment,307799
202512,A18204,card,-455.5
202512,A18205,saving,0
202512,A18206,mortgage,120227.5
202512,A18207,investment,27752.98
202512,A18208,chequing,17813.47
202512,A18209,card,-2994.4
202512,A18210,investment,264674.57
202512,A18211,investment,0
202512,A18212,investment,956175.49
202512,A18213,lending,0
202512,A18214,card,-3968.03
202512,A18215,chequing,0
202512,A18216,investment,790667.89
202512,A18217,investment,905912.58
202512,A18218,investment,74825.72
202512,A18219,investment,492729.96
202512,A18220,chequing,8992.56
202512,A18221,investment,116541.28
202512,A18222,mortgage,338177.27
202512,A18223,investment,408250
202512,A18224,mortgage,360632.93
202512,A18225,investment,39238.36
202512,A18226,chequing,312.81
202512,A18227,lending,13251.27
202512,A18228,saving,18137.36
202512,A18229,investment,99793.99
202512,A18230,saving,14715.23
202512,A18231,card,-4660.15
202512,A18232,lending,35415.75
202512,A18233,investment,381244.03
202512,A18234,investment,784463.99
202512,A18235,card,-2579.97
202512,A18236,investment,0
202512,A18237,card,-4241.87
202512,A18238,investment,824937.23
202512,A18239,saving,14548.86
202512,A18240,chequing,15520.2
202512,A18241,investment,440784.71
202512,A18242,investment,307564.05
202512,A18243,saving,10546.93
202512,A18244,chequing,7790.67
202512,A18245,investment,971935.19
202512,A18246,investment,122489.61
202512,A18247,saving,7514.84
202512,A18248,mortgage,227686.16
202512,A18249,chequing,4244.83
202512,A18250,chequing,12619.94
202512,A18251,investment,836626.89
202512,A18252,chequing,1648.63
202512,A18253,chequing,15381.86
202512,A18254,mortgage,400319.2
202512,A18255,saving,15817.9
202512,A18256,mortgage,417617.81
202512,A18257,chequing,12254.21
202512,A18258,investment,525119.17
202512,A18259,lending,48607.79
202512,A18260,mortgage,285486.91
202512,A18261,investment,406423.55
202512,A18262,saving,2771.36
202512,A18263,mortgage,127309.98
202512,A18264,saving,0
202512,A18265,lending,32814.4
202512,A18266,chequing,0
202512,A18267,lending,7012.44
202512,A18268,mortgage,257717.65
202512,A18269,saving,1293.7
202512,A18270,investment,628535.07
202512,A18271,investment,541239.18
202512,A18272,mortgage,347930.42
202512,A18273,chequing,1299.47
202512,A18274,investment,974675.23
202512,A18275,lending,36982.8
202512,A18276,saving,5788.42
202512,A18277,investment,0
202512,A18278,investment,61456.46
202512,A18279,investment,0
202512,A18280,saving,1278.36
202512,A18281,mortgage,0
202512,A18282,chequing,5511.29
202512,A18283,chequing,8465.07
202512,A18284,mortgage,414923.07
202512,A18285,lending,46514.24
202512,A18286,investment,432105.93
202512,A18287,investment,983828.74
202512,A18288,investment,247008.29
202512,A18289,lending,24006.5
202512,A18290,card,-3289.94
202512,A18291,lending,49345.62
202512,A18292,chequing,19650.05
202512,A18293,investment,0
202512,A18294,saving,5554.72
202512,A18295,chequing,6775.15
202512,A18296,investment,423038.16
202512,A18297,saving,8879.62
202512,A18298,investment,502169.76
202512,A18299,lending,7981.77
202512,A18300,investment,107016.64
202512,A18301,mortgage,363390.49
202512,A18302,investment,91993.09
202512,A18303,chequing,6275.89
202512,A18304,investment,334408.3
202512,A18305,chequing,12668.28
202512,A18306,investment,0
202512,A18307,investment,71425.45
202512,A18308,card,-4084.46
202512,A18309,chequing,7356.92
202512,A18310,saving,19890.13
202512,A18311,chequing,16236.5
202512,A18312,investment,790161.33
202512,A18313,investment,442255.64
202512,A18314,lending,21845.04
202512,A18315,card,-4346.51
202512,A18316,investment,33087.49
202512,A18317,chequing,5810.67
202512,A18318,investment,892284.69
202512,A18319,mortgage,388246.71
202512,A18320,card,-3998.81
202512,A18321,chequing,18754.98
202512,A18322,investment,368676.32
202512,A18323,mortgage,493301.89
202512,A18324,card,-2245
202512,A18325,investment,0
202512,A18326,mortgage,470101.27
202512,A18327,lending,3253.83
202512,A18328,investment,928488.39
202512,A18329,chequing,8997.52
202512,A18330,chequing,0
202512,A18331,saving,1599.06
202512,A18332,investment,972168.43
202512,A18333,investment,0
202512,A18334,saving,1954.8
202512,A18335,card,-520.35
202512,A18336,saving,17653.92
202512,A18337,card,-3742.82
202512,A18338,investment,646917.95
202512,A18339,investment,62148.34
202512,A18340,chequing,8726.3
202512,A18341,saving,0
202512,A18342,investment,33192.78
202512,A18343,mortgage,363846.11
202512,A18344,investment,58671.96
202512,A18345,card,-4417.63
202512,A18346,investment,38693.59
202512,A18347,lending,14499.72
202512,A18348,investment,493250.18
202512,A18349,chequing,12216.82
202512,A18350,card,-4815.94
202512,A18351,lending,18122.73
202512,A18352,investment,912197
202512,A18353,investment,60950.87
202512,A18354,lending,7115.4
202512,A18355,saving,856.95
202512,A18356,mortgage,197326.58
202512,A18357,investment,947520.41
202512,A18358,mortgage,142989.91
202512,A18359,chequing,6930.89
202512,A18360,investment,799736.44
202512,A18361,investment,768478.64
202512,A18362,investment,560297.06
202512,A18363,lending,4381.34
202512,A18364,chequing,1229.56
202512,A18365,mortgage,0
202512,A18366,mortgage,275346.17
202512,A18367,chequing,15243.48
202512,A18368,chequing,14342.92
202512,A18369,chequing,15389.64
202512,A18370,saving,17519.67
202512,A18371,chequing,5507.63
202512,A18372,chequing,589.84
202512,A18373,chequing,7060.16
202512,A18374,mortgage,479051.37
202512,A18375,saving,20052.56
202512,A18376,investment,26869.66
202512,A18377,mortgage,355609.09
202512,A18378,lending,33910.75
202512,A18379,chequing,3091.83
202512,A18380,investment,641097.66
202512,A18381,chequing,7457.55
202512,A18382,chequing,7516.19
202512,A18383,investment,892007.74
202512,A18384,chequing,3342.76
202512,A18385,lending,5342.01
202512,A18386,investment,751589.76
202512,A18387,lending,10074.79
202512,A18388,investment,355317.7
202512,A18389,card,-4211.55
202512,A18390,card,-388.97
202512,A18391,card,-3655.71
202512,A18392,investment,0
202512,A18393,chequing,9237.81
202512,A18394,mortgage,474419.63
202512,A18395,saving,19188.88
202512,A18396,investment,171097.88
202512,A18397,investment,441589.19
202512,A18398,investment,294567.28
202512,A18399,investment,903279.84
202512,A18400,lending,22956.15
202512,A18401,mortgage,307143.28
202512,A18402,investment,80712.92
202512,A18403,saving,10794.69
202512,A18404,saving,14034.94
202512,A18405,investment,659252.49
202512,A18406,mortgage,373831.34
202512,A18407,chequing,9194.99
202512,A18408,saving,32159.02
202512,A18409,investment,437056.13
202512,A18410,chequing,15343.58
202512,A18411,investment,0
202512,A18412,chequing,3274.14
202512,A18413,saving,3507.5
202512,A18414,chequing,0
202512,A18415,investment,0
202512,A18416,saving,7232.54
202512,A18417,card,-1030.73
202512,A18418,saving,14696.78
202512,A18419,saving,27588.47
202512,A18420,investment,209110.77
202512,A18421,mortgage,0
202512,A18422,saving,40853.05
202512,A18423,chequing,9332.68
202512,A18424,investment,194773.93
202512,A18425,card,-121.91
202512,A18426,mortgage,212056.61
202512,A18427,card,-2515.62
202512,A18428,chequing,11993.11
202512,A18429,chequing,6278.65
202512,A18430,mortgage,100748.06
202512,A18431,investment,249882
202512,A18432,mortgage,0
202512,A18433,mortgage,157653.72
202512,A18434,investment,321577.39
202512,A18435,investment,629415.6
202512,A18436,chequing,0
202512,A18437,saving,32649.59
202512,A18438,investment,292563.38
202512,A18439,investment,868202.32
202512,A18440,saving,47655.03
202512,A18441,investment,303378.19
202512,A18442,chequing,10211.97
202512,A18443,investment,903645.28
202512,A18444,mortgage,476956.92
202512,A18445,investment,394981.89
202512,A18446,investment,478731.6
202512,A18447,investment,974532.4
202512,A18448,investment,919203.16
202512,A18449,saving,30351.06
202512,A18450,investment,0
202512,A18451,lending,0
202512,A18452,saving,18421.04
202512,A18453,investment,2988.46
202512,A18454,chequing,6834.25
202512,A18455,lending,4692.58
202512,A18456,investment,905042.98
202512,A18457,saving,24611.58
202512,A18458,chequing,15086.04
202512,A18459,mortgage,113486.11
202512,A18460,investment,784927.54
202512,A18461,saving,14445.96
202512,A18462,saving,0
202512,A18463,investment,629413.55
202512,A18464,mortgage,121231.57
202512,A18465,investment,399994.24
202512,A18466,chequing,15900.54
202512,A18467,investment,0
202512,A18468,investment,23663.05
202512,A18469,investment,79623.93
202512,A18470,lending,0
202512,A18471,chequing,10189.02
202512,A18472,investment,0
202512,A18473,investment,247482.46
202512,A18474,chequing,14197.28
202512,A18475,investment,278012.34
202512,A18476,investment,0
202512,A18477,saving,6645.23
202512,A18478,mortgage,0
202512,A18479,lending,5239.96
202512,A18480,investment,18323.11
202512,A18481,investment,979209.65
202512,A18482,investment,369575.75
202512,A18483,card,-1514.44
202512,A18484,investment,868441.5
202512,A18485,saving,8387.56
202512,A18486,lending,35147.71
202512,A18487,investment,546022.56
202512,A18488,card,-1964.16
202512,A18489,investment,824918.04
202512,A18490,card,-656.39
202512,A18491,investment,0
202512,A18492,investment,0
202512,A18493,card,0
202512,A18494,saving,18376
202512,A18495,investment,899204.38
202512,A18496,saving,15558.11
202512,A18497,chequing,0
202512,A18498,investment,201491.07
202512,A18499,mortgage,220296.15
202512,A18500,chequing,6217.67
202512,A18501,lending,36759.73
202512,A18502,chequing,5281.29
202512,A18503,saving,10681.66
202512,A18504,chequing,5621.55
202512,A18505,mortgage,431275.06
202512,A18506,mortgage,404960.05
202512,A18507,investment,811203.88
202512,A18508,mortgage,211930.04
202512,A18509,investment,63969.49
202512,A18510,chequing,15142.81
202512,A18511,investment,564126.96
202512,A18512,investment,81113.98
202512,A18513,lending,0
202512,A18514,investment,993406.2
202512,A18515,investment,890909.12
202512,A18516,investment,611553.85
202512,A18517,mortgage,433887.44
202512,A18518,lending,15748.99
202512,A18519,investment,680220.38
202512,A18520,investment,0
202512,A18521,saving,1501.4
202512,A18522,investment,979914.12
202512,A18523,investment,16678.81
202512,A18524,investment,60022.23
202512,A18525,saving,45776.47
202512,A18526,investment,254072.89
202512,A18527,mortgage,273189.07
202512,A18528,investment,0
202512,A18529,investment,99277.76
202512,A18530,investment,2421.84
202512,A18531,saving,17144.21
202512,A18532,investment,442724.57
202512,A18533,mortgage,227873.06
202512,A18534,lending,28358.16
202512,A18535,saving,31687
202512,A18536,chequing,6488.57
202512,A18537,investment,294823.33
202512,A18538,investment,34600.31
202512,A18539,investment,483050.49
202512,A18540,lending,40688.79
202512,A18541,investment,51789.71
202512,A18542,chequing,5678.88
202512,A18543,saving,15575.34
202512,A18544,investment,476247.65
202512,A18545,chequing,680.95
202512,A18546,card,-818.54
202512,A18547,investment,634181.25
202512,A18548,investment,0
202512,A18549,card,-1262.42
202512,A18550,saving,0
202512,A18551,card,-501.06
202512,A18552,saving,34310.14
202512,A18553,investment,990211.13
202512,A18554,chequing,10098.34
202512,A18555,investment,642495.36
202512,A18556,chequing,0
202512,A18557,saving,39564.83
202512,A18558,investment,383198.89
202512,A18559,investment,801980.36
202512,A18560,saving,7469.79
202512,A18561,chequing,9245.58
202512,A18562,investment,69164.14
202512,A18563,investment,320594.25
202512,A18564,card,-4091.84
202512,A18565,saving,14393.76
202512,A18566,investment,435999.36
202512,A18567,investment,352548.61
202512,A18568,lending,43314.35
202512,A18569,chequing,16110.51
202512,A18570,saving,10538.69
202512,A18571,lending,3335.41
202512,A18572,saving,14126.75
202512,A18573,investment,891427.98
202512,A18574,investment,538748.92
202512,A18575,investment,166206.93
202512,A18576,investment,19734.05
202512,A18577,mortgage,310452.11
202512,A18578,investment,257413.91
202512,A18579,investment,722133.34
202512,A18580,investment,701992.45
202512,A18581,chequing,6104.27
202512,A18582,investment,486184.66
202512,A18583,lending,10171.14
202512,A18584,chequing,3501.19
202512,A18585,investment,399871.56
202512,A18586,investment,0
202512,A18587,chequing,14898.18
202512,A18588,investment,814665.85
202512,A18589,lending,19190.82
202512,A18590,investment,879469.66
202512,A18591,investment,88229.67
202512,A18592,saving,0
202512,A18593,chequing,0
202512,A18594,investment,546727.68
202512,A18595,investment,0
202512,A18596,chequing,8984.47
202512,A18597,card,-117.75
202512,A18598,investment,93268.7
202512,A18599,investment,25533.8
202512,A18600,card,-766.19
202512,A18601,chequing,7691.8
202512,A18602,chequing,723.82
202512,A18603,chequing,5310.33
202512,A18604,chequing,19800.97
202512,A18605,investment,70717.62
202512,A18606,investment,565858.27
202512,A18607,saving,46532.93
202512,A18608,mortgage,433503.13
202512,A18609,investment,80544.06
202512,A18610,investment,0
202512,A18611,card,-183.82
202512,A18612,card,-315.01
202512,A18613,investment,669649.21
202512,A18614,mortgage,300656.92
202512,A18615,investment,81153.59
202512,A18616,lending,19847.42
202512,A18617,chequing,7895.02
202512,A18618,investment,412563.62
202512,A18619,investment,0
202512,A18620,investment,878856.41
202512,A18621,investment,598296.1
202512,A18622,investment,31058.19
202512,A18623,chequing,16426.45
202512,A18624,investment,554574.35
202512,A18625,investment,574888.08
202512,A18626,investment,0
202512,A18627,saving,6963.98
202512,A18628,investment,361704.85
202512,A18629,lending,49738.2
202512,A18630,investment,58375.12
202512,A18631,card,-2309.16
202512,A18632,chequing,3755.44
202512,A18633,lending,21443.4
202512,A18634,investment,162843.87
202512,A18635,chequing,11715.89
202512,A18636,investment,325721.44
202512,A18637,investment,31775.05
202512,A18638,investment,0
202512,A18639,investment,43396.85
202512,A18640,investment,27321.9
202512,A18641,saving,0
202512,A18642,saving,5891.58
202512,A18643,investment,0
202512,A18644,card,-1451.39
202512,A18645,card,-2900.17
202512,A18646,investment,632754.52
202512,A18647,chequing,17389.6
202512,A18648,investment,563939.98
202512,A18649,investment,331968.75
202512,A18650,investment,94866.65
202512,A18651,chequing,9846.7
202512,A18652,saving,14675.27
202512,A18653,chequing,0
202512,A18654,investment,39874.2
202512,A18655,investment,84757.34
202512,A18656,saving,15429.22
202512,A18657,card,-2138.78
202512,A18658,mortgage,445533.69
202512,A18659,saving,13827.09
202512,A18660,lending,33445.23
202512,A18661,lending,42113.31
202512,A18662,card,-1223.96
202512,A18663,investment,405412.03
202512,A18664,investment,76134.92
202512,A18665,mortgage,198373.39
202512,A18666,investment,682316.97
202512,A18667,lending,4662.56
202512,A18668,saving,10389.45
202512,A18669,investment,736286.47
202512,A18670,mortgage,137357.07
202512,A18671,card,-1684.4
202512,A18672,investment,856463.47
202512,A18673,card,0
202512,A18674,investment,0
202512,A18675,chequing,6850.39
202512,A18676,card,-4376.49
202512,A18677,chequing,17512.41
202512,A18678,investment,196085.49
202512,A18679,chequing,8763.29
202512,A18680,card,-1493.59
202512,A18681,saving,16885.98
202512,A18682,investment,125012.09
202512,A18683,mortgage,394651.56
202512,A18684,lending,10941
202512,A18685,investment,74646.23
202512,A18686,investment,808530.11
202512,A18687,investment,60804.66
202512,A18688,mortgage,0
202512,A18689,investment,764699.07
202512,A18690,lending,46577.27
202512,A18691,chequing,14319.79
202512,A18692,investment,606133.36
202512,A18693,chequing,2316.71
202512,A18694,investment,184867.54
202512,A18695,chequing,0
202512,A18696,saving,7304.43
202512,A18697,saving,4126.52
202512,A18698,saving,18567.32
202512,A18699,card,-2432.47
202512,A18700,saving,25763.2
202512,A18701,investment,676021.06
202512,A18702,investment,30363.76
202512,A18703,investment,796774.03
202512,A18704,saving,6843.93
202512,A18705,mortgage,432688.3
202512,A18706,investment,823305.41
202512,A18707,saving,2588.83
202512,A18708,investment,696227.97
202512,A18709,investment,636306.71
202512,A18710,card,-3113.81
202512,A18711,investment,939444.5
202512,A18712,chequing,0
202512,A18713,saving,4473.85
202512,A18714,investment,347371.23
202512,A18715,investment,908782.37
202512,A18716,chequing,5004.17
202512,A18717,lending,34212.75
202512,A18718,lending,31278.44
202512,A18719,investment,643002.3
202512,A18720,investment,566463.34
202512,A18721,lending,29523.36
202512,A18722,chequing,10550.66
202512,A18723,investment,366569.64
202512,A18724,chequing,0
202512,A18725,saving,18814.57
202512,A18726,chequing,18238.81
202512,A18727,investment,378224.89
202512,A18728,mortgage,437382.99
202512,A18729,investment,337813.13
202512,A18730,saving,19216.71
202512,A18731,investment,302174.17
202512,A18732,investment,70241.89
202512,A18733,investment,806084.69
202512,A18734,card,-2612.74
202512,A18735,mortgage,0
202512,A18736,chequing,12613.65
202512,A18737,investment,61808.94
202512,A18738,investment,632830.37
202512,A18739,saving,8032.74
202512,A18740,investment,881943.07
202512,A18741,mortgage,473314.84
202512,A18742,investment,287100.61
202512,A18743,mortgage,0
202512,A18744,saving,4689.49
202512,A18745,investment,536060.55
202512,A18746,chequing,7461.2
202512,A18747,lending,1523.94
202512,A18748,lending,2851.33
202512,A18749,investment,825944.85
202512,A18750,chequing,7131.26
202512,A18751,saving,992.75
202512,A18752,investment,49161.48
202512,A18753,investment,262169.26
202512,A18754,investment,818085.42
202512,A18755,chequing,2966.95
202512,A18756,mortgage,370414.68
202512,A18757,card,-594.15
202512,A18758,lending,40546.88
202512,A18759,investment,230820
202512,A18760,investment,372916.41
202512,A18761,chequing,10307.2
202512,A18762,chequing,4876.52
202512,A18763,lending,39083.13
202512,A18764,card,-1850.34
202512,A18765,investment,943808.5
202512,A18766,mortgage,388478.63
202512,A18767,chequing,16659.27
202512,A18768,investment,547451.52
202512,A18769,investment,463409.67
202512,A18770,investment,78099.69
202512,A18771,investment,768035.69
202512,A18772,investment,86306.43
202512,A18773,chequing,1061.08
202512,A18774,investment,210359.65
202512,A18775,investment,494266.32
202512,A18776,lending,24406.82
202512,A18777,chequing,2810.13
202512,A18778,investment,16177.87
202512,A18779,investment,578299.82
202512,A18780,lending,28969.52
202512,A18781,investment,43800.45
202512,A18782,investment,244501.88
202512,A18783,investment,318831.5
202512,A18784,mortgage,122249.85
202512,A18785,saving,13367.78
202512,A18786,chequing,0
202512,A18787,chequing,6963.4
202512,A18788,investment,0
202512,A18789,chequing,5503.7
202512,A18790,saving,40410.91
202512,A18791,investment,405153.02
202512,A18792,investment,166467.25
202512,A18793,investment,979996.68
202512,A18794,mortgage,113077.54
202512,A18795,chequing,10066.63
202512,A18796,investment,374179.36
202512,A18797,card,0
202512,A18798,investment,218499.13
202512,A18799,investment,61746.16
202512,A18800,chequing,7735.51
202512,A18801,card,-69.06
202512,A18802,mortgage,115939.86
202512,A18803,investment,153877.13
202512,A18804,investment,50178.37
202512,A18805,chequing,172.08
202512,A18806,saving,28935.99
202512,A18807,investment,314910.13
202512,A18808,investment,51643.68
202512,A18809,investment,77515.13
202512,A18810,investment,905978.02
202512,A18811,investment,0
202512,A18812,lending,35545.79
202512,A18813,investment,957789.92
202512,A18814,investment,239796.23
202512,A18815,investment,937687.9
202512,A18816,card,-997.32
202512,A18817,investment,955518.07
202512,A18818,mortgage,230296.94
202512,A18819,investment,0
202512,A18820,investment,9664.71
202512,A18821,lending,44131.21
202512,A18822,saving,1870.63
202512,A18823,investment,94569.02
202512,A18824,investment,684211.02
202512,A18825,saving,36210.36
202512,A18826,lending,0
202512,A18827,investment,514034.15
202512,A18828,saving,19223.44
202512,A18829,investment,162437.19
202512,A18830,saving,14223.18
202512,A18831,mortgage,337023.14
202512,A18832,mortgage,94809.41
202512,A18833,investment,142790.52
202512,A18834,investment,91512
202512,A18835,investment,923863.28
202512,A18836,saving,16441.35
202512,A18837,saving,28587.26
202512,A18838,chequing,8425.6
202512,A18839,investment,70873.96
202512,A18840,card,-209.89
202512,A18841,investment,106007.7
202512,A18842,mortgage,294445.18
202512,A18843,investment,17142.01
202512,A18844,chequing,9974.99
202512,A18845,mortgage,0
202512,A18846,investment,88870.35
202512,A18847,investment,509827.68
202512,A18848,investment,157250.55
202512,A18849,mortgage,410800.82
202512,A18850,investment,692953.52
202512,A18851,investment,0
202512,A18852,investment,714009.79
202512,A18853,investment,17266.75
202512,A18854,mortgage,102216.79
202512,A18855,card,-4573.48
202512,A18856,investment,332392.63
202512,A18857,investment,921635.48
202512,A18858,saving,32797.7
202512,A18859,mortgage,397775.72
202512,A18860,investment,344144.09
202512,A18861,investment,248709.44
202512,A18862,investment,48638.03
202512,A18863,investment,180029.61
202512,A18864,card,-2424.13
202512,A18865,card,-1673.9
202512,A18866,investment,710672.62
202512,A18867,chequing,19003.26
202512,A18868,chequing,12038.16
202512,A18869,investment,804971.51
202512,A18870,investment,252897.41
202512,A18871,lending,20863.21
202512,A18872,lending,12675.23
202512,A18873,chequing,2873.11
202512,A18874,investment,96010.22
202512,A18875,chequing,0
202512,A18876,lending,42376.54
202512,A18877,investment,536685.25
202512,A18878,chequing,4795.05
202512,A18879,chequing,4238.08
202512,A18880,chequing,6548.37
202512,A18881,saving,33584.8
202512,A18882,saving,8829.65
202512,A18883,investment,880189.04
202512,A18884,chequing,0
202512,A18885,card,-8.36
202512,A18886,investment,778656.41
202512,A18887,investment,950567.38
202512,A18888,saving,12069.91
202512,A18889,investment,277772.8
202512,A18890,saving,3831.66
202512,A18891,mortgage,257267.99
202512,A18892,investment,79637.19
202512,A18893,investment,31064.82
202512,A18894,investment,486325.08
202512,A18895,investment,951960.1
202512,A18896,investment,188407.81
202512,A18897,investment,77228.54
202512,A18898,investment,591959.87
202512,A18899,investment,794995.04
202512,A18900,chequing,3922.91
202512,A18901,investment,693026.01
202512,A18902,saving,41521.74
202512,A18903,investment,683951.62
202512,A18904,investment,459498.99
202512,A18905,investment,0
202512,A18906,investment,381523.43
202512,A18907,saving,0
202512,A18908,saving,34302.75
202512,A18909,lending,14506.13
202512,A18910,card,-3502.88
202512,A18911,lending,18616.73
202512,A18912,investment,148973.32
202512,A18913,card,0
202512,A18914,lending,10307.31
202512,A18915,chequing,18101.77
202512,A18916,investment,353993.31
202512,A18917,lending,21315.87
202512,A18918,investment,415324.96
202512,A18919,lending,18761.91
202512,A18920,lending,30151.03
202512,A18921,investment,633747.15
202512,A18922,chequing,16336.16
202512,A18923,chequing,5313.36
202512,A18924,chequing,0
202512,A18925,chequing,5229.44
202512,A18926,saving,0
202512,A18927,investment,577735.75
202512,A18928,investment,508134.8
202512,A18929,investment,110375.16
202512,A18930,chequing,7814.08
202512,A18931,lending,22340.38
202512,A18932,investment,0
202512,A18933,investment,741712.1
202512,A18934,chequing,10325.03
202512,A18935,investment,650522.92
202512,A18936,mortgage,70504.3
202512,A18937,investment,800290.54
202512,A18938,mortgage,125421.1
202512,A18939,saving,16639.21
202512,A18940,investment,908255.41
202512,A18941,investment,742773.68
202512,A18942,investment,117267.98
202512,A18943,chequing,9921.45
202512,A18944,investment,129893.27
202512,A18945,mortgage,404985.11
202512,A18946,lending,31476.05
202512,A18947,saving,1165.77
202512,A18948,investment,68790.33
202512,A18949,investment,536946.31
202512,A18950,saving,18480.9
202512,A18951,chequing,6062.29
202512,A18952,mortgage,79795
202512,A18953,mortgage,0
202512,A18954,investment,159132.67
202512,A18955,saving,1526.89
202512,A18956,investment,790217.73
202512,A18957,saving,14768.53
202512,A18958,chequing,6423
202512,A18959,chequing,5085.8
202512,A18960,investment,0
202512,A18961,investment,955248.06
202512,A18962,investment,355430.61
202512,A18963,card,-4243.44
202512,A18964,investment,0
202512,A18965,saving,0
202512,A18966,investment,0
202512,A18967,card,-413.67
202512,A18968,mortgage,430696.69
202512,A18969,investment,0
202512,A18970,lending,0
202512,A18971,investment,702444.83
202512,A18972,lending,47984.29
202512,A18973,chequing,9661.54
202512,A18974,card,-3435.43
202512,A18975,investment,450984.18
202512,A18976,investment,298591.3
202512,A18977,chequing,3368.33
202512,A18978,investment,371969.81
202512,A18979,investment,540039.71
202512,A18980,mortgage,0
202512,A18981,investment,342239.46
202512,A18982,investment,0
202512,A18983,saving,0
202512,A18984,investment,208435.01
202512,A18985,chequing,14943.87
202512,A18986,saving,44023.66
202512,A18987,chequing,18457.56
202512,A18988,investment,866561.04
202512,A18989,investment,298006.13
202512,A18990,saving,8661.78
202512,A18991,mortgage,265763.17
202512,A18992,investment,555540.73
202512,A18993,chequing,11068.55
202512,A18994,investment,846289.56
202512,A18995,chequing,16895.91
202512,A18996,card,-2092.76
202512,A18997,investment,596598.58
202512,A18998,lending,2653.97
202512,A18999,investment,236495.69
202512,A19000,chequing,13269.28
202512,A19001,chequing,4674.59
202512,A19002,lending,42795.57
202512,A19003,investment,791185.48
202512,A19004,chequing,5271.14
202512,A19005,saving,15106.6
202512,A19006,mortgage,68789.6
202512,A19007,investment,46791.31
202512,A19008,investment,215918.12
202512,A19009,chequing,16542.71
202512,A19010,chequing,4215.19
202512,A19011,lending,7159.9
202512,A19012,card,-4916.69
202512,A19013,chequing,16452.86
202512,A19014,chequing,434.11
202512,A19015,chequing,2509.85
202512,A19016,investment,20200.39
202512,A19017,card,-3313.41
202512,A19018,investment,822656.87
202512,A19019,investment,164314.51
202512,A19020,investment,839947.93
202512,A19021,investment,342551.81
202512,A19022,saving,16090.33
202512,A19023,investment,641236.84
202512,A19024,lending,7796.27
202512,A19025,investment,595147.44
202512,A19026,investment,481284.66
202512,A19027,investment,426465.21
202512,A19028,investment,0
202512,A19029,investment,0
202512,A19030,investment,548033.83
202512,A19031,lending,35954.83
202512,A19032,lending,16134.95
202512,A19033,investment,0
202512,A19034,card,0
202512,A19035,investment,354589.87
202512,A19036,mortgage,480849.11
202512,A19037,lending,42483.74
202512,A19038,saving,16211.09
202512,A19039,card,-3946.05
202512,A19040,investment,537566.07
202512,A19041,lending,0
202512,A19042,investment,0
202512,A19043,investment,880064.11
202512,A19044,card,-360.7
202512,A19045,investment,516369.88
202512,A19046,card,-2833.04
202512,A19047,card,-2438.4
202512,A19048,saving,0
202512,A19049,investment,868568.74
202512,A19050,investment,0
202512,A19051,investment,132096.34
202512,A19052,saving,15705.64
202512,A19053,investment,29534.53
202512,A19054,chequing,391.18
202512,A19055,investment,118967.72
202512,A19056,investment,432840.35
202512,A19057,investment,322429.09
202512,A19058,investment,293271.3
202512,A19059,investment,746517.94
202512,A19060,saving,40908.64
202512,A19061,saving,32699.88
202512,A19062,chequing,3205.53
202512,A19063,chequing,0
202512,A19064,investment,900723.61
202512,A19065,chequing,17955.12
202512,A19066,investment,252372.48
202512,A19067,mortgage,123769.07
202512,A19068,card,0
202512,A19069,investment,66494.06
202512,A19070,mortgage,313721.87
202512,A19071,saving,14098.35
202512,A19072,investment,406728.2
202512,A19073,lending,42665.82
202512,A19074,card,-2116.64
202512,A19075,chequing,17936.47
202512,A19076,investment,685743.69
202512,A19077,chequing,12933.55
202512,A19078,saving,17730.92
202512,A19079,investment,145387.57
202512,A19080,chequing,7552.47
202512,A19081,chequing,182.62
202512,A19082,mortgage,433706.73
202512,A19083,investment,616493.19
202512,A19084,chequing,0
202512,A19085,chequing,1728.34
202512,A19086,chequing,2322.71
202512,A19087,saving,20498.55
202512,A19088,investment,910280.48
202512,A19089,saving,19109.31
202512,A19090,chequing,13485.56
202512,A19091,lending,44659.61
202512,A19092,lending,10611.1
202512,A19093,card,-3568.97
202512,A19094,card,-105.58
202512,A19095,investment,503950.99
202512,A19096,investment,627627.74
202512,A19097,lending,33773.28
202512,A19098,investment,0
202512,A19099,mortgage,386862.67
202512,A19100,mortgage,83592.85
202512,A19101,investment,885836.01
202512,A19102,investment,931713.86
202512,A19103,lending,26798
202512,A19104,lending,23764.58
202512,A19105,investment,0
202512,A19106,lending,20858.57
202512,A19107,investment,539033.76
202512,A19108,saving,39684.35
202512,A19109,investment,394833.41
202512,A19110,mortgage,171684.23
202512,A19111,investment,38131.66
202512,A19112,investment,610963.7
202512,A19113,lending,48356.09
202512,A19114,investment,357596.58
202512,A19115,mortgage,206341.95
202512,A19116,chequing,8598.15
202512,A19117,saving,13682.51
202512,A19118,chequing,0
202512,A19119,lending,39479.51
202512,A19120,mortgage,420520.11
202512,A19121,card,-4131.46
202512,A19122,saving,9123.63
202512,A19123,investment,173556.72
202512,A19124,saving,7967.77
202512,A19125,saving,23369.77
202512,A19126,investment,282248.32
202512,A19127,mortgage,340310.43
202512,A19128,chequing,0
202512,A19129,chequing,2731.51
202512,A19130,chequing,16594.2
202512,A19131,investment,907098.94
202512,A19132,chequing,6625.16
202512,A19133,mortgage,95007.4
202512,A19134,investment,593317.28
202512,A19135,mortgage,57784.54
202512,A19136,investment,640789.55
202512,A19137,mortgage,215598.16
202512,A19138,lending,0
202512,A19139,chequing,0
202512,A19140,chequing,3638.24
202512,A19141,lending,30640.74
202512,A19142,chequing,3603.26
202512,A19143,lending,27343.72
202512,A19144,investment,783954.66
202512,A19145,investment,139083.88
202512,A19146,investment,263498.89
202512,A19147,lending,27031.68
202512,A19148,chequing,4861.38
202512,A19149,lending,0
202512,A19150,card,-4881.76
202512,A19151,card,-838.78
202512,A19152,saving,26148.23
202512,A19153,card,0
202512,A19154,lending,4618.92
202512,A19155,saving,18527.07
202512,A19156,chequing,3166.09
202512,A19157,investment,299440.55
202512,A19158,investment,726491.68
202512,A19159,investment,0
202512,A19160,chequing,3355.51
202512,A19161,investment,0
202512,A19162,investment,160063.32
202512,A19163,chequing,6974.33
202512,A19164,chequing,9414.69
202512,A19165,investment,75111.41
202512,A19166,chequing,19200.03
202512,A19167,chequing,0
202512,A19168,investment,606488.94
202512,A19169,chequing,16904.75
202512,A19170,investment,78201.72
202512,A19171,mortgage,224368.29
202512,A19172,investment,855708.2
202512,A19173,investment,0
202512,A19174,investment,255221.74
202512,A19175,chequing,6599
202512,A19176,investment,138456.44
202512,A19177,lending,40362.34
202512,A19178,saving,24266.73
202512,A19179,mortgage,0
202512,A19180,investment,359131.94
202512,A19181,chequing,7050.54
202512,A19182,chequing,19834.27
202512,A19183,investment,601413.7
202512,A19184,mortgage,371085.73
202512,A19185,mortgage,328855.88
202512,A19186,card,-1277.55
202512,A19187,mortgage,64013.67
202512,A19188,chequing,9590.48
202512,A19189,mortgage,311159.03
202512,A19190,investment,787543.53
202512,A19191,investment,685659.86
202512,A19192,saving,9422.68
202512,A19193,investment,207972.18
202512,A19194,chequing,8273.97
202512,A19195,lending,11775.78
202512,A19196,card,-4525.88
202512,A19197,chequing,9804.74
202512,A19198,lending,24179.6
202512,A19199,saving,31202.34
202512,A19200,investment,47805.56
202512,A19201,investment,80202.18
202512,A19202,saving,30273.04
202512,A19203,investment,38252.39
202512,A19204,saving,8882.48
202512,A19205,investment,347682.2
202512,A19206,investment,12811.07
202512,A19207,lending,16631.2
202512,A19208,mortgage,227114.91
202512,A19209,investment,45903.64
202512,A19210,mortgage,136101.27
202512,A19211,card,-857.98
202512,A19212,card,-1862.58
202512,A19213,investment,721069.63
202512,A19214,mortgage,498651.26
202512,A19215,investment,41187.65
202512,A19216,saving,13809.83
202512,A19217,investment,508767.4
202512,A19218,investment,927543.78
202512,A19219,chequing,7769.5
202512,A19220,card,-1428.93
202512,A19221,investment,380882.73
202512,A19222,chequing,6437.65
202512,A19223,investment,0
202512,A19224,chequing,12375.33
202512,A19225,chequing,7926.72
202512,A19226,mortgage,0
202512,A19227,investment,742133.34
202512,A19228,lending,9896.38
202512,A19229,lending,18702.65
202512,A19230,chequing,1920.26
202512,A19231,saving,11674.65
202512,A19232,investment,113891.02
202512,A19233,investment,933754.71
202512,A19234,chequing,2058.43
202512,A19235,card,-885.98
202512,A19236,investment,96773.44
202512,A19237,mortgage,386547.09
202512,A19238,saving,18067.62
202512,A19239,card,-1144.52
202512,A19240,investment,66574.54
202512,A19241,saving,0
202512,A19242,investment,993476.49
202512,A19243,saving,34153.59
202512,A19244,saving,1558.89
202512,A19245,saving,3166.3
202512,A19246,investment,586064.06
202512,A19247,investment,0
202512,A19248,saving,17609.09
202512,A19249,mortgage,454769.28
202512,A19250,chequing,0
202512,A19251,investment,542184.16
202512,A19252,card,-3175.73
202512,A19253,investment,353210.75
202512,A19254,investment,390175.08
202512,A19255,investment,80937.04
202512,A19256,investment,875088.88
202512,A19257,investment,862901.03
202512,A19258,card,-4482.87
202512,A19259,investment,709957.89
202512,A19260,investment,3626.62
202512,A19261,saving,10126.64
202512,A19262,chequing,16716.12
202512,A19263,investment,554160.07
202512,A19264,investment,905719.44
202512,A19265,chequing,5521.63
202512,A19266,chequing,0
202512,A19267,investment,273591.55
202512,A19268,investment,4333.42
202512,A19269,saving,18405.48
202512,A19270,saving,17850.88
202512,A19271,saving,11064.03
202512,A19272,chequing,4724.95
202512,A19273,investment,689911.31
202512,A19274,saving,12983.67
202512,A19275,investment,281031.85
202512,A19276,lending,3344.85
202512,A19277,investment,205241.42
202512,A19278,chequing,7746.36
202512,A19279,investment,559964.96
202512,A19280,chequing,2453.02
202512,A19281,investment,190823.05
202512,A19282,lending,47245.54
202512,A19283,investment,0
202512,A19284,investment,77938.91
202512,A19285,chequing,0
202512,A19286,investment,711974.83
202512,A19287,saving,8109.68
202512,A19288,investment,363469.05
202512,A19289,saving,10947.81
202512,A19290,investment,910918.97
202512,A19291,chequing,14646.67
202512,A19292,mortgage,451838.11
202512,A19293,investment,973205.58
202512,A19294,investment,458052.42
202512,A19295,investment,654184.2
202512,A19296,saving,3993.76
202512,A19297,chequing,9796.15
202512,A19298,investment,716464.06
202512,A19299,investment,821055.19
202512,A19300,saving,9305.94
202512,A19301,investment,64683.18
202512,A19302,investment,417004.27
202512,A19303,investment,890063.02
202512,A19304,chequing,6411.1
202512,A19305,investment,29116.61
202512,A19306,investment,235549.2
202512,A19307,investment,649580.46
202512,A19308,lending,42003.12
202512,A19309,lending,34064.79
202512,A19310,investment,941815.84
202512,A19311,investment,322274.62
202512,A19312,saving,16367.11
202512,A19313,saving,10048.19
202512,A19314,investment,185539.63
202512,A19315,chequing,0
202512,A19316,chequing,6479.8
202512,A19317,investment,791733.4
202512,A19318,investment,661022.82
202512,A19319,lending,0
202512,A19320,saving,2500.66
202512,A19321,mortgage,484937.72
202512,A19322,investment,945927.12
202512,A19323,investment,792931.51
202512,A19324,mortgage,172081.46
202512,A19325,lending,49679.53
202512,A19326,investment,0
202512,A19327,saving,8831.29
202512,A19328,investment,0
202512,A19329,investment,13447.81
202512,A19330,saving,0
202512,A19331,investment,954639.38
202512,A19332,saving,16772.85
202512,A19333,investment,139702.76
202512,A19334,mortgage,0
202512,A19335,chequing,18429.32
202512,A19336,mortgage,397553.3
202512,A19337,chequing,10982.73
202512,A19338,investment,0
202512,A19339,saving,37396.95
202512,A19340,investment,0
202512,A19341,investment,343222.7
202512,A19342,lending,20027.15
202512,A19343,investment,7912.6
202512,A19344,card,-354.86
202512,A19345,investment,192718.54
202512,A19346,mortgage,470997.02
202512,A19347,card,0
202512,A19348,saving,1157.76
202512,A19349,saving,11838.08
202512,A19350,card,-2681.97
202512,A19351,investment,65143.98
202512,A19352,mortgage,199457.87
202512,A19353,investment,974334.99
202512,A19354,lending,35701.41
202512,A19355,investment,868960.03
202512,A19356,investment,52343.6
202512,A19357,chequing,11401.59
202512,A19358,investment,611450.8
202512,A19359,lending,30111.87
202512,A19360,chequing,4053.21
202512,A19361,investment,89282.59
202512,A19362,investment,428651.14
202512,A19363,chequing,10450.83
202512,A19364,card,-2384.42
202512,A19365,saving,5212.31
202512,A19366,mortgage,343995.44
202512,A19367,investment,998722.56
202512,A19368,card,-1917.71
202512,A19369,investment,57692.96
202512,A19370,chequing,0
202512,A19371,investment,0
202512,A19372,saving,16210.51
202512,A19373,card,-1437.08
202512,A19374,investment,606792.94
202512,A19375,investment,90799.03
202512,A19376,card,-3263.31
202512,A19377,lending,41893.91
202512,A19378,investment,117757.81
202512,A19379,card,-2188.92
202512,A19380,mortgage,277295.31
202512,A19381,investment,747355.21
202512,A19382,investment,374133.37
202512,A19383,investment,97092.44
202512,A19384,investment,922691.25
202512,A19385,lending,26909.04
202512,A19386,investment,523071.34
202512,A19387,mortgage,357241.82
202512,A19388,saving,27794.66
202512,A19389,card,-2806.32
202512,A19390,investment,997400.87
202512,A19391,investment,0
202512,A19392,chequing,6085.59
202512,A19393,investment,848843.64
202512,A19394,investment,590080.39
202512,A19395,investment,48907.89
202512,A19396,saving,4433.3
202512,A19397,investment,136253.76
202512,A19398,card,-3581.23
202512,A19399,mortgage,206549.24
202512,A19400,saving,5602.61
202512,A19401,investment,847522.09
202512,A19402,saving,10366.4
202512,A19403,investment,194788.24
202512,A19404,chequing,9078.88
202512,A19405,chequing,7293.52
202512,A19406,investment,564765.51
202512,A19407,lending,2412.89
202512,A19408,chequing,9005.47
202512,A19409,chequing,5077.14
202512,A19410,mortgage,187118.63
202512,A19411,investment,934891.95
202512,A19412,investment,315689.05
202512,A19413,chequing,0
202512,A19414,mortgage,0
202512,A19415,investment,0
202512,A19416,mortgage,100502.76
202512,A19417,card,-4203.77
202512,A19418,investment,551366.88
202512,A19419,saving,45160.05
202512,A19420,chequing,654.5
202512,A19421,saving,17535.58
202512,A19422,investment,435590.9
202512,A19423,investment,195189.43
202512,A19424,lending,25753.04
202512,A19425,chequing,5665.55
202512,A19426,investment,301209
202512,A19427,chequing,16890.92
202512,A19428,card,-278.68
202512,A19429,chequing,18765.26
202512,A19430,investment,97008.05
202512,A19431,lending,41888.82
202512,A19432,investment,658925.52
202512,A19433,chequing,0
202512,A19434,saving,13878.86
202512,A19435,saving,26896.67
202512,A19436,saving,5412.66
202512,A19437,mortgage,338333.62
202512,A19438,card,-3201.8
202512,A19439,investment,0
202512,A19440,mortgage,396228.95
202512,A19441,investment,311169.52
202512,A19442,investment,550807.42
202512,A19443,mortgage,268786.38
202512,A19444,investment,627482.05
202512,A19445,chequing,3822.28
202512,A19446,investment,847243.46
202512,A19447,investment,853281.28
202512,A19448,chequing,8608.32
202512,A19449,chequing,11478.05
202512,A19450,investment,693423.74
202512,A19451,investment,755756.43
202512,A19452,mortgage,0
202512,A19453,investment,502468.73
202512,A19454,mortgage,482649.52
202512,A19455,chequing,8767.14
202512,A19456,chequing,409.5
202512,A19457,mortgage,345577.09
202512,A19458,chequing,13593.84
202512,A19459,lending,30321.24
202512,A19460,chequing,14964.35
202512,A19461,investment,0
202512,A19462,lending,0
202512,A19463,card,-4544.69
202512,A19464,mortgage,62835.45
202512,A19465,chequing,18598.3
202512,A19466,card,-3446.2
202512,A19467,lending,15579.54
202512,A19468,investment,0
202512,A19469,investment,231928.42
202512,A19470,lending,17071.93
202512,A19471,investment,63042.72
202512,A19472,mortgage,59058.05
202512,A19473,saving,17518.81
202512,A19474,investment,10951.87
202512,A19475,mortgage,142654.9
202512,A19476,investment,640189.61
202512,A19477,card,-4216.25
202512,A19478,lending,39327.35
202512,A19479,investment,549129.36
202512,A19480,investment,528341.03
202512,A19481,investment,131857.43
202512,A19482,investment,23658.37
202512,A19483,investment,856588.74
202512,A19484,saving,13215.87
202512,A19485,investment,1483
202512,A19486,chequing,14949.92
202512,A19487,card,-2119.25
202512,A19488,investment,255729.23
202512,A19489,investment,601279.7
202512,A19490,investment,0
202512,A19491,investment,0
202512,A19492,chequing,16872.42
202512,A19493,mortgage,0
202512,A19494,chequing,8113.53
202512,A19495,investment,267543.63
202512,A19496,investment,620924.73
202512,A19497,card,-4308.64
202512,A19498,chequing,6126.18
202512,A19499,lending,35951.47
202512,A19500,investment,601084.91
202512,A19501,lending,41975.01
202512,A19502,chequing,17425.45
202512,A19503,investment,13288.63
202512,A19504,chequing,3854.45
202512,A19505,saving,7954.56
202512,A19506,investment,194043.59
202512,A19507,lending,28747.53
202512,A19508,investment,261486.7
202512,A19509,card,-1057.4
202512,A19510,investment,0
202512,A19511,saving,4602.29
202512,A19512,chequing,6953.31
202512,A19513,investment,175041.92
202512,A19514,lending,7398.51
202512,A19515,chequing,5513.69
202512,A19516,investment,220576.05
202512,A19517,chequing,19010.79
202512,A19518,mortgage,472809.21
202512,A19519,chequing,18004.27
202512,A19520,card,-296.1
202512,A19521,chequing,3350.39
202512,A19522,investment,142802.19
202512,A19523,saving,8351.39
202512,A19524,chequing,8131.18
202512,A19525,card,-646.87
202512,A19526,mortgage,356232.82
202512,A19527,mortgage,165909.86
202512,A19528,saving,3985.6
202512,A19529,card,-769.71
202512,A19530,card,-1260.12
202512,A19531,investment,3496.32
202512,A19532,chequing,3147.63
202512,A19533,chequing,0
202512,A19534,chequing,9729.69
202512,A19535,saving,10811.71
202512,A19536,saving,39162.93
202512,A19537,saving,28553.38
202512,A19538,investment,340885.67
202512,A19539,investment,787533.89
202512,A19540,lending,0
202512,A19541,investment,72667.3
202512,A19542,investment,870671.01
202512,A19543,saving,22063.6
202512,A19544,lending,38231.06
202512,A19545,investment,486473.21
202512,A19546,card,-1582.82
202512,A19547,chequing,1555.76
202512,A19548,investment,252767.85
202512,A19549,investment,192642.56
202512,A19550,investment,119304.48
202512,A19551,lending,24259.59
202512,A19552,investment,109170.32
202512,A19553,card,-2771
202512,A19554,mortgage,214473.43
202512,A19555,mortgage,256429.9
202512,A19556,investment,768087.13
202512,A19557,investment,628883.49
202512,A19558,investment,6342.11
202512,A19559,chequing,7421.86
202512,A19560,investment,820905.42
202512,A19561,saving,0
202512,A19562,investment,0
202512,A19563,saving,30400.93
202512,A19564,investment,336076.16
202512,A19565,investment,204098.65
202512,A19566,investment,164904.66
202512,A19567,chequing,15368.03
202512,A19568,investment,0
202512,A19569,investment,878335.6
202512,A19570,investment,894742.89
202512,A19571,chequing,8276.27
202512,A19572,investment,0
202512,A19573,chequing,7626.57
202512,A19574,investment,0
202512,A19575,card,-766.84
202512,A19576,saving,14108.78
202512,A19577,saving,894.27
202512,A19578,chequing,2572.8
202512,A19579,investment,205897.82
202512,A19580,chequing,9261.49
202512,A19581,investment,55974.4
202512,A19582,card,0
202512,A19583,saving,0
202512,A19584,chequing,8368.05
202512,A19585,mortgage,349123.14
202512,A19586,investment,128547.77
202512,A19587,investment,328083.33
202512,A19588,mortgage,175797.57
202512,A19589,chequing,4363.4
202512,A19590,saving,4344.38
202512,A19591,investment,199091.12
202512,A19592,chequing,2014.02
202512,A19593,investment,693191.67
202512,A19594,chequing,17101.34
202512,A19595,investment,286866.72
202512,A19596,lending,0
202512,A19597,lending,4076.88
202512,A19598,card,-3246.41
202512,A19599,investment,299578.98
202512,A19600,saving,0
202512,A19601,chequing,8674.68
202512,A19602,mortgage,289611.61
202512,A19603,chequing,5387.34
202512,A19604,lending,14834
202512,A19605,card,-2259.48
202512,A19606,saving,25086.29
202512,A19607,lending,0
202512,A19608,investment,628941.98
202512,A19609,chequing,7200.24
202512,A19610,investment,461613.8
202512,A19611,lending,38941.8
202512,A19612,investment,76566.46
202512,A19613,mortgage,320316.5
202512,A19614,investment,964300.96
202512,A19615,mortgage,301780.85
202512,A19616,saving,16878.24
202512,A19617,investment,672296.3
202512,A19618,chequing,13902.96
202512,A19619,lending,12935.55
202512,A19620,investment,638012.25
202512,A19621,lending,0
202512,A19622,saving,7729.48
202512,A19623,saving,18211.17
202512,A19624,card,-188.6
202512,A19625,investment,23516
202512,A19626,investment,671261.09
202512,A19627,lending,36841.36
202512,A19628,chequing,6934.81
202512,A19629,lending,36900.08
202512,A19630,chequing,5164.07
202512,A19631,mortgage,200597.99
202512,A19632,saving,0
202512,A19633,saving,7434
202512,A19634,card,-3947.14
202512,A19635,investment,56539.9
202512,A19636,lending,27731.88
202512,A19637,investment,0
202512,A19638,investment,954748.77
202512,A19639,saving,0
202512,A19640,mortgage,329835.46
202512,A19641,mortgage,237985.35
202512,A19642,saving,13497.34
202512,A19643,investment,0
202512,A19644,mortgage,0
202512,A19645,chequing,12967.8
202512,A19646,investment,51554.12
202512,A19647,card,-2837.63
202512,A19648,mortgage,372522.17
202512,A19649,investment,243678.84
202512,A19650,card,-1505.5
202512,A19651,investment,555921.8
202512,A19652,lending,10013.66
202512,A19653,investment,711689.76
202512,A19654,saving,46300.15
202512,A19655,lending,36495.18
202512,A19656,investment,515721.45
202512,A19657,lending,26058.14
202512,A19658,investment,0
202512,A19659,chequing,9833.88
202512,A19660,mortgage,475058.81
202512,A19661,chequing,8912.61
202512,A19662,investment,293749.56
202512,A19663,chequing,9235.65
202512,A19664,saving,17121.85
202512,A19665,investment,98739.17
202512,A19666,mortgage,80127.06
202512,A19667,investment,38061.86
202512,A19668,investment,57576.08
202512,A19669,mortgage,426598.86
202512,A19670,saving,9857.37
202512,A19671,investment,0
202512,A19672,chequing,7764.12
202512,A19673,saving,5702.79
202512,A19674,card,-1862.67
202512,A19675,mortgage,0
202512,A19676,chequing,8287.33
202512,A19677,saving,13811.37
202512,A19678,investment,96301
202512,A19679,chequing,5813.78
202512,A19680,chequing,3752.85
202512,A19681,investment,162691.01
202512,A19682,chequing,15573.66
202512,A19683,mortgage,138826.19
202512,A19684,mortgage,436321.57
202512,A19685,investment,767763.33
202512,A19686,saving,12993.02
202512,A19687,mortgage,0
202512,A19688,investment,63825.61
202512,A19689,chequing,2548.67
202512,A19690,chequing,0
202512,A19691,chequing,5856.38
202512,A19692,investment,10118.98
202512,A19693,investment,42801.68
202512,A19694,investment,0
202512,A19695,investment,473336.44
202512,A19696,saving,0
202512,A19697,saving,30155.83
202512,A19698,card,-623.44
202512,A19699,mortgage,440852.26
202512,A19700,investment,400087.5
202512,A19701,investment,229454.46
202512,A19702,investment,66182.53
202512,A19703,investment,376191.67
202512,A19704,investment,180438.73
202512,A19705,chequing,10263.82
202512,A19706,saving,5663.05
202512,A19707,chequing,3575.16
202512,A19708,chequing,15737.88
202512,A19709,investment,226965.25
202512,A19710,investment,71528.31
202512,A19711,chequing,3558.14
202512,A19712,mortgage,107015.07
202512,A19713,investment,641916.64
202512,A19714,lending,0
202512,A19715,chequing,12408.36
202512,A19716,chequing,4997.34
202512,A19717,card,0
202512,A19718,mortgage,334035.04
202512,A19719,chequing,13503.38
202512,A19720,investment,0
202512,A19721,investment,970186.83
202512,A19722,chequing,5775.02
202512,A19723,lending,39623.74
202512,A19724,investment,432044.91
202512,A19725,investment,397234.13
202512,A19726,investment,751142.06
202512,A19727,chequing,6421.44
202512,A19728,investment,99114.21
202512,A19729,investment,800866.27
202512,A19730,card,-4706.4
202512,A19731,investment,204178.26
202512,A19732,investment,265013.51
202512,A19733,investment,487258.78
202512,A19734,mortgage,487921.46
202512,A19735,chequing,2714.42
202512,A19736,investment,208028.69
202512,A19737,investment,89033.58
202512,A19738,investment,616013.32
202512,A19739,card,-1515.92
202512,A19740,investment,202987.8
202512,A19741,chequing,8410.36
202512,A19742,chequing,344.19
202512,A19743,investment,828710.53
202512,A19744,investment,73056.33
202512,A19745,investment,90030.74
202512,A19746,chequing,6482.94
202512,A19747,investment,958485.26
202512,A19748,saving,10025.51
202512,A19749,chequing,642.28
202512,A19750,investment,750934.75
202512,A19751,lending,17958.46
202512,A19752,chequing,15075.69
202512,A19753,investment,649304.1
202512,A19754,card,-3007.69
202512,A19755,card,-4733.6
202512,A19756,investment,886612.99
202512,A19757,chequing,16662.9
202512,A19758,saving,1164.85
202512,A19759,chequing,10366.28
202512,A19760,chequing,7903.88
202512,A19761,investment,676825.54
202512,A19762,investment,116966.26
202512,A19763,card,-2587.91
202512,A19764,saving,18339.22
202512,A19765,lending,19169.2
202512,A19766,lending,10578.82
202512,A19767,chequing,9932.65
202512,A19768,saving,4049.63
202512,A19769,card,-3678.08
202512,A19770,chequing,4747.02
202512,A19771,investment,764021.14
202512,A19772,investment,556178.41
202512,A19773,mortgage,480253.28
202512,A19774,investment,636365.13
202512,A19775,saving,13715.96
202512,A19776,investment,26502.7
202512,A19777,saving,12186.99
202512,A19778,investment,880010.99
202512,A19779,investment,457344.91
202512,A19780,card,-1045.52
202512,A19781,chequing,6880.71
202512,A19782,saving,0
202512,A19783,investment,75971.65
202512,A19784,mortgage,355882.19
202512,A19785,investment,773349.32
202512,A19786,investment,377328.99
202512,A19787,mortgage,290718.99
202512,A19788,investment,34478.02
202512,A19789,saving,12654.69
202512,A19790,card,-3132.8
202512,A19791,mortgage,264983.23
202512,A19792,lending,45527.33
202512,A19793,mortgage,270379.78
202512,A19794,investment,0
202512,A19795,chequing,10770.11
202512,A19796,mortgage,0
202512,A19797,investment,140731.18
202512,A19798,card,-4855.25
202512,A19799,investment,894650.65
202512,A19800,investment,22729.74
202512,A19801,chequing,9112.25
202512,A19802,saving,16960.25
202512,A19803,card,-4124.12
202512,A19804,saving,8841.56
202512,A19805,saving,31632.26
202512,A19806,card,-2740.87
202512,A19807,card,-1841.06
202512,A19808,investment,900375.43
202512,A19809,investment,205313.75
202512,A19810,investment,701316.54
202512,A19811,investment,791954.98
202512,A19812,card,-4548.52
202512,A19813,saving,15913.31
202512,A19814,card,-120.49
202512,A19815,investment,189511.76
202512,A19816,chequing,18194.88
202512,A19817,investment,420386.04
202512,A19818,card,0
202512,A19819,card,-2211.65
202512,A19820,investment,863836.39
202512,A19821,investment,117990.4
202512,A19822,card,-1226.27
202512,A19823,lending,0
202512,A19824,chequing,15288.98
202512,A19825,saving,2441.06
202512,A19826,card,-2212.99
202512,A19827,chequing,2398.54
202512,A19828,investment,326052.23
202512,A19829,saving,34417.21
202512,A19830,chequing,17728.96
202512,A19831,investment,374714.79
202512,A19832,investment,274113.2
202512,A19833,chequing,665.04
202512,A19834,investment,0
202512,A19835,lending,31219.96
202512,A19836,mortgage,496016.21
202512,A19837,chequing,7335.44
202512,A19838,investment,688929.81
202512,A19839,lending,5289.59
202512,A19840,lending,30425.8
202512,A19841,chequing,6910.68
202512,A19842,investment,87215.48
202512,A19843,saving,39629.8
202512,A19844,investment,929114
202512,A19845,mortgage,80360.38
202512,A19846,investment,594614.58
202512,A19847,card,-3047.68
202512,A19848,investment,984300.56
202512,A19849,card,-1013.29
202512,A19850,investment,0
202512,A19851,lending,21827.21
202512,A19852,card,-2110.23
202512,A19853,lending,8700.35
202512,A19854,saving,5209.91
202512,A19855,card,-2326.94
202512,A19856,investment,95378.08
202512,A19857,investment,174212.85
202512,A19858,card,-2386.48
202512,A19859,chequing,4688.75
202512,A19860,saving,8407.76
202512,A19861,saving,2144.57
202512,A19862,saving,10718.41
202512,A19863,card,-3824.81
202512,A19864,chequing,9106.23
202512,A19865,lending,19657.22
202512,A19866,investment,720231.39
202512,A19867,mortgage,446230.39
202512,A19868,investment,63364.34
202512,A19869,card,-530.23
202512,A19870,card,-4365.97
202512,A19871,saving,2952.77
202512,A19872,mortgage,130239.17
202512,A19873,card,-429.76
202512,A19874,investment,692527
202512,A19875,mortgage,262283.5
202512,A19876,investment,460322.69
202512,A19877,saving,0
202512,A19878,investment,635268.33
202512,A19879,investment,751328.14
202512,A19880,saving,8876.13
202512,A19881,investment,879288.59
202512,A19882,lending,25668.93
202512,A19883,investment,95970.27
202512,A19884,chequing,1298.3
202512,A19885,chequing,3141.39
202512,A19886,chequing,8430.23
202512,A19887,lending,38451.41
202512,A19888,investment,85515.46
202512,A19889,card,-223.48
202512,A19890,chequing,7675.85
202512,A19891,saving,7187.96
202512,A19892,chequing,9196.44
202512,A19893,investment,105951.95
202512,A19894,investment,101990.76
202512,A19895,lending,46802.22
202512,A19896,card,-1463.56
202512,A19897,saving,13586.19
202512,A19898,saving,18964.38
202512,A19899,investment,66521.59
202512,A19900,investment,623862.91
202512,A19901,investment,233252.83
202512,A19902,mortgage,199625.42
202512,A19903,mortgage,168131.04
202512,A19904,card,-2380.4
202512,A19905,chequing,3012.49
202512,A19906,investment,220417.13
202512,A19907,chequing,5162.1
202512,A19908,card,-1958.65
202512,A19909,card,-4698.72
202512,A19910,investment,321522.72
202512,A19911,investment,609992.75
202512,A19912,card,-3892.29
202512,A19913,investment,922385.23
202512,A19914,investment,619687.15
202512,A19915,mortgage,285011.93
202512,A19916,lending,14442.11
202512,A19917,saving,19161.64
202512,A19918,investment,79128.38
202512,A19919,investment,248736.74
202512,A19920,investment,310000.29
202512,A19921,lending,46234.9
202512,A19922,chequing,6595.05
202512,A19923,lending,9425.11
202512,A19924,investment,291344.07
202512,A19925,investment,614672.84
202512,A19926,investment,577842.41
202512,A19927,mortgage,143137.1
202512,A19928,investment,0
202512,A19929,investment,379103.82
202512,A19930,chequing,0
202512,A19931,saving,0
202512,A19932,chequing,1988.42
202512,A19933,investment,512050.15
202512,A19934,investment,141320.65
202512,A19935,card,-3065.01
202512,A19936,saving,5115.12
202512,A19937,card,0
202512,A19938,investment,893495.41
202512,A19939,investment,422913.72
202512,A19940,card,-3460.86
202512,A19941,chequing,8340.89
202512,A19942,investment,404529.09
202512,A19943,lending,45765.81
202512,A19944,card,-2954.13
202512,A19945,investment,48425.25
202512,A19946,saving,5806.2
202512,A19947,lending,0
202512,A19948,investment,582804.28
202512,A19949,investment,53443.71
202512,A19950,saving,21841.83
202512,A19951,lending,43250.39
202512,A19952,investment,674806.02
202512,A19953,saving,0
202512,A19954,investment,6478.31
202512,A19955,card,-4536.98
202512,A19956,chequing,10012.53
202512,A19957,saving,0
202512,A19958,investment,728140.91
202512,A19959,chequing,3522.96
202512,A19960,investment,73964.08
202512,A19961,lending,18901.24
202512,A19962,investment,796584.3
202512,A19963,investment,606134.4
202512,A19964,card,-3890.19
202512,A19965,card,-60.69
202512,A19966,chequing,6462.09
202512,A19967,saving,17963.96
202512,A19968,saving,17193.98
202512,A19969,lending,5700.77
202512,A19970,chequing,9920.62
202512,A19971,card,-6.25
202512,A19972,saving,2639.3
202512,A19973,investment,35047.27
202512,A19974,investment,866388.53
202512,A19975,investment,569364.21
202512,A19976,chequing,16062.5
202512,A19977,mortgage,269440.91
202512,A19978,saving,10089.85
202512,A19979,saving,0
202512,A19980,lending,23498.65
202512,A19981,mortgage,273196.88
202512,A19982,lending,35052.41
202512,A19983,chequing,3400.48
202512,A19984,card,-4847.77
202512,A19985,card,-233.67
202512,A19986,lending,24689.21
202512,A19987,investment,749812.81
202512,A19988,investment,98768.91
202512,A19989,mortgage,161220.84
202512,A19990,card,-3055.15
202512,A19991,investment,310751.52
202512,A19992,lending,15047.51
202512,A19993,card,0
202512,A19994,investment,496369.34
202512,A19995,investment,663404.02
202512,A19996,investment,176264.59
202512,A19997,card,-1377.73
202512,A19998,card,-4350.62
202512,A19999,chequing,7118.11
202512,A20000,investment,60500.04
202512,A20001,mortgage,339325.43
202512,A20002,chequing,9572.56
202512,A20003,mortgage,0
202512,A20004,investment,55606.79
202512,A20005,lending,17746.99
202512,A20006,saving,42457.34
202512,A20007,mortgage,420788.83
202512,A20008,saving,38404.53
202512,A20009,saving,577.16
202512,A20010,chequing,0
202512,A20011,chequing,892.11
202512,A20012,card,-614.2
202512,A20013,saving,5016.8
202512,A20014,chequing,8468.34
202512,A20015,saving,6968.92
202512,A20016,mortgage,181826.92
202512,A20017,investment,218487.35
202512,A20018,card,-3820.27
202512,A20019,saving,0
202512,A20020,chequing,19281.03
202512,A20021,lending,29788.98
202512,A20022,saving,17727.89
202512,A20023,investment,25568.46
202512,A20024,chequing,4647.51
202512,A20025,saving,15503.98
202512,A20026,saving,8993.06
202512,A20027,saving,7522.4
202512,A20028,investment,791214.39
202512,A20029,investment,297843.1
202512,A20030,saving,10842.23
202512,A20031,investment,433000.78
202512,A20032,investment,335947.52
202512,A20033,mortgage,153649.16
202512,A20034,lending,6061.28
202512,A20035,card,-431.68
202512,A20036,mortgage,444894.66
202512,A20037,saving,8795.9
202512,A20038,investment,0
202512,A20039,investment,164038.62
202512,A20040,investment,103360.37
202512,A20041,lending,28271.54
202512,A20042,investment,0
202512,A20043,saving,10516.13
202512,A20044,investment,655906.76
202512,A20045,saving,32117.17
202512,A20046,investment,4199.76
202512,A20047,chequing,17403.87
202512,A20048,investment,172668.74
202512,A20049,mortgage,74061.22
202512,A20050,investment,433307.71
202512,A20051,investment,228507.89
202512,A20052,chequing,18704.39
202512,A20053,investment,188933.11
202512,A20054,chequing,13010.67
202512,A20055,card,0
202512,A20056,investment,345119.99
202512,A20057,mortgage,461772.68
202512,A20058,mortgage,386246.62
202512,A20059,investment,66407.97
202512,A20060,investment,0
202512,A20061,chequing,11380.93
202512,A20062,investment,516988.96
202512,A20063,saving,21914
202512,A20064,card,-4149.58
202512,A20065,card,-4911.65
202512,A20066,saving,16256.74
202512,A20067,investment,293696.81
202512,A20068,mortgage,177394.98
202512,A20069,investment,0
202512,A20070,investment,0
202512,A20071,investment,745727.26
202512,A20072,chequing,3853.96
202512,A20073,mortgage,86158.02
202512,A20074,investment,585726.86
202512,A20075,chequing,13970.88
202512,A20076,saving,3168.93
202512,A20077,investment,948689.29
202512,A20078,investment,259902.5
202512,A20079,mortgage,388717.68
202512,A20080,saving,11878.84
202512,A20081,chequing,1625.92
202512,A20082,chequing,534.59
202512,A20083,investment,0
202512,A20084,investment,475891.08
202512,A20085,mortgage,0
202512,A20086,investment,893367.52
202512,A20087,chequing,6153.32
202512,A20088,investment,370908.67
202512,A20089,card,-3748.39
202512,A20090,chequing,12524.34
202512,A20091,investment,725202.82
202512,A20092,lending,40079.05
202512,A20093,investment,745101.94
202512,A20094,chequing,11406.02
202512,A20095,lending,36106.79
202512,A20096,chequing,1631.85
202512,A20097,chequing,5237.65
202512,A20098,investment,911475.03
202512,A20099,investment,518193.23
202512,A20100,investment,481446.29
202512,A20101,card,-3737.44
202512,A20102,saving,10968.86
202512,A20103,investment,284521.4
202512,A20104,lending,39395.78
202512,A20105,investment,85486.27
202512,A20106,chequing,15459.33
202512,A20107,investment,596131.3
202512,A20108,investment,879273.76
202512,A20109,mortgage,188646.67
202512,A20110,saving,12911.57
202512,A20111,investment,332803.76
202512,A20112,investment,0
202512,A20113,card,0
202512,A20114,card,-4290.69
202512,A20115,investment,913361.13
202512,A20116,investment,250953.28
202512,A20117,saving,47586.05
202512,A20118,chequing,7315.14
202512,A20119,investment,446734.73
202512,A20120,chequing,0
202512,A20121,investment,818311.43
202512,A20122,investment,111341.67
202512,A20123,chequing,0
202512,A20124,investment,325474.35
202512,A20125,investment,0
202512,A20126,lending,46081.39
202512,A20127,investment,326755.5
202512,A20128,chequing,15356.75
202512,A20129,card,-2258.73
202512,A20130,card,-2396.29
202512,A20131,card,-2784.9
202512,A20132,investment,158335.19
202512,A20133,mortgage,278462.69
202512,A20134,saving,27532.16
202512,A20135,investment,370463.77
202512,A20136,investment,0
202512,A20137,mortgage,82346.06
202512,A20138,investment,821207.19
202512,A20139,saving,10659.15
202512,A20140,investment,556449.92
202512,A20141,chequing,5390.01
202512,A20142,saving,0
202512,A20143,chequing,10532.26
202512,A20144,saving,17917.17
202512,A20145,saving,0
202512,A20146,saving,11488.28
202512,A20147,mortgage,88174.79
202512,A20148,investment,81493.25
202512,A20149,chequing,1189.7
202512,A20150,saving,19435.25
202512,A20151,investment,690620.38
202512,A20152,mortgage,133665.54
202512,A20153,chequing,15975.59
202512,A20154,investment,105191.76
202512,A20155,investment,809427.63
202512,A20156,investment,337238.14
202512,A20157,investment,18581.86
202512,A20158,investment,0
202512,A20159,mortgage,171400.75
202512,A20160,lending,8361.72
202512,A20161,investment,438551.01
202512,A20162,investment,738603.74
202512,A20163,chequing,4852.95
202512,A20164,investment,206910.6
202512,A20165,chequing,7386.23
202512,A20166,card,-435.73
202512,A20167,investment,406683.36
202512,A20168,card,-1524.47
202512,A20169,investment,24564.37
202512,A20170,investment,94713.68
202512,A20171,investment,0
202512,A20172,chequing,5075.24
202512,A20173,investment,560045.54
202512,A20174,chequing,9204.83
202512,A20175,card,-4289.95
202512,A20176,chequing,5619.65
202512,A20177,investment,0
202512,A20178,investment,676737.21
202512,A20179,investment,437906.24
202512,A20180,investment,866581.64
202512,A20181,investment,74757.7
202512,A20182,investment,355560.08
202512,A20183,chequing,9698.66
202512,A20184,lending,0
202512,A20185,card,-449.13
202512,A20186,mortgage,430760.31
202512,A20187,chequing,8857.62
202512,A20188,investment,19966.04
202512,A20189,chequing,3837.22
202512,A20190,investment,257304.84
202512,A20191,chequing,18152.99
202512,A20192,saving,11113.99
202512,A20193,investment,372232.55
202512,A20194,mortgage,73961.92
202512,A20195,investment,508432.09
202512,A20196,lending,43229.4
202512,A20197,investment,878012.89
202512,A20198,lending,0
202512,A20199,lending,4205.86
202512,A20200,lending,24977.98
202512,A20201,chequing,9412.78
202512,A20202,chequing,12416.97
202512,A20203,chequing,6908.41
202512,A20204,chequing,0
202512,A20205,saving,48885.24
202512,A20206,investment,0
202512,A20207,investment,810038.68
202512,A20208,saving,38239.48
202512,A20209,chequing,5306.84
202512,A20210,chequing,8854.97
202512,A20211,lending,0
202512,A20212,investment,907905.45
202512,A20213,investment,52343.61
202512,A20214,card,-4616.38
202512,A20215,lending,44150.83
202512,A20216,investment,854751.95
202512,A20217,card,-1262.21
202512,A20218,investment,264862.59
202512,A20219,investment,791445.05
202512,A20220,chequing,9926.41
202512,A20221,investment,701829.3
202512,A20222,saving,41878.09
202512,A20223,chequing,19136.33
202512,A20224,saving,16084.81
202512,A20225,lending,42463.06
202512,A20226,chequing,2270.39
202512,A20227,saving,16150.28
202512,A20228,investment,536627.92
202512,A20229,chequing,5516.34
202512,A20230,investment,848900.76
202512,A20231,investment,452957.47
202512,A20232,mortgage,336024.56
202512,A20233,chequing,18319.35
202512,A20234,card,-3221.59
202512,A20235,investment,80576.58
202512,A20236,saving,11320.73
202512,A20237,investment,676429.02
202512,A20238,investment,608665.74
202512,A20239,chequing,12736.31
202512,A20240,saving,3637.53
202512,A20241,mortgage,498667.07
202512,A20242,investment,589344.8
202512,A20243,investment,0
202512,A20244,card,-3940.18
202512,A20245,saving,10318.58
202512,A20246,investment,32559.3
202512,A20247,investment,962480.73
202512,A20248,investment,18585.28
202512,A20249,mortgage,236582.18
202512,A20250,chequing,501.77
202512,A20251,investment,348657.37
202512,A20252,saving,44021.56
202512,A20253,saving,9563.18
202512,A20254,chequing,12520.74
202512,A20255,investment,614393.86
202512,A20256,mortgage,328224.43
202512,A20257,investment,246091.66
202512,A20258,chequing,14392.97
202512,A20259,chequing,17331.47
202512,A20260,saving,15552.4
202512,A20261,investment,0
202512,A20262,investment,841949.43
202512,A20263,investment,177939.38
202512,A20264,chequing,8404.04
202512,A20265,chequing,2206.08
202512,A20266,mortgage,144040.54
202512,A20267,chequing,0
202512,A20268,saving,3152.69
202512,A20269,investment,989880.19
202512,A20270,investment,587293.61
202512,A20271,mortgage,327013.1
202512,A20272,investment,71209.32
202512,A20273,chequing,3238.26
202512,A20274,investment,524063.13
202512,A20275,investment,321695.79
202512,A20276,mortgage,199793.95
202512,A20277,investment,933510.36
202512,A20278,investment,755934.18
202512,A20279,mortgage,400106.14
202512,A20280,saving,8902.73
202512,A20281,investment,0
202512,A20282,chequing,5866.94
202512,A20283,investment,387012.35
202512,A20284,mortgage,340665.73
202512,A20285,saving,0
202512,A20286,chequing,7919.47
202512,A20287,lending,30060.32
202512,A20288,card,-1669.32
202512,A20289,investment,0
202512,A20290,investment,893221.81
202512,A20291,chequing,4678.28
202512,A20292,card,-1933.64
202512,A20293,investment,345768.79
202512,A20294,card,-327.63
202512,A20295,lending,36657.11
202512,A20296,chequing,17852.4
202512,A20297,chequing,7485.53
202512,A20298,chequing,4398.93
202512,A20299,lending,0
202512,A20300,investment,877527.81
202512,A20301,mortgage,253391.33
202512,A20302,investment,852874.25
202512,A20303,investment,158874.65
202512,A20304,investment,458063.63
202512,A20305,chequing,2329.06
202512,A20306,investment,574371.75
202512,A20307,investment,473760.84
202512,A20308,investment,895220.23
202512,A20309,card,-3481.27
202512,A20310,investment,39530.39
202512,A20311,card,-2862.2
202512,A20312,mortgage,272811.6
202512,A20313,chequing,18555.39
202512,A20314,card,-2786.47
202512,A20315,saving,5615.55
202512,A20316,chequing,5149.59
202512,A20317,chequing,6341.92
202512,A20318,investment,52712.33
202512,A20319,lending,46252.15
202512,A20320,investment,974116.25
202512,A20321,mortgage,117522.59
202512,A20322,investment,185298.18
202512,A20323,investment,755879.08
202512,A20324,investment,819254.44
202512,A20325,investment,422177.55
202512,A20326,saving,3547.02
202512,A20327,saving,8809
202512,A20328,lending,11502.3
202512,A20329,card,-2225.68
202512,A20330,chequing,18021.3
202512,A20331,chequing,14424.21
202512,A20332,chequing,19470.31
202512,A20333,card,-3868.84
202512,A20334,lending,7276.74
202512,A20335,lending,20649.45
202512,A20336,chequing,11218.5
202512,A20337,card,0
202512,A20338,investment,730302.26
202512,A20339,investment,188076.15
202512,A20340,card,-3748.86
202512,A20341,investment,3226.1
202512,A20342,saving,12517.12
202512,A20343,saving,0
202512,A20344,investment,829920
202512,A20345,investment,0
202512,A20346,investment,854796
202512,A20347,saving,7797.79
202512,A20348,chequing,1444.9
202512,A20349,mortgage,373136.39
202512,A20350,mortgage,268529.13
202512,A20351,lending,17321.66
202512,A20352,card,-4007.96
202512,A20353,investment,858743.56
202512,A20354,mortgage,239168.32
202512,A20355,saving,6529.46
202512,A20356,card,-4719.4
202512,A20357,mortgage,112440.19
202512,A20358,investment,783987.34
202512,A20359,saving,15792.75
202512,A20360,investment,723423.34
202512,A20361,chequing,11071.98
202512,A20362,investment,25639.07
202512,A20363,investment,0
202512,A20364,investment,986668.19
202512,A20365,chequing,12978.06
202512,A20366,mortgage,256723.09
202512,A20367,saving,16946.09
202512,A20368,investment,0
202512,A20369,investment,197055.9
202512,A20370,chequing,11853.2
202512,A20371,card,-494.94
202512,A20372,mortgage,237609.87
202512,A20373,investment,706042.53
202512,A20374,lending,41211.52
202512,A20375,investment,111397.81
202512,A20376,investment,189193.08
202512,A20377,investment,335354.14
202512,A20378,saving,12617.6
202512,A20379,card,-3680.44
202512,A20380,investment,327935.36
202512,A20381,saving,18064.86
202512,A20382,mortgage,162721.53
202512,A20383,chequing,0
202512,A20384,investment,40467.92
202512,A20385,lending,15807.99
202512,A20386,lending,26282.77
202512,A20387,investment,0
202512,A20388,mortgage,392300.81
202512,A20389,lending,37507.74
202512,A20390,investment,553307.12
202512,A20391,investment,916706.51
202512,A20392,investment,55985.15
202512,A20393,investment,549420.47
202512,A20394,investment,647875.34
202512,A20395,investment,884245
202512,A20396,saving,7241.83
202512,A20397,chequing,9294.53
202512,A20398,lending,37146.34
202512,A20399,saving,16745.71
202512,A20400,card,-2294.08
202512,A20401,investment,4874
202512,A20402,chequing,1503.26
202512,A20403,investment,901702.6
202512,A20404,investment,670017.99
202512,A20405,investment,975352.81
202512,A20406,chequing,0
202512,A20407,investment,120729.33
202512,A20408,chequing,9216.22
202512,A20409,investment,417905.18
202512,A20410,saving,0
202512,A20411,investment,84222.41
202512,A20412,card,-53.23
202512,A20413,investment,862178.84
202512,A20414,investment,516402.7
202512,A20415,investment,400439.8
202512,A20416,saving,10504.56
202512,A20417,mortgage,179307.06
202512,A20418,chequing,3392.51
202512,A20419,investment,84145.29
202512,A20420,chequing,7453.38
202512,A20421,mortgage,255056.82
202512,A20422,investment,0
202512,A20423,chequing,14619.65
202512,A20424,mortgage,189113.67
202512,A20425,lending,40335.79
202512,A20426,investment,635287.06
202512,A20427,card,-1139.76
202512,A20428,lending,36246.16
202512,A20429,mortgage,402139.72
202512,A20430,chequing,12645.38
202512,A20431,chequing,18932.81
202512,A20432,chequing,6928.81
202512,A20433,investment,469488.3
202512,A20434,investment,325683.57
202512,A20435,investment,556424.63
202512,A20436,lending,12072.63
202512,A20437,lending,24729.28
202512,A20438,investment,681555.74
202512,A20439,lending,13872.99
202512,A20440,investment,29574.56
202512,A20441,card,-2808.02
202512,A20442,investment,799734.35
202512,A20443,investment,400017.32
202512,A20444,mortgage,292339.74
202512,A20445,mortgage,436939.04
202512,A20446,investment,446021.55
202512,A20447,chequing,0
202512,A20448,chequing,7602.21
202512,A20449,investment,385659.38
202512,A20450,lending,32063.52
202512,A20451,investment,35740.9
202512,A20452,chequing,9346.35
202512,A20453,chequing,1708.92
202512,A20454,mortgage,0
202512,A20455,saving,7077.73
202512,A20456,investment,386453.14
202512,A20457,investment,24259.2
202512,A20458,card,-1846.42
202512,A20459,chequing,9285.18
202512,A20460,chequing,0
202512,A20461,investment,326726.27
202512,A20462,saving,17211.49
202512,A20463,investment,418819.33
202512,A20464,investment,808274.25
202512,A20465,mortgage,219831.05
202512,A20466,saving,6556.87
202512,A20467,card,-804.88
202512,A20468,card,-2849.55
202512,A20469,investment,411038.7
202512,A20470,investment,526023.72
202512,A20471,card,-4478.3
202512,A20472,chequing,13366.85
202512,A20473,saving,15806.84
202512,A20474,chequing,9524.89
202512,A20475,saving,14842.07
202512,A20476,card,0
202512,A20477,investment,231007.5
202512,A20478,card,-4455.65
202512,A20479,saving,5229.56
202512,A20480,chequing,0
202512,A20481,saving,6780.6
202512,A20482,investment,885880.73
202512,A20483,investment,996966.09
202512,A20484,saving,36753.63
202512,A20485,investment,739089.47
202512,A20486,mortgage,0
202512,A20487,investment,0
202512,A20488,investment,380262.88
202512,A20489,investment,57645.51
202512,A20490,card,-4095.31
202512,A20491,investment,0
202512,A20492,investment,990993.35
202512,A20493,investment,760967.98
202512,A20494,investment,94262.77
202512,A20495,chequing,5695.98
202512,A20496,chequing,17563.54
202512,A20497,investment,0
202512,A20498,investment,839118
202512,A20499,investment,383935.18
202512,A20500,investment,64874.54
202512,A20501,investment,89535.95
202512,A20502,saving,34122.94
202512,A20503,chequing,2037.17
202512,A20504,lending,38325.9
202512,A20505,saving,4775.45
202512,A20506,saving,39074.47
202512,A20507,saving,12737.1
202512,A20508,saving,5059.02
202512,A20509,card,-2095.62
202512,A20510,lending,1004.94
202512,A20511,mortgage,436052.94
202512,A20512,investment,848431.89
202512,A20513,saving,32098.39
202512,A20514,card,-4604.87
202512,A20515,investment,57223.98
202512,A20516,mortgage,168623.06
202512,A20517,chequing,0
202512,A20518,card,-3743.35
202512,A20519,investment,102579.46
202512,A20520,investment,985426.94
202512,A20521,investment,15362.22
202512,A20522,chequing,8277.28
202512,A20523,saving,15592.95
202512,A20524,lending,20147.38
202512,A20525,mortgage,466367.39
202512,A20526,chequing,9834.79
202512,A20527,saving,2268.73
202512,A20528,saving,0
202512,A20529,mortgage,165183.83
202512,A20530,mortgage,270825.58
202512,A20531,investment,931094.56
202512,A20532,mortgage,426447.08
202512,A20533,mortgage,0
202512,A20534,saving,6854.57
202512,A20535,card,-1784.2
202512,A20536,investment,0
202512,A20537,investment,816073.29
202512,A20538,investment,610954.46
202512,A20539,lending,47828.22
202512,A20540,saving,11338.91
202512,A20541,card,-895.2
202512,A20542,saving,28063.51
202512,A20543,saving,5942.93
202512,A20544,investment,497641.91
202512,A20545,saving,24890.93
202512,A20546,investment,81193.71
202512,A20547,investment,484279.66
202512,A20548,saving,0
202512,A20549,chequing,17125.45
202512,A20550,investment,21793.63
202512,A20551,investment,0
202512,A20552,card,-2306.49
202512,A20553,investment,325201.42
202512,A20554,saving,13165.47
202512,A20555,saving,8006.56
202512,A20556,investment,92818.61
202512,A20557,investment,81584.38
202512,A20558,lending,30331.46
202512,A20559,card,0
202512,A20560,chequing,9280.4
202512,A20561,saving,15481.86
202512,A20562,investment,0
202512,A20563,chequing,1376.71
202512,A20564,lending,25393.65
202512,A20565,investment,546880.19
202512,A20566,investment,0
202512,A20567,card,-4002.57
202512,A20568,chequing,1380.37
202512,A20569,lending,1733.81
202512,A20570,chequing,15366.01
202512,A20571,lending,6903.28
202512,A20572,investment,142338.31
202512,A20573,card,-1458.7
202512,A20574,investment,165776
202512,A20575,mortgage,88633.43
202512,A20576,chequing,8014.4
202512,A20577,mortgage,158066.91
202512,A20578,saving,24813.96
202512,A20579,saving,21593.36
202512,A20580,investment,310718.86
202512,A20581,investment,5851.72
202512,A20582,investment,637369.05
202512,A20583,investment,163217.27
202512,A20584,investment,122162.94
202512,A20585,investment,906923.51
202512,A20586,investment,0
202512,A20587,chequing,19599.25
202512,A20588,investment,640977.22
202512,A20589,investment,147513.7
202512,A20590,investment,146670.95
202512,A20591,card,-1313.07
202512,A20592,investment,187780.72
202512,A20593,chequing,4408.3
202512,A20594,chequing,5611.58
202512,A20595,lending,49358.02
202512,A20596,investment,0
202512,A20597,lending,8475.4
202512,A20598,card,-2026.3
202512,A20599,mortgage,108208.88
202512,A20600,saving,5370.12
202512,A20601,chequing,0
202512,A20602,investment,385556.98
202512,A20603,chequing,5067.35
202512,A20604,investment,548592.17
202512,A20605,mortgage,340903.02
202512,A20606,chequing,0
202512,A20607,investment,0
202512,A20608,investment,26652.05
202512,A20609,investment,597511.82
202512,A20610,investment,177194.59
202512,A20611,investment,0
202512,A20612,investment,575485.78
202512,A20613,mortgage,232500.37
202512,A20614,saving,8753.16
202512,A20615,lending,27614.23
202512,A20616,mortgage,491629.58
202512,A20617,chequing,12216.76
202512,A20618,investment,808351.32
202512,A20619,mortgage,159503.19
202512,A20620,saving,5410.37
202512,A20621,investment,380277.77
202512,A20622,investment,801741.66
202512,A20623,chequing,4321.97
202512,A20624,saving,13461.96
202512,A20625,mortgage,386238.12
202512,A20626,chequing,0
202512,A20627,mortgage,0
202512,A20628,investment,463398.56
202512,A20629,investment,64156.62
202512,A20630,investment,113742.33
202512,A20631,chequing,5945.16
202512,A20632,investment,0
202512,A20633,investment,789273.09
202512,A20634,card,-4815.4
202512,A20635,investment,0
202512,A20636,lending,29159.07
202512,A20637,investment,309987.12
202512,A20638,chequing,12879.29
202512,A20639,investment,992105.7
202512,A20640,card,-216.82
202512,A20641,mortgage,209793.35
202512,A20642,saving,14532.51
202512,A20643,investment,99065.71
202512,A20644,investment,770329.27
202512,A20645,lending,38351.04
202512,A20646,saving,39741.83
202512,A20647,saving,17025.73
202512,A20648,investment,210077.37
202512,A20649,mortgage,314566.81
202512,A20650,investment,657208.96
202512,A20651,saving,623.59
202512,A20652,investment,377976.53
202512,A20653,mortgage,193085.6
202512,A20654,lending,20841.57
202512,A20655,investment,239497.09
202512,A20656,lending,2507.31
202512,A20657,card,-2155.25
202512,A20658,investment,278281.4
202512,A20659,chequing,9892.04
202512,A20660,investment,0
202512,A20661,chequing,5462.52
202512,A20662,mortgage,71354.41
202512,A20663,chequing,5437.81
202512,A20664,saving,10300.56
202512,A20665,investment,211664.33
202512,A20666,investment,959916.45
202512,A20667,investment,587853.15
202512,A20668,chequing,9550.64
202512,A20669,chequing,8768.73
202512,A20670,chequing,0
202512,A20671,lending,49304.34
202512,A20672,investment,42817.62
202512,A20673,investment,219140.37
202512,A20674,investment,923158.19
202512,A20675,investment,824850.51
202512,A20676,chequing,945.28
202512,A20677,chequing,8489.81
202512,A20678,investment,404087.51
202512,A20679,investment,563507.73
202512,A20680,investment,536037.06
202512,A20681,mortgage,142913.29
202512,A20682,chequing,0
202512,A20683,investment,495699.72
202512,A20684,investment,657500.07
202512,A20685,mortgage,173741.03
202512,A20686,chequing,9128.82
202512,A20687,saving,1659.67
202512,A20688,investment,428421.87
202512,A20689,card,-2687.94
202512,A20690,chequing,3594.18
202512,A20691,chequing,3562.54
202512,A20692,saving,1571.91
202512,A20693,investment,180984.82
202512,A20694,investment,55668.49
202512,A20695,investment,795834.31
202512,A20696,investment,39159.93
202512,A20697,mortgage,73788.42
202512,A20698,investment,72077.4
202512,A20699,investment,50262.41
202512,A20700,investment,804697.89
202512,A20701,chequing,17130.43
202512,A20702,investment,773101.88
202512,A20703,chequing,3038.7
202512,A20704,saving,0
202512,A20705,mortgage,59320.59
202512,A20706,lending,18121.51
202512,A20707,chequing,649.84
202512,A20708,investment,56936.86
202512,A20709,chequing,15576.95
202512,A20710,saving,19790.66
202512,A20711,investment,77514.99
202512,A20712,mortgage,330089.3
202512,A20713,investment,0
202512,A20714,mortgage,144335.95
202512,A20715,mortgage,355764.37
202512,A20716,investment,973185.67
202512,A20717,mortgage,384809.47
202512,A20718,lending,24737.87
202512,A20719,saving,13699.09
202512,A20720,lending,26569.53
202512,A20721,investment,0
202512,A20722,lending,37093.18
202512,A20723,lending,13287.33
202512,A20724,chequing,6987.6
202512,A20725,chequing,16682.59
202512,A20726,lending,20205.65
202512,A20727,investment,86089.49
202512,A20728,investment,746564.56
202512,A20729,card,-3207.14
202512,A20730,saving,17814.11
202512,A20731,investment,655282.26
202512,A20732,investment,860292.12
202512,A20733,card,-4926.99
202512,A20734,investment,501942.94
202512,A20735,investment,994715.45
202512,A20736,investment,179298.32
202512,A20737,lending,14828.35
202512,A20738,chequing,6318.15
202512,A20739,saving,33134.66
202512,A20740,saving,15879.58
202512,A20741,investment,130752.48
202512,A20742,investment,479150.11
202512,A20743,chequing,19929.18
202512,A20744,investment,112714.33
202512,A20745,investment,290199.87
202512,A20746,mortgage,0
202512,A20747,card,-2306.72
202512,A20748,investment,577921.36
202512,A20749,investment,968901.37
202512,A20750,investment,533323.04
202512,A20751,chequing,1335.16
202512,A20752,investment,651705.09
202512,A20753,card,0
202512,A20754,investment,466847
202512,A20755,investment,902664.65
202512,A20756,chequing,0
202512,A20757,saving,22530.26
202512,A20758,investment,160017.54
202512,A20759,investment,238788.25
202512,A20760,mortgage,309309.62
202512,A20761,investment,58758.17
202512,A20762,mortgage,450786.24
202512,A20763,investment,441752.24
202512,A20764,saving,17929.19
202512,A20765,card,-3304.12
202512,A20766,lending,9271.67
202512,A20767,lending,35690.24
202512,A20768,investment,172115.77
202512,A20769,investment,361903.8
202512,A20770,chequing,13974.15
202512,A20771,lending,16730.85
202512,A20772,mortgage,325534.04
202512,A20773,card,-4913.37
202512,A20774,investment,974943.98
202512,A20775,investment,301302.35
202512,A20776,investment,303469.46
202512,A20777,chequing,6340.64
202512,A20778,saving,981.37
202512,A20779,investment,82663.99
202512,A20780,chequing,6179.91
202512,A20781,investment,839112.07
202512,A20782,lending,23297.65
202512,A20783,investment,422673.32
202512,A20784,chequing,5162.39
202512,A20785,investment,818743.26
202512,A20786,chequing,711.87
202512,A20787,chequing,14814.86
202512,A20788,chequing,875.22
202512,A20789,chequing,19637.03
202512,A20790,card,-3786.82
202512,A20791,mortgage,469005.14
202512,A20792,chequing,5364.85
202512,A20793,chequing,8740.3
202512,A20794,mortgage,247203.75
202512,A20795,investment,0
202512,A20796,lending,25636.11
202512,A20797,mortgage,131820.34
202512,A20798,saving,0
202512,A20799,investment,39099.89
202512,A20800,investment,290285.22
202512,A20801,investment,25100.48
202512,A20802,saving,8956.58
202512,A20803,chequing,534.04
202512,A20804,mortgage,69862.75
202512,A20805,chequing,2871.65
202512,A20806,saving,16322.75
202512,A20807,card,-505.09
202512,A20808,lending,1970.3
202512,A20809,investment,571430.16
202512,A20810,saving,918.74
202512,A20811,card,-831.52
202512,A20812,chequing,8858.02
202512,A20813,chequing,0
202512,A20814,lending,0
202512,A20815,card,-3165.73
202512,A20816,lending,26028.9
202512,A20817,investment,761861.7
202512,A20818,investment,74414.41
202512,A20819,investment,544696.3
202512,A20820,investment,828234.13
202512,A20821,investment,351618.33
202512,A20822,chequing,2935.52
202512,A20823,investment,43144.38
202512,A20824,saving,5179.64
202512,A20825,investment,766891.71
202512,A20826,saving,47255.64
202512,A20827,investment,881065.42
202512,A20828,saving,18994.2
202512,A20829,chequing,7849.06
202512,A20830,chequing,15534.34
202512,A20831,mortgage,476722.58
202512,A20832,chequing,14474.71
202512,A20833,chequing,9566.49
202512,A20834,card,0
202512,A20835,chequing,5207.69
202512,A20836,lending,40185.36
202512,A20837,card,-1497.54
202512,A20838,investment,38930.83
202512,A20839,investment,55224.6
202512,A20840,mortgage,177130.29
202512,A20841,investment,230384.18
202512,A20842,card,-3374.45
202512,A20843,investment,571253.67
202512,A20844,card,-611.36
202512,A20845,chequing,5884.26
202512,A20846,investment,160531.31
202512,A20847,investment,389834.93
202512,A20848,chequing,14394.28
202512,A20849,lending,28288.12
202512,A20850,investment,835430.86
202512,A20851,chequing,8368.69
202512,A20852,investment,351013.02
202512,A20853,saving,9814.64
202512,A20854,chequing,19447.1
202512,A20855,investment,585577.67
202512,A20856,card,-3728.63
202512,A20857,investment,765602.33
202512,A20858,investment,852930.05
202512,A20859,investment,592449.75
202512,A20860,investment,956343.24
202512,A20861,investment,882590.29
202512,A20862,chequing,1537.39
202512,A20863,investment,443792.24
202512,A20864,investment,56495.69
202512,A20865,saving,43355.13
202512,A20866,chequing,5227.51
202512,A20867,investment,115246.14
202512,A20868,investment,2377.46
202512,A20869,mortgage,464664.08
202512,A20870,saving,4028.27
202512,A20871,mortgage,0
202512,A20872,lending,29323.27
202512,A20873,investment,0
202512,A20874,investment,879518.89
202512,A20875,lending,38313.99
202512,A20876,lending,0
202512,A20877,investment,55086.41
202512,A20878,chequing,0
202512,A20879,saving,15770.78
202512,A20880,investment,489908.99
202512,A20881,mortgage,163583.72
202512,A20882,chequing,6486.9
202512,A20883,investment,78212.12
202512,A20884,investment,270404.24
202512,A20885,chequing,18708.36
202512,A20886,investment,773420.6
202512,A20887,investment,598039.36
202512,A20888,investment,977000.67
202512,A20889,investment,731763.16
202512,A20890,card,-2327.86
202512,A20891,investment,860300.55
202512,A20892,card,-1405.53
202512,A20893,chequing,275.88
202512,A20894,investment,511169.7
202512,A20895,saving,10306.14
202512,A20896,mortgage,191005.91
202512,A20897,saving,12610.89
202512,A20898,investment,26812.75
202512,A20899,card,-3262.04
202512,A20900,chequing,0
202512,A20901,card,-249.62
202512,A20902,chequing,6506.53
202512,A20903,lending,12427.47
202512,A20904,investment,335069.87
202512,A20905,mortgage,487968.18
202512,A20906,chequing,0
202512,A20907,investment,129781.91
202512,A20908,chequing,0
202512,A20909,saving,10268.91
202512,A20910,mortgage,384694.64
202512,A20911,card,-1986.73
202512,A20912,investment,697373.58
202512,A20913,mortgage,0
202512,A20914,chequing,8097.58
202512,A20915,investment,855141.48
202512,A20916,lending,37765.03
202512,A20917,chequing,5245.68
202512,A20918,investment,10716.71
202512,A20919,chequing,2664.95
202512,A20920,saving,34234.19
202512,A20921,investment,954573.42
202512,A20922,chequing,9150.1
202512,A20923,card,-3977.87
202512,A20924,lending,0
202512,A20925,investment,923339.51
202512,A20926,card,-3627.47
202512,A20927,investment,0
202512,A20928,card,0
202512,A20929,investment,0
202512,A20930,investment,625902.86
202512,A20931,chequing,9766.76
202512,A20932,chequing,12651.7
202512,A20933,investment,45030.39
202512,A20934,investment,164589.64
202512,A20935,saving,19333.69
202512,A20936,lending,22226.37
202512,A20937,investment,459096.66
202512,A20938,card,-2441.02
202512,A20939,investment,338572.74
202512,A20940,investment,0
202512,A20941,mortgage,103300.3
202512,A20942,card,-4409.41
202512,A20943,saving,0
202512,A20944,chequing,5153.4
202512,A20945,lending,30572.8
202512,A20946,chequing,8307.04
202512,A20947,lending,40627.65
202512,A20948,chequing,11569.45
202512,A20949,lending,25367.13
202512,A20950,chequing,13196.86
202512,A20951,chequing,4624.15
202512,A20952,investment,898962.98
202512,A20953,investment,0
202512,A20954,lending,0
202512,A20955,investment,991045.58
202512,A20956,mortgage,50699.71
202512,A20957,lending,31132.8
202512,A20958,investment,861172.88
202512,A20959,investment,4983.85
202512,A20960,chequing,4702.16
202512,A20961,card,-813.79
202512,A20962,investment,224556.56
202512,A20963,lending,32573.81
202512,A20964,chequing,0
202512,A20965,chequing,16818.26
202512,A20966,investment,523073.47
202512,A20967,chequing,15750.66
202512,A20968,investment,384986.9
202512,A20969,saving,19527.91
202512,A20970,investment,377435.56
202512,A20971,chequing,18170.24
202512,A20972,card,-941.79
202512,A20973,investment,672171.86
202512,A20974,investment,507758.49
202512,A20975,investment,658642.51
202512,A20976,chequing,17153.09
202512,A20977,investment,942493.04
202512,A20978,chequing,0
202512,A20979,investment,141083.02
202512,A20980,chequing,0
202512,A20981,saving,4890.23
202512,A20982,card,-2537.12
202512,A20983,saving,18987.13
202512,A20984,chequing,2326.33
202512,A20985,investment,690749.38
202512,A20986,mortgage,385506.03
202512,A20987,lending,34393.56
202512,A20988,mortgage,191043.85
202512,A20989,investment,292019.63
202512,A20990,saving,9630.58
202512,A20991,chequing,7244.49
202512,A20992,lending,16155.62
202512,A20993,mortgage,115909.4
202512,A20994,investment,861026.37
202512,A20995,investment,509098.02
202512,A20996,lending,16501.06
202512,A20997,card,-581.69
202512,A20998,chequing,7687.77
202512,A20999,saving,7319.17
202512,A21000,chequing,1674.54
202512,A21001,saving,736.88
202512,A21002,investment,74673.84
202512,A21003,investment,138352.95
202512,A21004,mortgage,341398.09
202512,A21005,lending,3027.47
202512,A21006,chequing,11942.19
202512,A21007,investment,656911.27
202512,A21008,investment,685922.38
202512,A21009,lending,41219.47
202512,A21010,lending,10095.75
202512,A21011,chequing,11588.17
202512,A21012,chequing,19513.21
202512,A21013,saving,7025.42
202512,A21014,chequing,7722.88
202512,A21015,card,-2376.61
202512,A21016,chequing,15305.49
202512,A21017,investment,0
202512,A21018,card,-4455.15
202512,A21019,investment,83800.92
202512,A21020,card,-1370.14
202512,A21021,saving,19088.03
202512,A21022,investment,48151.03
202512,A21023,investment,553311.09
202512,A21024,chequing,11281.45
202512,A21025,saving,14676.87
202512,A21026,investment,500658.59
202512,A21027,mortgage,399558.61
202512,A21028,investment,76540.6
202512,A21029,investment,39650.89
202512,A21030,mortgage,153448.18
202512,A21031,mortgage,219468.96
202512,A21032,card,-1417.36
202512,A21033,chequing,9077.38
202512,A21034,investment,159130.51
202512,A21035,saving,17961.12
202512,A21036,saving,535.81
202512,A21037,investment,117690.02
202512,A21038,chequing,9317.73
202512,A21039,chequing,2889.33
202512,A21040,saving,16507.83
202512,A21041,investment,33343.03
202512,A21042,saving,16877.31
202512,A21043,saving,11864.41
202512,A21044,saving,19217.43
202512,A21045,chequing,6161.12
202512,A21046,investment,643365.72
202512,A21047,lending,5829.44
202512,A21048,investment,706746.81
202512,A21049,saving,13485.53
202512,A21050,investment,982770.19
202512,A21051,chequing,0
202512,A21052,mortgage,404089.42
202512,A21053,saving,10004.86
202512,A21054,investment,853242.22
202512,A21055,card,-1541.12
202512,A21056,lending,23727.28
202512,A21057,investment,371084.85
202512,A21058,investment,19186.93
202512,A21059,chequing,5996.17
202512,A21060,investment,711825.91
202512,A21061,investment,0
202512,A21062,investment,262909.88
202512,A21063,investment,0
202512,A21064,lending,6216.02
202512,A21065,investment,355669.11
202512,A21066,mortgage,0
202512,A21067,mortgage,258514.6
202512,A21068,investment,78859.16
202512,A21069,lending,45556.06
202512,A21070,investment,524195.8
202512,A21071,lending,30888.55
202512,A21072,mortgage,87680.13
202512,A21073,investment,64560.27
202512,A21074,saving,13710.59
202512,A21075,card,-3022.37
202512,A21076,saving,1234.53
202512,A21077,chequing,5190.9
202512,A21078,card,-902.4
202512,A21079,investment,370940.35
202512,A21080,investment,175302.83
202512,A21081,investment,319163.53
202512,A21082,chequing,8230.67
202512,A21083,investment,88798.86
202512,A21084,saving,37023.46
202512,A21085,investment,631423.55
202512,A21086,investment,384266.34
202512,A21087,investment,299893.48
202512,A21088,saving,1649.98
202512,A21089,saving,35492.85
202512,A21090,saving,14008.33
202512,A21091,saving,18483.62
202512,A21092,investment,160808.14
202512,A21093,investment,427253.51
202512,A21094,investment,67326.68
202512,A21095,chequing,10090.21
202512,A21096,investment,514041.31
202512,A21097,mortgage,89923.45
202512,A21098,chequing,7411.82
202512,A21099,investment,683358.07
202512,A21100,investment,859080.51
202512,A21101,lending,0
202512,A21102,mortgage,67076.36
202512,A21103,lending,11019.29
202512,A21104,card,0
202512,A21105,saving,3949.19
202512,A21106,saving,6626.65
202512,A21107,saving,14024.62
202512,A21108,mortgage,429524.05
202512,A21109,card,-1226.18
202512,A21110,saving,0
202512,A21111,investment,995986.13
202512,A21112,card,-27.45
202512,A21113,chequing,6277.6
202512,A21114,saving,18907.22
202512,A21115,investment,0
202512,A21116,saving,15899.35
202512,A21117,chequing,0
202512,A21118,card,-754.4
202512,A21119,lending,2146.35
202512,A21120,lending,47122.17
202512,A21121,investment,187422.13
202512,A21122,investment,78978.1
202512,A21123,investment,553906.15
202512,A21124,chequing,5535.27
202512,A21125,mortgage,341062.4
202512,A21126,chequing,7401.01
202512,A21127,investment,544949.01
202512,A21128,investment,16936.67
202512,A21129,card,-1120.9
202512,A21130,saving,11098.96
202512,A21131,lending,23518.51
202512,A21132,investment,84117.88
202512,A21133,chequing,14849.2
202512,A21134,investment,486118.78
202512,A21135,investment,0
202512,A21136,saving,0
202512,A21137,investment,209015.75
202512,A21138,chequing,17332.47
202512,A21139,card,-369.12
202512,A21140,investment,743764.26
202512,A21141,investment,155404.52
202512,A21142,investment,517165.65
202512,A21143,saving,16866.09
202512,A21144,saving,9919.97
202512,A21145,chequing,4262.68
202512,A21146,mortgage,279087.66
202512,A21147,mortgage,193145.3
202512,A21148,investment,32420.67
202512,A21149,chequing,1797.72
202512,A21150,chequing,0
202512,A21151,saving,11863.55
202512,A21152,investment,808943.86
202512,A21153,investment,0
202512,A21154,investment,658391.28
202512,A21155,saving,3250.81
202512,A21156,investment,14535.65
202512,A21157,investment,17600.5
202512,A21158,saving,42941.83
202512,A21159,investment,40526.15
202512,A21160,investment,691938.26
202512,A21161,lending,0
202512,A21162,mortgage,377761.25
202512,A21163,investment,733937.21
202512,A21164,investment,635973.76
202512,A21165,investment,451221.03
202512,A21166,card,-1447.16
202512,A21167,investment,76500.65
202512,A21168,saving,0
202512,A21169,investment,397181.69
202512,A21170,mortgage,283993.5
202512,A21171,lending,33698.59
202512,A21172,investment,919639
202512,A21173,mortgage,157028.48
202512,A21174,saving,0
202512,A21175,saving,1125.33
202512,A21176,investment,50196.31
202512,A21177,investment,0
202512,A21178,saving,9216.2
202512,A21179,chequing,2172.53
202512,A21180,mortgage,310123.11
202512,A21181,chequing,4267.06
202512,A21182,investment,65116.14
202512,A21183,saving,17314.64
202512,A21184,investment,487364.25
202512,A21185,investment,930728.99
202512,A21186,chequing,8148.07
202512,A21187,investment,0
202512,A21188,chequing,0
202512,A21189,chequing,8499.51
202512,A21190,chequing,14003.8
202512,A21191,investment,283417.91
202512,A21192,card,-575.93
202512,A21193,chequing,19160.03
202512,A21194,investment,657861.97
202512,A21195,card,-4099.75
202512,A21196,saving,36936.93
202512,A21197,investment,425115.24
202512,A21198,investment,484119.01
202512,A21199,investment,914032.89
202512,A21200,card,-2747.88
202512,A21201,investment,917652.38
202512,A21202,saving,46211.42
202512,A21203,saving,1160.64
202512,A21204,chequing,18817.17
202512,A21205,card,-3303.98
202512,A21206,chequing,2831.08
202512,A21207,chequing,4738.29
202512,A21208,investment,444069.59
202512,A21209,investment,598508.59
202512,A21210,investment,335082.67
202512,A21211,investment,983363.24
202512,A21212,chequing,13313.98
202512,A21213,investment,607409.18
202512,A21214,investment,196206.53
202512,A21215,mortgage,429943.31
202512,A21216,investment,778737.83
202512,A21217,lending,47346.03
202512,A21218,mortgage,81281.71
202512,A21219,investment,409886.39
202512,A21220,card,-3023.61
202512,A21221,saving,15037.97
202512,A21222,investment,200007
202512,A21223,investment,774338.77
202512,A21224,saving,42271.22
202512,A21225,saving,4951.1
202512,A21226,chequing,5886.38
202512,A21227,card,-4711.02
202512,A21228,investment,0
202512,A21229,investment,52612.19
202512,A21230,investment,347715.32
202512,A21231,lending,28876.5
202512,A21232,saving,28426.18
202512,A21233,chequing,9139.45
202512,A21234,chequing,6392.7
202512,A21235,investment,10830.57
202512,A21236,chequing,8776.91
202512,A21237,investment,130102.36
202512,A21238,saving,9359.9
202512,A21239,saving,16240.8
202512,A21240,investment,58996.72
202512,A21241,investment,12924.03
202512,A21242,card,-4834.22
202512,A21243,investment,734588.3
202512,A21244,card,-1971.52
202512,A21245,investment,411165.62
202512,A21246,saving,0
202512,A21247,mortgage,436621.63
202512,A21248,chequing,6818.2
202512,A21249,investment,734058.03
202512,A21250,investment,944372.9
202512,A21251,investment,814138.52
202512,A21252,investment,358007.98
202512,A21253,lending,22415.26
202512,A21254,saving,13774.95
202512,A21255,card,-487.6
202512,A21256,mortgage,383062.75
202512,A21257,saving,0
202512,A21258,saving,11647.18
202512,A21259,lending,29707.31
202512,A21260,lending,11722.19
202512,A21261,investment,626823.67
202512,A21262,lending,9217.15
202512,A21263,lending,40587.06
202512,A21264,chequing,18371.78
202512,A21265,chequing,18113.47
202512,A21266,investment,633879.74
202512,A21267,investment,276861.25
202512,A21268,card,-3228.56
202512,A21269,chequing,9968.34
202512,A21270,investment,201936.07
202512,A21271,investment,386068.23
202512,A21272,investment,873518.88
202512,A21273,saving,45423.21
202512,A21274,chequing,1567.74
202512,A21275,chequing,18358.08
202512,A21276,investment,968481.07
202512,A21277,chequing,0
202512,A21278,saving,14860.53
202512,A21279,saving,1844.32
202512,A21280,saving,16228.35
202512,A21281,saving,0
202512,A21282,investment,262059.29
202512,A21283,investment,64371.94
202512,A21284,card,-1556.57
202512,A21285,investment,0
202512,A21286,investment,229639.97
202512,A21287,investment,0
202512,A21288,investment,0
202512,A21289,investment,126360.12
202512,A21290,saving,6197.16
202512,A21291,saving,6940.07
202512,A21292,chequing,15594.63
202512,A21293,lending,21007.54
202512,A21294,investment,418256.39
202512,A21295,chequing,12845.96
202512,A21296,chequing,7383.13
202512,A21297,investment,34453.37
202512,A21298,chequing,2150.47
202512,A21299,investment,15336.32
202512,A21300,chequing,18187.79
202512,A21301,card,-2542.07
202512,A21302,investment,0
202512,A21303,investment,182891.29
202512,A21304,investment,20731.67
202512,A21305,chequing,9371.51
202512,A21306,card,-3241.06
202512,A21307,investment,0
202512,A21308,investment,0
202512,A21309,investment,695435.86
202512,A21310,investment,0
202512,A21311,investment,40252.64
202512,A21312,card,-1302.92
202512,A21313,investment,372495.1
202512,A21314,chequing,3521.41
202512,A21315,investment,890066.56
202512,A21316,mortgage,311143.36
202512,A21317,investment,389568.1
202512,A21318,investment,703222.86
202512,A21319,investment,46350.01
202512,A21320,investment,0
202512,A21321,chequing,0
202512,A21322,investment,480531.85
202512,A21323,investment,34900.52
202512,A21324,saving,3639.74
202512,A21325,saving,6003.16
202512,A21326,saving,21048.14
202512,A21327,saving,34110
202512,A21328,saving,11004.38
202512,A21329,investment,484209.08
202512,A21330,card,-4196.69
202512,A21331,saving,16315.06
202512,A21332,saving,18781.03
202512,A21333,card,-543.85
202512,A21334,saving,5766.81
202512,A21335,investment,676647.98
202512,A21336,chequing,9531.91
202512,A21337,investment,189725.48
202512,A21338,lending,45657.98
202512,A21339,investment,0
202512,A21340,investment,797840.06
202512,A21341,chequing,7057.54
202512,A21342,investment,301646.08
202512,A21343,saving,7696.16
202512,A21344,chequing,15003
202512,A21345,investment,201404.76
202512,A21346,investment,941582.28
202512,A21347,mortgage,185231.53
202512,A21348,investment,888558.79
202512,A21349,chequing,8827.17
202512,A21350,lending,11302.3
202512,A21351,mortgage,143827.39
202512,A21352,saving,17537.32
202512,A21353,investment,535219.06
202512,A21354,saving,5007.33
202512,A21355,investment,730309.26
202512,A21356,investment,274491.55
202512,A21357,investment,0
202512,A21358,saving,27025.27
202512,A21359,mortgage,495965.14
202512,A21360,investment,134572.51
202512,A21361,chequing,11057.56
202512,A21362,investment,360593.47
202512,A21363,investment,866822.03
202512,A21364,saving,45031.44
202512,A21365,investment,346695.4
202512,A21366,lending,0
202512,A21367,investment,46488.73
202512,A21368,chequing,1929.98
202512,A21369,saving,9784.9
202512,A21370,investment,803178.27
202512,A21371,mortgage,460447.15
202512,A21372,mortgage,254125.53
202512,A21373,lending,5263.33
202512,A21374,chequing,3258.89
202512,A21375,investment,726961.27
202512,A21376,investment,0
202512,A21377,mortgage,129379.63
202512,A21378,investment,698897.16
202512,A21379,card,-2467.86
202512,A21380,investment,431399.13
202512,A21381,mortgage,52502.92
202512,A21382,chequing,9024.25
202512,A21383,investment,653740.2
202512,A21384,mortgage,339258.79
202512,A21385,card,-3889.41
202512,A21386,investment,149890.73
202512,A21387,chequing,0
202512,A21388,lending,29637.53
202512,A21389,lending,32167.29
202512,A21390,mortgage,423291.8
202512,A21391,investment,12283.9
202512,A21392,chequing,7377.58
202512,A21393,lending,37705.22
202512,A21394,chequing,7542.24
202512,A21395,chequing,8519.7
202512,A21396,mortgage,50269.78
202512,A21397,chequing,10877.08
202512,A21398,investment,311212.68
202512,A21399,mortgage,57564.65
202512,A21400,investment,681654.89
202512,A21401,chequing,19478.15
202512,A21402,investment,300355.44
202512,A21403,investment,104581.15
202512,A21404,investment,75386.77
202512,A21405,investment,305064.3
202512,A21406,mortgage,80047.86
202512,A21407,lending,38439.72
202512,A21408,saving,16962.73
202512,A21409,saving,2906.59
202512,A21410,investment,445888.1
202512,A21411,mortgage,357180.6
202512,A21412,mortgage,109429.39
202512,A21413,saving,10445.99
202512,A21414,investment,9262.16
202512,A21415,investment,121487.99
202512,A21416,investment,470001.35
202512,A21417,saving,32505.68
202512,A21418,saving,14775.95
202512,A21419,chequing,3156.9
202512,A21420,investment,675310.85
202512,A21421,investment,255317.19
202512,A21422,card,-3351.72
202512,A21423,saving,13639.34
202512,A21424,lending,42199.42
202512,A21425,chequing,6197.85
202512,A21426,saving,26511.42
202512,A21427,lending,25838.77
202512,A21428,investment,673959.3
202512,A21429,card,-3885.15
202512,A21430,saving,15783.51
202512,A21431,saving,2632.01
202512,A21432,lending,19658.48
202512,A21433,investment,3433.12
202512,A21434,chequing,6252.82
202512,A21435,chequing,16492.57
202512,A21436,investment,876110.11
202512,A21437,lending,2377.36
202512,A21438,investment,684199.73
202512,A21439,investment,545586.05
202512,A21440,chequing,19539.82
202512,A21441,investment,24513.49
202512,A21442,investment,727129.93
202512,A21443,saving,15971.65
202512,A21444,chequing,1386.3
202512,A21445,card,-3773.94
202512,A21446,investment,0
202512,A21447,investment,253147.32
202512,A21448,saving,17947.93
202512,A21449,investment,793389.59
202512,A21450,investment,29051.22
202512,A21451,chequing,0
202512,A21452,investment,583084.7
202512,A21453,card,-1915.4
202512,A21454,card,-4558.94
202512,A21455,investment,857819.17
202512,A21456,investment,458779.01
202512,A21457,investment,447207.19
202512,A21458,saving,771.9
202512,A21459,investment,257972.38
202512,A21460,chequing,7453.46
202512,A21461,mortgage,338782.06
202512,A21462,card,-4058.57
202512,A21463,mortgage,361238.9
202512,A21464,mortgage,108313.41
202512,A21465,chequing,9692.35
202512,A21466,lending,39656
202512,A21467,lending,25355.07
202512,A21468,chequing,4156.86
202512,A21469,chequing,5122.14
202512,A21470,chequing,18195.31
202512,A21471,investment,61319.34
202512,A21472,card,-4787.05
202512,A21473,investment,835770.48
202512,A21474,chequing,3078.46
202512,A21475,chequing,14299.97
202512,A21476,card,-158.89
202512,A21477,investment,399051.35
202512,A21478,investment,401579.3
202512,A21479,saving,1700.48
202512,A21480,mortgage,358059.79
202512,A21481,chequing,3952.86
202512,A21482,mortgage,194554.76
202512,A21483,chequing,2185.54
202512,A21484,lending,24748.63
202512,A21485,lending,19992.53
202512,A21486,card,-1975
202512,A21487,investment,0
202512,A21488,investment,0
202512,A21489,saving,12060.56
202512,A21490,card,-2032.14
202512,A21491,saving,40163.67
202512,A21492,card,-616.05
202512,A21493,investment,582669.68
202512,A21494,mortgage,422464.16
202512,A21495,investment,188339.97
202512,A21496,investment,46515.31
202512,A21497,chequing,782.64
202512,A21498,saving,5423.54
202512,A21499,mortgage,94652.35
202512,A21500,investment,396771.98
202512,A21501,chequing,6630.3
202512,A21502,chequing,10352
202512,A21503,card,-4965.53
202512,A21504,investment,583681.91
202512,A21505,chequing,8155.85
202512,A21506,chequing,0
202512,A21507,chequing,1674.32
202512,A21508,chequing,0
202512,A21509,card,-683.15
202512,A21510,card,-1397.95
202512,A21511,chequing,7354.35
202512,A21512,mortgage,127939.73
202512,A21513,saving,19518.62
202512,A21514,card,-312.74
202512,A21515,card,-152.81
202512,A21516,investment,4410.62
202512,A21517,investment,492429.77
202512,A21518,chequing,12156.17
202512,A21519,card,-2439.18
202512,A21520,card,-898.94
202512,A21521,card,-809.35
202512,A21522,saving,2229.62
202512,A21523,investment,16966.51
202512,A21524,saving,7594.94
202512,A21525,investment,553524.43
202512,A21526,chequing,19696.36
202512,A21527,investment,301732.6
202512,A21528,investment,516469.3
202512,A21529,investment,87836.99
202512,A21530,investment,24372.63
202512,A21531,investment,599225.16
202512,A21532,chequing,0
202512,A21533,chequing,7856.39
202512,A21534,card,-3213.39
202512,A21535,investment,661613.46
202512,A21536,card,-2523.8
202512,A21537,card,-1394.15
202512,A21538,investment,495048.59
202512,A21539,investment,920806.69
202512,A21540,saving,16037.74
202512,A21541,saving,13412.68
202512,A21542,investment,645474.77
202512,A21543,investment,0
202512,A21544,chequing,0
202512,A21545,investment,555131.96
202512,A21546,card,-3837.76
202512,A21547,chequing,4177.25
202512,A21548,mortgage,325717.31
202512,A21549,chequing,12284.31
202512,A21550,lending,24157.4
202512,A21551,saving,0
202512,A21552,chequing,6779.82
202512,A21553,investment,917536.63
202512,A21554,chequing,17504.9
202512,A21555,mortgage,331471.87
202512,A21556,saving,607.86
202512,A21557,investment,910979.3
202512,A21558,saving,13829.87
202512,A21559,investment,940943.26
202512,A21560,mortgage,200543.77
202512,A21561,saving,28247.24
202512,A21562,investment,971030.22
202512,A21563,saving,9980.28
202512,A21564,card,-3174.9
202512,A21565,lending,12529.41
202512,A21566,chequing,4923.1
202512,A21567,mortgage,251152.91
202512,A21568,investment,837299.77
202512,A21569,investment,5001
202512,A21570,lending,45595.55
202512,A21571,saving,17958.11
202512,A21572,investment,852622.69
202512,A21573,chequing,7438.96
202512,A21574,investment,77033.82
202512,A21575,lending,11551.66
202512,A21576,saving,13429.34
202512,A21577,card,-2896.77
202512,A21578,investment,281100.53
202512,A21579,chequing,9297.32
202512,A21580,investment,14410.48
202512,A21581,investment,618292.17
202512,A21582,mortgage,167040
202512,A21583,investment,848837.58
202512,A21584,investment,761140.74
202512,A21585,saving,5621.06
202512,A21586,saving,3578.03
202512,A21587,saving,25699.03
202512,A21588,saving,3528.35
202512,A21589,investment,18984.57
202512,A21590,investment,392683.68
202512,A21591,lending,34997.54
202512,A21592,chequing,6703.74
202512,A21593,saving,15607.05
202512,A21594,investment,54597.65
202512,A21595,card,0
202512,A21596,investment,820672.88
202512,A21597,lending,14669.95
202512,A21598,chequing,8110.36
202512,A21599,chequing,2111.25
202512,A21600,chequing,16440.61
202512,A21601,card,0
202512,A21602,investment,765854.98
202512,A21603,chequing,9055.59
202512,A21604,chequing,2960.21
202512,A21605,investment,921075.17
202512,A21606,mortgage,59778.33
202512,A21607,investment,634808.51
202512,A21608,chequing,1823.61
202512,A21609,mortgage,0
202512,A21610,investment,8072.56
202512,A21611,saving,0
202512,A21612,investment,292573.18
202512,A21613,card,-2348.36
202512,A21614,saving,2837.41
202512,A21615,investment,786426.38
202512,A21616,chequing,9662
202512,A21617,investment,985912.88
202512,A21618,investment,30581.09
202512,A21619,chequing,12156
202512,A21620,investment,0
202512,A21621,investment,0
202512,A21622,investment,205922.28
202512,A21623,investment,270590.17
202512,A21624,mortgage,367044.86
202512,A21625,investment,0
202512,A21626,lending,13680.44
202512,A21627,investment,513906.93
202512,A21628,investment,0
202512,A21629,chequing,5352.2
202512,A21630,investment,189594.45
202512,A21631,saving,11120.54
202512,A21632,card,-2206.03
202512,A21633,investment,414921.01
202512,A21634,mortgage,273771.38
202512,A21635,card,-569
202512,A21636,investment,323586.84
202512,A21637,lending,23421.59
202512,A21638,investment,0
202512,A21639,investment,0
202512,A21640,investment,535279.04
202512,A21641,chequing,6483.3
202512,A21642,investment,227286.72
202512,A21643,investment,159538.98
202512,A21644,investment,122066.89
202512,A21645,chequing,8821.43
202512,A21646,investment,539608.39
202512,A21647,card,-498.6
202512,A21648,chequing,7569.39
202512,A21649,chequing,7127.86
202512,A21650,investment,167373.28
202512,A21651,investment,354107.32
202512,A21652,saving,26883.94
202512,A21653,card,-1825.34
202512,A21654,chequing,8829.3
202512,A21655,investment,956358.43
202512,A21656,investment,12355.21
202512,A21657,chequing,1957.15
202512,A21658,lending,11958.85
202512,A21659,saving,10447.88
202512,A21660,card,-4781.63
202512,A21661,investment,0
202512,A21662,investment,895160.46
202512,A21663,investment,745107.13
202512,A21664,chequing,17689.77
202512,A21665,lending,48332.9
202512,A21666,investment,589888.51
202512,A21667,investment,206334.6
202512,A21668,chequing,19089.84
202512,A21669,saving,5729.42
202512,A21670,card,-329.36
202512,A21671,investment,389038.19
202512,A21672,investment,981262.49
202512,A21673,chequing,8709.48
202512,A21674,card,-1736.68
202512,A21675,investment,785406.39
202512,A21676,investment,932014.9
202512,A21677,investment,53922.34
202512,A21678,investment,584426.56
202512,A21679,investment,31180.51
202512,A21680,card,-3249.16
202512,A21681,investment,1763.79
202512,A21682,chequing,0
202512,A21683,mortgage,337768.17
202512,A21684,chequing,5080.06
202512,A21685,saving,28673.77
202512,A21686,investment,223127.03
202512,A21687,lending,0
202512,A21688,investment,81237.32
202512,A21689,chequing,8724.37
202512,A21690,investment,38725.99
202512,A21691,lending,0
202512,A21692,lending,37962.69
202512,A21693,mortgage,53273.16
202512,A21694,investment,179938.18
202512,A21695,investment,637715.25
202512,A21696,investment,378525.52
202512,A21697,chequing,5156.37
202512,A21698,saving,16352.89
202512,A21699,investment,542856.77
202512,A21700,lending,26625.8
202512,A21701,lending,49528.78
202512,A21702,investment,114963.71
202512,A21703,card,-666.03
202512,A21704,mortgage,359445.03
202512,A21705,card,-1759.29
202512,A21706,saving,15086.97
202512,A21707,investment,669869.93
202512,A21708,mortgage,193790.37
202512,A21709,card,-828.27
202512,A21710,investment,534803.34
202512,A21711,chequing,0
202512,A21712,saving,0
202512,A21713,chequing,17462.59
202512,A21714,investment,60814.7
202512,A21715,chequing,0
202512,A21716,investment,657343.61
202512,A21717,investment,115624.6
202512,A21718,investment,716200.75
202512,A21719,investment,511728.39
202512,A21720,investment,93117.87
202512,A21721,chequing,9032.98
202512,A21722,card,-455.44
202512,A21723,investment,978747.52
202512,A21724,lending,2667.47
202512,A21725,card,-1277.94
202512,A21726,mortgage,131428.92
202512,A21727,saving,8990.25
202512,A21728,investment,70779.92
202512,A21729,investment,869847.66
202512,A21730,investment,1797.14
202512,A21731,chequing,0
202512,A21732,investment,19654.98
202512,A21733,saving,8999.53
202512,A21734,investment,26996.38
202512,A21735,investment,394359.62
202512,A21736,saving,17867.9
202512,A21737,lending,11120.57
202512,A21738,card,0
202512,A21739,investment,802546.45
202512,A21740,chequing,6842.1
202512,A21741,chequing,878.75
202512,A21742,investment,424136.89
202512,A21743,card,-2866.58
202512,A21744,investment,17723.45
202512,A21745,investment,762755.62
202512,A21746,chequing,9499.13
202512,A21747,card,-1950.12
202512,A21748,investment,0
202512,A21749,saving,36244.23
202512,A21750,investment,25933.38
202512,A21751,chequing,11108.65
202512,A21752,chequing,12577.37
202512,A21753,chequing,7560.24
202512,A21754,investment,879555.76
202512,A21755,chequing,10890.08
202512,A21756,investment,490940.44
202512,A21757,chequing,0
202512,A21758,chequing,17497.24
202512,A21759,investment,423775.18
202512,A21760,investment,635686.56
202512,A21761,chequing,12293.51
202512,A21762,investment,897024.92
202512,A21763,chequing,740.02
202512,A21764,investment,0
202512,A21765,chequing,18039.31
202512,A21766,card,-1490.86
202512,A21767,investment,0
202512,A21768,lending,11887.84
202512,A21769,lending,15038.82
202512,A21770,saving,4486.74
202512,A21771,investment,68152.26
202512,A21772,chequing,7013.88
202512,A21773,saving,6584.57
202512,A21774,mortgage,156097.73
202512,A21775,investment,538747.58
202512,A21776,investment,0
202512,A21777,saving,41983.63
202512,A21778,saving,2958.05
202512,A21779,chequing,8970.7
202512,A21780,investment,305186.11
202512,A21781,investment,180539.17
202512,A21782,investment,242068.97
202512,A21783,investment,0
202512,A21784,investment,543884.56
202512,A21785,mortgage,87186.97
202512,A21786,mortgage,189103.49
202512,A21787,chequing,13755.1
202512,A21788,chequing,17095.69
202512,A21789,investment,47330.74
202512,A21790,chequing,6930.3
202512,A21791,investment,599559.28
202512,A21792,mortgage,89288.2
202512,A21793,lending,34052.34
202512,A21794,card,-1214.83
202512,A21795,chequing,5288.53
202512,A21796,investment,409837.66
202512,A21797,mortgage,0
202512,A21798,investment,614422
202512,A21799,mortgage,283776.16
202512,A21800,investment,308547.33
202512,A21801,investment,0
202512,A21802,saving,8185.05
202512,A21803,mortgage,470185
202512,A21804,lending,16503.08
202512,A21805,investment,93401.6
202512,A21806,saving,8913.47
202512,A21807,investment,449212.66
202512,A21808,card,-3575.4
202512,A21809,chequing,1454.51
202512,A21810,chequing,10641.59
202512,A21811,chequing,19147.39
202512,A21812,mortgage,471736.7
202512,A21813,card,-2679.77
202512,A21814,investment,588440.05
202512,A21815,chequing,7889.45
202512,A21816,investment,29775.69
202512,A21817,mortgage,363905.21
202512,A21818,saving,8854.15
202512,A21819,saving,2833.4
202512,A21820,investment,66534.04
202512,A21821,investment,697610.94
202512,A21822,investment,181295.65
202512,A21823,chequing,14470.79
202512,A21824,mortgage,343911.37
202512,A21825,investment,39114.12
202512,A21826,investment,578528.72
202512,A21827,chequing,8998.2
202512,A21828,investment,790478.81
202512,A21829,investment,755142.51
202512,A21830,chequing,1445.84
202512,A21831,investment,500929.42
202512,A21832,saving,2662.85
202512,A21833,investment,54228.57
202512,A21834,chequing,9872.16
202512,A21835,card,-1392.98
202512,A21836,saving,19930.58
202512,A21837,investment,80149.13
202512,A21838,investment,454069.65
202512,A21839,investment,878349.22
202512,A21840,investment,0
202512,A21841,card,-3522.53
202512,A21842,investment,103897.83
202512,A21843,lending,0
202512,A21844,investment,40190.27
202512,A21845,saving,17097.41
202512,A21846,investment,513195.78
202512,A21847,chequing,567.08
202512,A21848,investment,180248.66
202512,A21849,lending,0
202512,A21850,lending,45525.05
202512,A21851,investment,492754.78
202512,A21852,investment,131256.48
202512,A21853,chequing,0
202512,A21854,chequing,13597.11
202512,A21855,investment,98616.79
202512,A21856,investment,477165.49
202512,A21857,chequing,3750.33
202512,A21858,investment,49463.28
202512,A21859,mortgage,426873.38
202512,A21860,chequing,0
202512,A21861,investment,837771.33
202512,A21862,chequing,7713.95
202512,A21863,card,-2085.03
202512,A21864,investment,900374.67
202512,A21865,card,-3965.97
202512,A21866,mortgage,0
202512,A21867,lending,14029.63
202512,A21868,investment,272577.78
202512,A21869,saving,18091.38
202512,A21870,mortgage,389130.2
202512,A21871,lending,34814.72
202512,A21872,saving,2631.79
202512,A21873,investment,646345.39
202512,A21874,card,-3285.42
202512,A21875,investment,40468.89
202512,A21876,saving,32750.75
202512,A21877,lending,24680.95
202512,A21878,investment,0
202512,A21879,chequing,18949.39
202512,A21880,card,-640.38
202512,A21881,mortgage,435930.84
202512,A21882,investment,374558.23
202512,A21883,lending,8705.34
202512,A21884,chequing,7420.03
202512,A21885,mortgage,224143.55
202512,A21886,saving,8967.66
202512,A21887,investment,153944.96
202512,A21888,chequing,9525.48
202512,A21889,saving,18108.47
202512,A21890,investment,88948.67
202512,A21891,chequing,12519.55
202512,A21892,chequing,5507.44
202512,A21893,lending,48584.46
202512,A21894,investment,72154.42
202512,A21895,chequing,16979.91
202512,A21896,lending,41778.18
202512,A21897,card,-914.24
202512,A21898,investment,379965.86
202512,A21899,lending,2108.83
202512,A21900,investment,878341.18
202512,A21901,saving,7513.15
202512,A21902,chequing,8009.09
202512,A21903,mortgage,116253.84
202512,A21904,investment,546697.34
202512,A21905,lending,0
202512,A21906,mortgage,117547.67
202512,A21907,investment,44250.35
202512,A21908,investment,516331.66
202512,A21909,mortgage,0
202512,A21910,card,0
202512,A21911,chequing,0
202512,A21912,lending,13971.24
202512,A21913,saving,13307.11
202512,A21914,investment,0
202512,A21915,investment,0
202512,A21916,investment,52015.63
202512,A21917,investment,652800
202512,A21918,mortgage,456203.15
202512,A21919,card,-59.48
202512,A21920,card,-1659.66
202512,A21921,investment,130847.99
202512,A21922,investment,77544.98
202512,A21923,investment,78997.82
202512,A21924,investment,82443.41
202512,A21925,chequing,14179.57
202512,A21926,chequing,14182.98
202512,A21927,card,-2591.1
202512,A21928,investment,953128.84
202512,A21929,investment,575890.41
202512,A21930,investment,0
202512,A21931,investment,340307.42
202512,A21932,investment,0
202512,A21933,lending,0
202512,A21934,investment,20885.94
202512,A21935,saving,24400.59
202512,A21936,investment,577161.18
202512,A21937,investment,323243.69
202512,A21938,chequing,18906.55
202512,A21939,card,-4147.92
202512,A21940,investment,0
202512,A21941,investment,343506.91
202512,A21942,chequing,9679.15
202512,A21943,card,-2496.67
202512,A21944,chequing,0
202512,A21945,investment,582897.42
202512,A21946,chequing,0
202512,A21947,lending,6092.21
202512,A21948,card,-1205.87
202512,A21949,investment,72289.34
202512,A21950,lending,30074
202512,A21951,chequing,5122.77
202512,A21952,chequing,6880.72
202512,A21953,chequing,109.36
202512,A21954,saving,10769.58
202512,A21955,investment,638339.95
202512,A21956,investment,0
202512,A21957,investment,76377.27
202512,A21958,chequing,13419.84
202512,A21959,chequing,8804.68
202512,A21960,chequing,17321.16
202512,A21961,investment,752325.95
202512,A21962,investment,155143.15
202512,A21963,chequing,9316.72
202512,A21964,lending,43621.81
202512,A21965,card,-2998.03
202512,A21966,lending,14675.85
202512,A21967,saving,11215.76
202512,A21968,investment,536299.32
202512,A21969,chequing,10939.36
202512,A21970,chequing,2724.69
202512,A21971,card,-3837.81
202512,A21972,investment,919332.42
202512,A21973,investment,57413.05
202512,A21974,card,0
202512,A21975,saving,44838.95
202512,A21976,investment,906191.65
202512,A21977,investment,0
202512,A21978,saving,34336.45
202512,A21979,investment,600075.61
202512,A21980,lending,19201.85
202512,A21981,card,-1007.95
202512,A21982,investment,320543.53
202512,A21983,investment,317159.94
202512,A21984,investment,321295.14
202512,A21985,card,-1841.91
202512,A21986,saving,8255.47
202512,A21987,lending,42257.07
202512,A21988,investment,9911.05
202512,A21989,investment,275794.48
202512,A21990,investment,317768
202512,A21991,investment,910531.72
202512,A21992,mortgage,483346
202512,A21993,chequing,1319.54
202512,A21994,investment,79290.13
202512,A21995,chequing,0
202512,A21996,investment,233598.94
202512,A21997,chequing,8718.96
202512,A21998,mortgage,314375.55
202512,A21999,chequing,9070.49
202512,A22000,lending,3534.09
202512,A22001,lending,18125.54
202512,A22002,investment,908271.53
202512,A22003,chequing,7477.51
202512,A22004,card,-2174.71
202512,A22005,investment,993893.51
202512,A22006,card,-1360.7
202512,A22007,investment,845865.11
202512,A22008,chequing,8484.5
202512,A22009,mortgage,391814.48
202512,A22010,mortgage,0
202512,A22011,investment,457423.12
202512,A22012,saving,15286.97
202512,A22013,chequing,6258.17
202512,A22014,investment,312014.03
202512,A22015,card,-3655.17
202512,A22016,mortgage,307432.89
202512,A22017,mortgage,370860.8
202512,A22018,investment,418556.21
202512,A22019,lending,17122.96
202512,A22020,chequing,8467.85
202512,A22021,mortgage,149200.13
202512,A22022,card,-4361.79
202512,A22023,chequing,11533.67
202512,A22024,investment,6325
202512,A22025,chequing,17646.51
202512,A22026,investment,670519.81
202512,A22027,chequing,6049.57
202512,A22028,card,-2967.32
202512,A22029,investment,708395.75
202512,A22030,card,-1802.68
202512,A22031,mortgage,400113.98
202512,A22032,mortgage,195341.14
202512,A22033,investment,572668.39
202512,A22034,investment,7163.33
202512,A22035,investment,372324.25
202512,A22036,investment,522250.55
202512,A22037,investment,738655.62
202512,A22038,mortgage,336626.13
202512,A22039,investment,231635.68
202512,A22040,saving,19765.32
202512,A22041,saving,14037.86
202512,A22042,investment,124871.74
202512,A22043,investment,0
202512,A22044,card,-2237.49
202512,A22045,chequing,9947.15
202512,A22046,chequing,10632.81
202512,A22047,investment,371565.24
202512,A22048,saving,19749.27
202512,A22049,investment,361234.36
202512,A22050,investment,553568.54
202512,A22051,chequing,8899.29
202512,A22052,mortgage,345999.8
202512,A22053,lending,12484.12
202512,A22054,investment,89037.89
202512,A22055,investment,0
202512,A22056,investment,474270.29
202512,A22057,chequing,18576.26
202512,A22058,mortgage,430371.93
202512,A22059,investment,868830.12
202512,A22060,investment,233941.41
202512,A22061,investment,958204.13
202512,A22062,chequing,1853.38
202512,A22063,card,-1032.19
202512,A22064,chequing,910.96
202512,A22065,investment,548090.15
202512,A22066,investment,492693.19
202512,A22067,chequing,17861.23
202512,A22068,investment,561715.95
202512,A22069,investment,97272.41
202512,A22070,mortgage,334178.07
202512,A22071,investment,50505.6
202512,A22072,investment,386434.74
202512,A22073,mortgage,0
202512,A22074,investment,426314.45
202512,A22075,mortgage,95403.75
202512,A22076,mortgage,0
202512,A22077,saving,28496.42
202512,A22078,investment,925819.82
202512,A22079,investment,995758.64
202512,A22080,lending,22755.72
202512,A22081,lending,4364.47
202512,A22082,chequing,3872.83
202512,A22083,investment,99369.82
202512,A22084,saving,44101.02
202512,A22085,saving,3993.1
202512,A22086,investment,126979.43
202512,A22087,lending,29864.77
202512,A22088,lending,0
202512,A22089,saving,19139.96
202512,A22090,card,-3385.74
202512,A22091,mortgage,90398.59
202512,A22092,investment,64011.44
202512,A22093,saving,16732.88
202512,A22094,card,-4560.11
202512,A22095,chequing,5288.83
202512,A22096,lending,18735.21
202512,A22097,investment,988429.32
202512,A22098,chequing,17500.43
202512,A22099,investment,133606.53
202512,A22100,mortgage,389049.79
202512,A22101,card,-4076.52
202512,A22102,mortgage,388552.16
202512,A22103,lending,14079.67
202512,A22104,chequing,5004.97
202512,A22105,investment,936175.94
202512,A22106,chequing,13057.12
202512,A22107,card,-3299.81
202512,A22108,chequing,8500.71
202512,A22109,investment,0
202512,A22110,mortgage,230310.11
202512,A22111,card,-3972.62
202512,A22112,saving,5063.44
202512,A22113,investment,0
202512,A22114,investment,308386.96
202512,A22115,investment,66333.95
202512,A22116,investment,0
202512,A22117,investment,649382.44
202512,A22118,investment,286694.24
202512,A22119,investment,64880.93
202512,A22120,card,-4346.66
202512,A22121,chequing,2138.27
202512,A22122,investment,757177.31
202512,A22123,card,-2311.97
202512,A22124,chequing,6198.46
202512,A22125,investment,124704.1
202512,A22126,investment,337646.42
202512,A22127,saving,3336.79
202512,A22128,saving,10508.88
202512,A22129,investment,505664.53
202512,A22130,card,-3057.8
202512,A22131,investment,433193.29
202512,A22132,mortgage,301990.31
202512,A22133,chequing,5629.43
202512,A22134,chequing,10594.42
202512,A22135,card,-1725.39
202512,A22136,mortgage,140851.54
202512,A22137,investment,521787.26
202512,A22138,investment,62508.76
202512,A22139,chequing,0
202512,A22140,investment,847450.49
202512,A22141,chequing,2739.27
202512,A22142,card,0
202512,A22143,card,-2802.2
202512,A22144,mortgage,100042.69
202512,A22145,chequing,0
202512,A22146,investment,315048.88
202512,A22147,investment,241115.68
202512,A22148,card,-607.99
202512,A22149,lending,26414.57
202512,A22150,investment,36040.13
202512,A22151,investment,51675.53
202512,A22152,investment,294091.53
202512,A22153,lending,31231.61
202512,A22154,lending,0
202512,A22155,investment,680223.41
202512,A22156,lending,38115.09
202512,A22157,card,-4369.16
202512,A22158,card,-4009.29
202512,A22159,investment,0
202512,A22160,investment,531131.11
202512,A22161,chequing,4398.41
202512,A22162,investment,748781.61
202512,A22163,chequing,14128.38
202512,A22164,chequing,0
202512,A22165,lending,42220.02
202512,A22166,chequing,4623.52
202512,A22167,investment,0
202512,A22168,chequing,0
202512,A22169,lending,0
202512,A22170,saving,7796.77
202512,A22171,chequing,8506.98
202512,A22172,investment,0
202512,A22173,lending,38305.86
202512,A22174,card,-380.83
202512,A22175,mortgage,195135.38
202512,A22176,chequing,0
202512,A22177,investment,880438.11
202512,A22178,card,-645.9
202512,A22179,investment,810734.42
202512,A22180,investment,694001.01
202512,A22181,investment,370943.59
202512,A22182,mortgage,89783.98
202512,A22183,lending,6770.18
202512,A22184,investment,756981.21
202512,A22185,saving,2498.29
202512,A22186,saving,17471.19
202512,A22187,chequing,198.77
202512,A22188,saving,10217.94
202512,A22189,chequing,18765.33
202512,A22190,investment,0
202512,A22191,investment,103365.88
202512,A22192,lending,33119.55
202512,A22193,investment,186341.84
202512,A22194,investment,218937.43
202512,A22195,investment,0
202512,A22196,investment,964411.67
202512,A22197,investment,0
202512,A22198,investment,0
202512,A22199,saving,0
202512,A22200,saving,15002.66
202512,A22201,investment,87087.7
202512,A22202,investment,167411.98
202512,A22203,chequing,12746.15
202512,A22204,chequing,18007.79
202512,A22205,chequing,15302.15
202512,A22206,lending,33341.6
202512,A22207,investment,659065.02
202512,A22208,investment,413536.22
202512,A22209,chequing,7470.05
202512,A22210,lending,34968.68
202512,A22211,mortgage,125214.28
202512,A22212,saving,19595.8
202512,A22213,investment,960784.91
202512,A22214,investment,698212.87
202512,A22215,lending,26618.69
202512,A22216,card,-4651.47
202512,A22217,investment,929728.05
202512,A22218,investment,1841.16
202512,A22219,investment,2629.58
202512,A22220,lending,25381.85
202512,A22221,chequing,5739.95
202512,A22222,investment,700562.4
202512,A22223,chequing,0
202512,A22224,chequing,0
202512,A22225,card,-1577.71
202512,A22226,investment,714646.46
202512,A22227,investment,605032.41
202512,A22228,saving,8390.38
202512,A22229,investment,981860.89
202512,A22230,saving,43528.85
202512,A22231,investment,941153.43
202512,A22232,mortgage,387344.47
202512,A22233,card,-882.7
202512,A22234,chequing,6714
202512,A22235,saving,2641.69
202512,A22236,chequing,5332.06
202512,A22237,investment,33250.51
202512,A22238,card,0
202512,A22239,mortgage,0
202512,A22240,saving,29544.29
202512,A22241,card,-4951.42
202512,A22242,lending,0
202512,A22243,lending,10426.61
202512,A22244,chequing,9559.76
202512,A22245,mortgage,206678.85
202512,A22246,investment,617914.59
202512,A22247,investment,381997.53
202512,A22248,lending,23743.8
202512,A22249,investment,0
202512,A22250,saving,0
202512,A22251,card,-4173.29
202512,A22252,investment,362566.44
202512,A22253,investment,934329.78
202512,A22254,lending,10209.96
202512,A22255,investment,924624.48
202512,A22256,investment,81444.23
202512,A22257,chequing,19522.62
202512,A22258,chequing,11333.36
202512,A22259,investment,81018.33
202512,A22260,saving,21014.83
202512,A22261,saving,15668.5
202512,A22262,mortgage,52858.48
202512,A22263,lending,19951.64
202512,A22264,saving,13235.83
202512,A22265,chequing,8106.54
202512,A22266,mortgage,418911.21
202512,A22267,saving,19236.41
202512,A22268,mortgage,275060.98
202512,A22269,investment,912356.24
202512,A22270,saving,14779.97
202512,A22271,investment,0
202512,A22272,chequing,10770.32
202512,A22273,mortgage,77094.24
202512,A22274,investment,0
202512,A22275,saving,14496.8
202512,A22276,saving,5485.73
202512,A22277,investment,655116.81
202512,A22278,chequing,8549.98
202512,A22279,saving,1165.03
202512,A22280,chequing,8297.74
202512,A22281,investment,546933.48
202512,A22282,investment,829922.55
202512,A22283,saving,13185.84
202512,A22284,investment,0
202512,A22285,investment,468678.06
202512,A22286,chequing,6553.41
202512,A22287,chequing,19406.2
202512,A22288,chequing,8630.88
202512,A22289,investment,381745.76
202512,A22290,chequing,4805.97
202512,A22291,investment,25597.35
202512,A22292,investment,189961.1
202512,A22293,investment,425319.43
202512,A22294,card,-435.27
202512,A22295,chequing,14086.64
202512,A22296,investment,221835.74
202512,A22297,card,-4637.64
202512,A22298,investment,506312.73
202512,A22299,saving,6450.45
202512,A22300,investment,252495.14
202512,A22301,chequing,9148.66
202512,A22302,investment,56778.32
202512,A22303,investment,648149.75
202512,A22304,saving,25137.2
202512,A22305,investment,950203.46
202512,A22306,investment,0
202512,A22307,lending,3847.07
202512,A22308,investment,365241.69
202512,A22309,investment,549613.64
202512,A22310,saving,18099.4
202512,A22311,investment,151380.62
202512,A22312,mortgage,245741.96
202512,A22313,investment,893394.46
202512,A22314,investment,21503.29
202512,A22315,investment,15651.3
202512,A22316,lending,22806.08
202512,A22317,investment,19203.63
202512,A22318,chequing,9986.26
202512,A22319,saving,10531.95
202512,A22320,investment,355249.49
202512,A22321,chequing,5459.76
202512,A22322,investment,681313.27
202512,A22323,chequing,19656.47
202512,A22324,investment,119065.48
202512,A22325,chequing,2257.79
202512,A22326,investment,36753.8
202512,A22327,investment,0
202512,A22328,card,-1139.51
202512,A22329,investment,32012.07
202512,A22330,investment,56587.03
202512,A22331,investment,439725.03
202512,A22332,lending,21824.91
202512,A22333,chequing,7658.78
202512,A22334,lending,38572.87
202512,A22335,investment,516335.87
202512,A22336,chequing,9453.89
202512,A22337,investment,48147.61
202512,A22338,investment,186763.41
202512,A22339,saving,43830.79
202512,A22340,chequing,18731.58
202512,A22341,chequing,17850.67
202512,A22342,lending,32748.31
202512,A22343,investment,350796.68
202512,A22344,investment,690613.54
202512,A22345,saving,48725.78
202512,A22346,chequing,0
202512,A22347,chequing,7885.47
202512,A22348,investment,951191.82
202512,A22349,card,-1573.01
202512,A22350,card,-4201.12
202512,A22351,chequing,6597.55
202512,A22352,investment,77061.69
202512,A22353,lending,20454.05
202512,A22354,investment,218966.97
202512,A22355,investment,82848.43
202512,A22356,investment,73117.09
202512,A22357,investment,208869.06
202512,A22358,investment,582042.98
202512,A22359,card,-885.66
202512,A22360,investment,0
202512,A22361,lending,31170.24
202512,A22362,saving,3925.05
202512,A22363,investment,734875.92
202512,A22364,card,0
202512,A22365,mortgage,279649.69
202512,A22366,mortgage,174887.28
202512,A22367,saving,15967.78
202512,A22368,investment,61007.64
202512,A22369,investment,988545.96
202512,A22370,lending,42975.86
202512,A22371,chequing,15152.95
202512,A22372,investment,661409.63
202512,A22373,lending,6982.15
202512,A22374,investment,318719.77
202512,A22375,investment,392084.09
202512,A22376,mortgage,401634.22
202512,A22377,card,-3332.46
202512,A22378,saving,11687.85
202512,A22379,investment,46723.02
202512,A22380,investment,863880.66
202512,A22381,investment,386373.06
202512,A22382,lending,11746.73
202512,A22383,investment,154399.69
202512,A22384,saving,46491.63
202512,A22385,chequing,12963.29
202512,A22386,investment,361035.05
202512,A22387,saving,11396.22
202512,A22388,lending,42936.71
202512,A22389,investment,52677.62
202512,A22390,investment,704672.75
202512,A22391,investment,746748.72
202512,A22392,card,-1271.56
202512,A22393,investment,77130.74
202512,A22394,saving,6122.39
202512,A22395,chequing,19727.24
202512,A22396,chequing,8366.39
202512,A22397,chequing,19032.6
202512,A22398,mortgage,344342.78
202512,A22399,chequing,4802.37
202512,A22400,saving,16604.17
202512,A22401,saving,17670.49
202512,A22402,saving,6992.9
202512,A22403,chequing,6100.4
202512,A22404,investment,857318.22
202512,A22405,card,-4066.19
202512,A22406,investment,275429.99
202512,A22407,chequing,1329.92
202512,A22408,chequing,1831.14
202512,A22409,mortgage,196979.09
202512,A22410,investment,876836.49
202512,A22411,investment,852925.07
202512,A22412,card,-2437.64
202512,A22413,chequing,2119.42
202512,A22414,investment,898315.57
202512,A22415,chequing,12314.33
202512,A22416,saving,8309.08
202512,A22417,investment,965587.87
202512,A22418,lending,0
202512,A22419,chequing,8047.08
202512,A22420,chequing,5285.81
202512,A22421,chequing,0
202512,A22422,saving,15856.71
202512,A22423,chequing,571.49
202512,A22424,investment,631888.79
202512,A22425,chequing,19466.06
202512,A22426,mortgage,193572.13
202512,A22427,lending,36345.84
202512,A22428,investment,365010.74
202512,A22429,saving,21104.56
202512,A22430,investment,574966
202512,A22431,investment,578517.61
202512,A22432,mortgage,0
202512,A22433,card,-2914.33
202512,A22434,lending,37213.61
202512,A22435,investment,0
202512,A22436,chequing,5901.12
202512,A22437,investment,897112.9
202512,A22438,investment,65416.78
202512,A22439,chequing,7085.76
202512,A22440,investment,79387.87
202512,A22441,investment,901122.66
202512,A22442,investment,596564.76
202512,A22443,investment,398584.34
202512,A22444,card,-966.28
202512,A22445,investment,43498.26
202512,A22446,chequing,0
202512,A22447,mortgage,436342.88
202512,A22448,chequing,7129
202512,A22449,lending,28270.74
202512,A22450,lending,38892.15
202512,A22451,investment,45373.2
202512,A22452,investment,475389.73
202512,A22453,chequing,5123.83
202512,A22454,chequing,9705.75
202512,A22455,saving,0
202512,A22456,investment,730125.89
202512,A22457,investment,407318.94
202512,A22458,chequing,12740.46
202512,A22459,investment,266804.37
202512,A22460,saving,6883
202512,A22461,investment,24735.66
202512,A22462,saving,10334.09
202512,A22463,investment,735740.71
202512,A22464,investment,114886.75
202512,A22465,card,-3132.06
202512,A22466,investment,34182.85
202512,A22467,investment,0
202512,A22468,saving,6664.48
202512,A22469,investment,214920.35
202512,A22470,investment,453800.39
202512,A22471,chequing,5517.33
202512,A22472,saving,15956.54
202512,A22473,chequing,18780.18
202512,A22474,investment,949231.4
202512,A22475,investment,975349.13
202512,A22476,investment,899725.1
202512,A22477,investment,414846.69
202512,A22478,chequing,8606.72
202512,A22479,mortgage,267293.39
202512,A22480,investment,950213.91
202512,A22481,investment,858416.8
202512,A22482,saving,8795.85
202512,A22483,chequing,7869.12
202512,A22484,saving,10569.61
202512,A22485,chequing,4281.35
202512,A22486,chequing,19528.17
202512,A22487,investment,497134.73
202512,A22488,saving,35932.58
202512,A22489,saving,19859.96
202512,A22490,lending,33434.63
202512,A22491,lending,34114.46
202512,A22492,investment,748545.81
202512,A22493,mortgage,363032.14
202512,A22494,saving,7733.37
202512,A22495,investment,14314.66
202512,A22496,saving,6505.56
202512,A22497,investment,545492.07
202512,A22498,investment,860891.15
202512,A22499,lending,44618.33
202512,A22500,mortgage,183677.29
202512,A22501,chequing,0
202512,A22502,investment,732362.76
202512,A22503,card,-242.06
202512,A22504,investment,532361.74
202512,A22505,saving,18527.65
202512,A22506,card,-1670.25
202512,A22507,saving,28504.64
202512,A22508,mortgage,0
202512,A22509,investment,21769.47
202512,A22510,investment,611817.44
202512,A22511,card,-4083.34
202512,A22512,card,-2928.43
202512,A22513,saving,31025.79
202512,A22514,card,-3759.81
202512,A22515,mortgage,425861.26
202512,A22516,lending,32851.06
202512,A22517,lending,45912.52
202512,A22518,investment,18299.36
202512,A22519,investment,455009.56
202512,A22520,card,-1298.02
202512,A22521,investment,483433.89
202512,A22522,chequing,13625.64
202512,A22523,card,-2329.92
202512,A22524,saving,14315.46
202512,A22525,investment,700981.7
202512,A22526,investment,410080.12
202512,A22527,investment,27315.84
202512,A22528,investment,140404.91
202512,A22529,chequing,8997.17
202512,A22530,investment,696775.27
202512,A22531,chequing,7321.73
202512,A22532,investment,627175.22
202512,A22533,investment,858554.32
202512,A22534,investment,735621.91
202512,A22535,investment,5482.66
202512,A22536,investment,450215.14
202512,A22537,lending,25016.06
202512,A22538,investment,968283.23
202512,A22539,card,0
202512,A22540,investment,0
202512,A22541,mortgage,170819.01
202512,A22542,investment,462449.99
202512,A22543,mortgage,186913.11
202512,A22544,investment,585476.59
202512,A22545,investment,506483.1
202512,A22546,investment,35138.17
202512,A22547,investment,838956.59
202512,A22548,lending,37487.53
202512,A22549,saving,12511.8
202512,A22550,chequing,6133.79
202512,A22551,investment,95299.51
202512,A22552,chequing,1694.31
202512,A22553,investment,495670.23
202512,A22554,mortgage,261644.33
202512,A22555,mortgage,443070.47
202512,A22556,investment,234114.15
202512,A22557,chequing,9504.05
202512,A22558,card,-3812.94
202512,A22559,investment,582817.27
202512,A22560,lending,43306.34
202512,A22561,saving,12121.27
202512,A22562,chequing,5073.98
202512,A22563,chequing,5998.04
202512,A22564,mortgage,302528.91
202512,A22565,investment,910975.87
202512,A22566,saving,22237.6
202512,A22567,mortgage,0
202512,A22568,card,-2930.54
202512,A22569,mortgage,100694.02
202512,A22570,investment,13253.16
202512,A22571,chequing,6204.42
202512,A22572,investment,706831.27
202512,A22573,chequing,6892.49
202512,A22574,investment,24386.34
202512,A22575,investment,0
202512,A22576,card,-944.4
202512,A22577,chequing,18311.97
202512,A22578,investment,626882.7
202512,A22579,investment,333980.59
202512,A22580,investment,907777.56
202512,A22581,investment,428550.39
202512,A22582,investment,432545.64
202512,A22583,saving,21893.05
202512,A22584,lending,46025.89
202512,A22585,investment,511362.72
202512,A22586,chequing,15036.95
202512,A22587,chequing,5855.03
202512,A22588,investment,601458.17
202512,A22589,saving,16193.56
202512,A22590,investment,62016.32
202512,A22591,investment,768057.88
202512,A22592,mortgage,190406.72
202512,A22593,investment,986984.91
202512,A22594,investment,318037.8
202512,A22595,saving,1590.13
202512,A22596,chequing,858.52
202512,A22597,investment,398742.12
202512,A22598,chequing,9205.79
202512,A22599,lending,3730.53
202512,A22600,investment,81486.05
202512,A22601,investment,84790.93
202512,A22602,investment,234975.79
202512,A22603,investment,271346.38
202512,A22604,investment,744023.57
202512,A22605,investment,0
202512,A22606,lending,7265.42
202512,A22607,lending,25651.11
202512,A22608,investment,709032.53
202512,A22609,saving,49938.16
202512,A22610,card,-1360.57
202512,A22611,mortgage,175437.03
202512,A22612,investment,704501.78
202512,A22613,investment,509604.67
202512,A22614,investment,725055.73
202512,A22615,investment,936596.86
202512,A22616,investment,99569.49
202512,A22617,investment,634092.18
202512,A22618,lending,25148.32
202512,A22619,lending,0
202512,A22620,saving,17234.22
202512,A22621,chequing,0
202512,A22622,mortgage,322149.79
202512,A22623,lending,47075.28
202512,A22624,saving,9727.77
202512,A22625,mortgage,354106.16
202512,A22626,investment,885924.2
202512,A22627,card,0
202512,A22628,investment,156377.05
202512,A22629,investment,689061.99
202512,A22630,mortgage,0
202512,A22631,card,-4931.87
202512,A22632,lending,17986.37
202512,A22633,investment,246637.18
202512,A22634,investment,996571.28
202512,A22635,investment,49293.49
202512,A22636,lending,25686.68
202512,A22637,saving,3983.49
202512,A22638,mortgage,122729.09
202512,A22639,investment,151432.62
202512,A22640,chequing,15594.86
202512,A22641,investment,591505.73
202512,A22642,investment,732617.35
202512,A22643,saving,19839.03
202512,A22644,investment,89093.32
202512,A22645,mortgage,408823.01
202512,A22646,investment,525737.89
202512,A22647,investment,556678.74
202512,A22648,investment,0
202512,A22649,investment,26858.68
202512,A22650,investment,300593.92
202512,A22651,investment,825290.62
202512,A22652,investment,263418.87
202512,A22653,saving,20499.36
202512,A22654,saving,12713.59
202512,A22655,card,-1159.08
202512,A22656,investment,354938.59
202512,A22657,card,-717.63
202512,A22658,mortgage,108647.25
202512,A22659,investment,688859.44
202512,A22660,saving,16171.67
202512,A22661,chequing,10081.05
202512,A22662,investment,0
202512,A22663,investment,946376.69
202512,A22664,chequing,0
202512,A22665,investment,430618.59
202512,A22666,investment,434240.21
202512,A22667,investment,234193.58
202512,A22668,card,-3110.31
202512,A22669,lending,18504.75
202512,A22670,investment,953554.56
202512,A22671,investment,876988.32
202512,A22672,saving,12670.79
202512,A22673,lending,35840.87
202512,A22674,investment,260198.36
202512,A22675,lending,26579.23
202512,A22676,saving,0
202512,A22677,chequing,2531.08
202512,A22678,mortgage,0
202512,A22679,saving,8925.83
202512,A22680,mortgage,0
202512,A22681,card,-1801.36
202512,A22682,mortgage,490727.55
202512,A22683,investment,8056.17
202512,A22684,saving,7375.38
202512,A22685,chequing,16420.19
202512,A22686,investment,579965.4
202512,A22687,chequing,18699.68
202512,A22688,investment,65973.61
202512,A22689,investment,889846.17
202512,A22690,investment,867482.65
202512,A22691,chequing,7802.69
202512,A22692,card,-1988.36
202512,A22693,mortgage,0
202512,A22694,saving,47163.45
202512,A22695,chequing,3044.56
202512,A22696,investment,18258.77
202512,A22697,investment,539852.49
202512,A22698,investment,440617.58
202512,A22699,investment,301943.61
202512,A22700,chequing,13294.27
202512,A22701,card,-2895.53
202512,A22702,investment,72594.39
202512,A22703,saving,0
202512,A22704,investment,724352.52
202512,A22705,saving,8433.67
202512,A22706,investment,197941.84
202512,A22707,chequing,19086.16
202512,A22708,card,-3016.2
202512,A22709,investment,665771.26
202512,A22710,saving,8635.82
202512,A22711,saving,29030.62
202512,A22712,saving,0
202512,A22713,chequing,1857.83
202512,A22714,investment,703849.82
202512,A22715,investment,345206.81
202512,A22716,saving,4278.74
202512,A22717,investment,659275.68
202512,A22718,investment,818873.86
202512,A22719,lending,29435.88
202512,A22720,investment,16460.15
202512,A22721,investment,949898.61
202512,A22722,mortgage,128123.34
202512,A22723,chequing,5078.37
202512,A22724,saving,4287.89
202512,A22725,investment,493927.92
202512,A22726,mortgage,0
202512,A22727,chequing,10223.12
202512,A22728,investment,567572.24
202512,A22729,investment,245922
202512,A22730,saving,713.98
202512,A22731,saving,19540.84
202512,A22732,saving,13454.4
202512,A22733,investment,225804.11
202512,A22734,saving,0
202512,A22735,chequing,12142.9
202512,A22736,mortgage,460458.97
202512,A22737,card,-1517.35
202512,A22738,investment,824866.87
202512,A22739,chequing,3671.71
202512,A22740,saving,15328.06
202512,A22741,investment,46438.88
202512,A22742,chequing,6193.37
202512,A22743,investment,809326.56
202512,A22744,chequing,7016.82
202512,A22745,lending,42209.38
202512,A22746,card,-4382.33
202512,A22747,card,-2858.78
202512,A22748,investment,610110.73
202512,A22749,chequing,13007.77
202512,A22750,card,-2888.27
202512,A22751,chequing,976.55
202512,A22752,chequing,3413.14
202512,A22753,investment,704783.64
202512,A22754,investment,254921.23
202512,A22755,investment,0
202512,A22756,investment,781709.51
202512,A22757,investment,220656.03
202512,A22758,investment,401137.47
202512,A22759,investment,179241.46
202512,A22760,investment,0
202512,A22761,lending,42769.6
202512,A22762,mortgage,471831.51
202512,A22763,card,-468.77
202512,A22764,lending,12331.93
202512,A22765,investment,873493.63
202512,A22766,investment,828465.13
202512,A22767,chequing,4232.73
202512,A22768,chequing,14407.74
202512,A22769,saving,2785.51
202512,A22770,investment,268292.94
202512,A22771,saving,6895.73
202512,A22772,saving,2618.93
202512,A22773,mortgage,406289.5
202512,A22774,chequing,10189.45
202512,A22775,chequing,12546.48
202512,A22776,investment,201689.31
202512,A22777,chequing,5512.07
202512,A22778,saving,20896.44
202512,A22779,saving,45069.49
202512,A22780,lending,7828.18
202512,A22781,investment,700134.57
202512,A22782,card,-2966.95
202512,A22783,investment,120285.53
202512,A22784,card,-359.57
202512,A22785,chequing,6692.3
202512,A22786,chequing,10183.53
202512,A22787,investment,574041.62
202512,A22788,chequing,3908.79
202512,A22789,chequing,4603.33
202512,A22790,saving,6853.04
202512,A22791,saving,18984.64
202512,A22792,chequing,17921.53
202512,A22793,lending,9929.53
202512,A22794,investment,513316.49
202512,A22795,investment,55231.63
202512,A22796,investment,849038.23
202512,A22797,saving,8438.81
202512,A22798,lending,15000.56
202512,A22799,investment,0
202512,A22800,saving,27578.36
202512,A22801,chequing,5345.05
202512,A22802,mortgage,94782.23
202512,A22803,chequing,17903.36
202512,A22804,investment,0
202512,A22805,mortgage,95853.96
202512,A22806,card,-2688.66
202512,A22807,investment,215835.06
202512,A22808,saving,30868.84
202512,A22809,chequing,6795.78
202512,A22810,card,-3626.37
202512,A22811,saving,18154.07
202512,A22812,investment,53238.14
202512,A22813,chequing,19426.11
202512,A22814,mortgage,151533.34
202512,A22815,investment,569707.48
202512,A22816,chequing,3353.91
202512,A22817,investment,62230.12
202512,A22818,mortgage,94093.66
202512,A22819,chequing,5766.05
202512,A22820,saving,15123.86
202512,A22821,saving,48566.02
202512,A22822,investment,754590.26
202512,A22823,saving,36784.37
202512,A22824,chequing,17642.22
202512,A22825,saving,7721.06
202512,A22826,card,-3830.23
202512,A22827,investment,372488.34
202512,A22828,investment,506505.79
202512,A22829,chequing,14050.8
202512,A22830,investment,694774.71
202512,A22831,mortgage,334354.09
202512,A22832,card,-1136.18
202512,A22833,investment,595288.43
202512,A22834,mortgage,212790.91
202512,A22835,investment,741606.24
202512,A22836,lending,34253.23
202512,A22837,investment,268876.12
202512,A22838,lending,46176.73
202512,A22839,investment,64286.23
202512,A22840,chequing,4339.15
202512,A22841,saving,7602.98
202512,A22842,lending,19750.96
202512,A22843,mortgage,377260.54
202512,A22844,card,-904.31
202512,A22845,investment,949763.14
202512,A22846,saving,5032.05
202512,A22847,card,-1334.85
202512,A22848,saving,14905.51
202512,A22849,mortgage,290185.57
202512,A22850,card,0
202512,A22851,lending,23235.82
202512,A22852,investment,527430.17
202512,A22853,investment,321546.35
202512,A22854,investment,651477.5
202512,A22855,investment,266008.32
202512,A22856,investment,766117.53
202512,A22857,chequing,19949.43
202512,A22858,saving,0
202512,A22859,investment,625827.5
202512,A22860,lending,30165.67
202512,A22861,investment,100026.41
202512,A22862,card,-4280.09
202512,A22863,investment,587996.58
202512,A22864,saving,7631.5
202512,A22865,lending,24106.6
202512,A22866,saving,16557.16
202512,A22867,lending,27514.96
202512,A22868,chequing,4604.48
202512,A22869,investment,629963.1
202512,A22870,investment,856217.29
202512,A22871,investment,354415.97
202512,A22872,investment,860513.89
202512,A22873,saving,0
202512,A22874,investment,96410.08
202512,A22875,investment,306592.6
202512,A22876,investment,723184.23
202512,A22877,investment,251809.01
202512,A22878,saving,2222.79
202512,A22879,saving,6095.26
202512,A22880,chequing,0
202512,A22881,investment,242782.01
202512,A22882,investment,634908.21
202512,A22883,mortgage,110967.58
202512,A22884,lending,2288.67
202512,A22885,investment,87453.66
202512,A22886,investment,481682.88
202512,A22887,chequing,10373.11
202512,A22888,investment,169672.44
202512,A22889,investment,779541.17
202512,A22890,card,-4338.51
202512,A22891,card,-1764.93
202512,A22892,investment,14781.69
202512,A22893,card,-4579.58
202512,A22894,investment,374449.87
202512,A22895,saving,49746.27
202512,A22896,investment,866232.93
202512,A22897,mortgage,447178.8
202512,A22898,chequing,16800.49
202512,A22899,lending,39987.13
202512,A22900,saving,43451.48
202512,A22901,chequing,8003.99
202512,A22902,investment,739826.18
202512,A22903,chequing,6066.82
202512,A22904,saving,1416.81
202512,A22905,investment,996424.87
202512,A22906,investment,209929.89
202512,A22907,investment,90520.3
202512,A22908,investment,785467.66
202512,A22909,investment,171847.33
202512,A22910,investment,23935.02
202512,A22911,chequing,7434.47
202512,A22912,card,-1689.22
202512,A22913,saving,5680.93
202512,A22914,chequing,4455.1
202512,A22915,lending,21983.6
202512,A22916,investment,0
202512,A22917,chequing,19339.01
202512,A22918,saving,6707.52
202512,A22919,investment,904334.51
202512,A22920,investment,751896.39
202512,A22921,lending,44656.41
202512,A22922,chequing,17740.51
202512,A22923,lending,41246.35
202512,A22924,investment,550885.74
202512,A22925,chequing,5489.27
202512,A22926,investment,843189.95
202512,A22927,investment,0
202512,A22928,mortgage,73577
202512,A22929,investment,0
202512,A22930,investment,280375.34
202512,A22931,investment,347730.2
202512,A22932,mortgage,257559.6
202512,A22933,chequing,5025.12
202512,A22934,chequing,1515.2
202512,A22935,investment,628683.14
202512,A22936,lending,0
202512,A22937,investment,199613.89
202512,A22938,saving,11887.35
202512,A22939,investment,313689.86
202512,A22940,mortgage,0
202512,A22941,investment,137185.82
202512,A22942,saving,8427.01
202512,A22943,saving,29702.35
202512,A22944,card,-2782.52
202512,A22945,investment,860656.87
202512,A22946,investment,329750.03
202512,A22947,card,-639.49
202512,A22948,mortgage,0
202512,A22949,mortgage,288745.94
202512,A22950,mortgage,0
202512,A22951,investment,480040.37
202512,A22952,lending,20976.31
202512,A22953,investment,830028.12
202512,A22954,investment,892631.65
202512,A22955,saving,13511.08
202512,A22956,chequing,870.32
202512,A22957,lending,33809.06
202512,A22958,chequing,4558.35
202512,A22959,saving,12742.11
202512,A22960,mortgage,251346.9
202512,A22961,mortgage,364394.78
202512,A22962,lending,4768.82
202512,A22963,investment,27964.23
202512,A22964,investment,228603.72
202512,A22965,card,-1885.1
202512,A22966,investment,68040.38
202512,A22967,investment,0
202512,A22968,saving,20235.1
202512,A22969,chequing,4666.53
202512,A22970,card,-2611.28
202512,A22971,investment,199648.01
202512,A22972,saving,42545.64
202512,A22973,investment,840059.13
202512,A22974,investment,468800.88
202512,A22975,investment,871332.48
202512,A22976,investment,141132.12
202512,A22977,chequing,13123.65
202512,A22978,investment,483489.7
202512,A22979,investment,673042.31
202512,A22980,investment,607442.9
202512,A22981,saving,5600.37
202512,A22982,investment,7226.65
202512,A22983,investment,60013.76
202512,A22984,lending,5518.98
202512,A22985,investment,624174.13
202512,A22986,investment,490802.65
202512,A22987,mortgage,232698.19
202512,A22988,investment,714871.05
202512,A22989,investment,306176.58
202512,A22990,investment,923421.27
202512,A22991,saving,5920.96
202512,A22992,saving,45269.88
202512,A22993,chequing,11856.47
202512,A22994,investment,306041.81
202512,A22995,saving,49054.28
202512,A22996,card,-2984.74
202512,A22997,investment,96619.47
202512,A22998,lending,28588.76
202512,A22999,investment,93137.21
202512,A23000,saving,18077.93
202512,A23001,investment,897506.13
202512,A23002,investment,246117.06
202512,A23003,chequing,6674.19
202512,A23004,saving,0
202512,A23005,investment,234011.06
202512,A23006,investment,780109.29
202512,A23007,mortgage,263208.55
202512,A23008,saving,24510.06
202512,A23009,investment,234578.08
202512,A23010,saving,17243.12
202512,A23011,mortgage,496981.57
202512,A23012,investment,0
202512,A23013,investment,424661.93
202512,A23014,card,-2939.03
202512,A23015,saving,14334.35
202512,A23016,chequing,573.42
202512,A23017,investment,530427.38
202512,A23018,investment,658801.97
202512,A23019,chequing,10211.83
202512,A23020,chequing,5684.44
202512,A23021,investment,48303.49
202512,A23022,investment,985923.12
202512,A23023,chequing,9641.18
202512,A23024,chequing,12043.08
202512,A23025,investment,464070.17
202512,A23026,chequing,15628.68
202512,A23027,investment,67499.49
202512,A23028,card,-1583.36
202512,A23029,investment,681583.89
202512,A23030,lending,21248.97
202512,A23031,investment,515757.57
202512,A23032,investment,702335.88
202512,A23033,chequing,6572.88
202512,A23034,investment,4382.81
202512,A23035,chequing,13600.1
202512,A23036,chequing,10495.21
202512,A23037,saving,9532.07
202512,A23038,investment,968946.36
202512,A23039,mortgage,295460.91
202512,A23040,card,-3815.18
202512,A23041,investment,166446.45
202512,A23042,saving,6266.66
202512,A23043,investment,359521.86
202512,A23044,mortgage,0
202512,A23045,chequing,6994.56
202512,A23046,mortgage,283500.9
202512,A23047,saving,13493.59
202512,A23048,card,-1509.17
202512,A23049,investment,8656.28
202512,A23050,investment,623834.44
202512,A23051,investment,0
202512,A23052,investment,430897.19
202512,A23053,saving,19070.48
202512,A23054,investment,0
202512,A23055,lending,23631.25
202512,A23056,saving,14408.61
202512,A23057,investment,508146.33
202512,A23058,investment,0
202512,A23059,saving,30477.61
202512,A23060,chequing,2659.31
202512,A23061,investment,184143.67
202512,A23062,card,-435.53
202512,A23063,investment,457581.27
202512,A23064,investment,247967.22
202512,A23065,investment,862632.88
202512,A23066,investment,331539.27
202512,A23067,investment,911343.85
202512,A23068,chequing,7946.67
202512,A23069,chequing,7795.04
202512,A23070,investment,538633.55
202512,A23071,saving,9730.75
202512,A23072,investment,0
202512,A23073,chequing,18928.42
202512,A23074,chequing,8233.72
202512,A23075,chequing,1591.48
202512,A23076,card,-2774.47
202512,A23077,investment,833698.73
202512,A23078,card,-3566.33
202512,A23079,chequing,2495.14
202512,A23080,lending,28026.61
202512,A23081,investment,308068.89
202512,A23082,chequing,8135.69
202512,A23083,chequing,6147.17
202512,A23084,saving,48153.53
202512,A23085,investment,118924.69
202512,A23086,investment,832539.84
202512,A23087,investment,635667.37
202512,A23088,investment,0
202512,A23089,investment,0
202512,A23090,saving,34572.93
202512,A23091,investment,176093.67
202512,A23092,investment,197151.53
202512,A23093,investment,521383.82
202512,A23094,investment,516379.28
202512,A23095,chequing,7413.02
202512,A23096,chequing,603.36
202512,A23097,saving,0
202512,A23098,saving,560.48
202512,A23099,lending,19333.26
202512,A23100,investment,215007.42
202512,A23101,chequing,5529.34
202512,A23102,chequing,10562.79
202512,A23103,chequing,2853.07
202512,A23104,investment,598640.57
202512,A23105,saving,31467.92
202512,A23106,chequing,2576.82
202512,A23107,investment,63333.87
202512,A23108,lending,39822.74
202512,A23109,saving,14672.4
202512,A23110,investment,191156.63
202512,A23111,mortgage,310539.38
202512,A23112,card,-4751.19
202512,A23113,investment,194822.35
202512,A23114,investment,152230.54
202512,A23115,chequing,8157.67
202512,A23116,investment,431061.51
202512,A23117,investment,8228.8
202512,A23118,chequing,15153.42
202512,A23119,investment,99193.62
202512,A23120,chequing,8213.2
202512,A23121,investment,501632.06
202512,A23122,lending,5802.37
202512,A23123,saving,14389.05
202512,A23124,card,-644.73
202512,A23125,investment,724187.18
202512,A23126,investment,682765
202512,A23127,investment,312249
202512,A23128,lending,16188.78
202512,A23129,investment,50350.84
202512,A23130,chequing,6245.38
202512,A23131,lending,8404.76
202512,A23132,lending,0
202512,A23133,chequing,11357.8
202512,A23134,investment,318693.27
202512,A23135,chequing,8563.77
202512,A23136,chequing,17642.65
202512,A23137,investment,452484.94
202512,A23138,investment,372895.03
202512,A23139,investment,281114.74
202512,A23140,investment,65770.21
202512,A23141,lending,41038.54
202512,A23142,saving,9929.38
202512,A23143,investment,100086.73
202512,A23144,mortgage,320352.81
202512,A23145,lending,22149.7
202512,A23146,investment,809432.34
202512,A23147,chequing,10059.78
202512,A23148,investment,818942.34
202512,A23149,saving,9090.12
202512,A23150,saving,45491.45
202512,A23151,saving,18419.72
202512,A23152,lending,16655.17
202512,A23153,investment,300859.76
202512,A23154,lending,24881.23
202512,A23155,lending,0
202512,A23156,saving,14027.04
202512,A23157,card,-1542.48
202512,A23158,chequing,5482.54
202512,A23159,chequing,0
202512,A23160,saving,20720.23
202512,A23161,saving,8791.21
202512,A23162,card,-1825.57
202512,A23163,investment,266849.99
202512,A23164,chequing,18145.48
202512,A23165,chequing,2022.47
202512,A23166,investment,62305.69
202512,A23167,investment,68052.65
202512,A23168,mortgage,166824.37
202512,A23169,saving,5203.25
202512,A23170,lending,22128.77
202512,A23171,investment,659449.17
202512,A23172,investment,553077.54
202512,A23173,investment,577079.69
202512,A23174,saving,3239.51
202512,A23175,investment,1658.55
202512,A23176,mortgage,426262.83
202512,A23177,investment,862694.34
202512,A23178,investment,37159.78
202512,A23179,chequing,15612.77
202512,A23180,mortgage,129592.77
202512,A23181,investment,617350.82
202512,A23182,saving,8957.66
202512,A23183,chequing,15869.66
202512,A23184,lending,35877.27
202512,A23185,investment,237659.93
202512,A23186,card,-1166.93
202512,A23187,saving,0
202512,A23188,investment,50965.96
202512,A23189,investment,549499.67
202512,A23190,investment,621272.86
202512,A23191,mortgage,169132.36
202512,A23192,chequing,12400.45
202512,A23193,investment,778588.08
202512,A23194,lending,0
202512,A23195,saving,0
202512,A23196,investment,21621.16
202512,A23197,card,-2905.48
202512,A23198,mortgage,51263.87
202512,A23199,investment,0
202512,A23200,investment,555739.04
202512,A23201,mortgage,484890.56
202512,A23202,mortgage,384453.11
202512,A23203,chequing,13429.26
202512,A23204,card,-1589.56
202512,A23205,mortgage,127635.51
202512,A23206,chequing,14539.33
202512,A23207,chequing,17824.27
202512,A23208,chequing,7376.97
202512,A23209,investment,50525.52
202512,A23210,investment,836068.7
202512,A23211,investment,215745.17
202512,A23212,investment,189655.49
202512,A23213,investment,62394.93
202512,A23214,mortgage,360504.73
202512,A23215,mortgage,125322.36
202512,A23216,mortgage,468020.75
202512,A23217,investment,104751.09
202512,A23218,mortgage,131378.93
202512,A23219,chequing,7699.86
202512,A23220,saving,46883.68
202512,A23221,mortgage,300437.05
202512,A23222,card,-3125.5
202512,A23223,mortgage,123495.52
202512,A23224,investment,985173.94
202512,A23225,chequing,13232.44
202512,A23226,saving,44297.58
202512,A23227,chequing,8237.41
202512,A23228,investment,976382.03
202512,A23229,lending,0
202512,A23230,chequing,6211.77
202512,A23231,investment,993890.25
202512,A23232,mortgage,129101.26
202512,A23233,investment,357252.04
202512,A23234,saving,6821.54
202512,A23235,chequing,3189.13
202512,A23236,chequing,10879.83
202512,A23237,lending,32210.81
202512,A23238,investment,89137.49
202512,A23239,mortgage,79056.7
202512,A23240,chequing,15576.08
202512,A23241,mortgage,98532.7
202512,A23242,chequing,14983.35
202512,A23243,investment,750449.94
202512,A23244,chequing,12556.54
202512,A23245,lending,31954.63
202512,A23246,investment,845954.28
202512,A23247,saving,593.25
202512,A23248,chequing,6917.35
202512,A23249,mortgage,151412.98
202512,A23250,investment,0
202512,A23251,chequing,9801.26
202512,A23252,saving,43116.54
202512,A23253,chequing,16059.95
202512,A23254,mortgage,93819.19
202512,A23255,chequing,3467.27
202512,A23256,chequing,8301.63
202512,A23257,chequing,9067.48
202512,A23258,chequing,7321.38
202512,A23259,saving,39550.75
202512,A23260,lending,29539.16
202512,A23261,investment,197185.97
202512,A23262,investment,0
202512,A23263,saving,13085.09
202512,A23264,chequing,3147.96
202512,A23265,investment,435633.78
202512,A23266,chequing,9352.99
202512,A23267,chequing,7336.12
202512,A23268,chequing,3457.82
202512,A23269,chequing,5517.74
202512,A23270,saving,15550.19
202512,A23271,investment,0
202512,A23272,investment,859694.52
202512,A23273,investment,324314.33
202512,A23274,chequing,3964.02
202512,A23275,investment,676515.9
202512,A23276,chequing,18099.84
202512,A23277,chequing,18061.5
202512,A23278,card,0
202512,A23279,investment,868674.56
202512,A23280,chequing,18773.59
202512,A23281,investment,605136.57
202512,A23282,investment,397114.24
202512,A23283,chequing,7301.12
202512,A23284,investment,322948.99
202512,A23285,chequing,346.09
202512,A23286,lending,27402.59
202512,A23287,investment,978732.92
202512,A23288,lending,46442.8
202512,A23289,lending,31712.58
202512,A23290,saving,18153.7
202512,A23291,lending,11193.58
202512,A23292,chequing,12946.52
202512,A23293,card,-1786.32
202512,A23294,investment,639728.95
202512,A23295,mortgage,0
202512,A23296,chequing,7114.65
202512,A23297,chequing,12663.57
202512,A23298,lending,16619.34
202512,A23299,investment,976969.55
202512,A23300,saving,0
202512,A23301,chequing,6944.94
202512,A23302,saving,13044.09
202512,A23303,investment,70152.6
202512,A23304,investment,233331.67
202512,A23305,investment,878274.64
202512,A23306,saving,7154.06
202512,A23307,investment,780318.22
202512,A23308,card,-1978.73
202512,A23309,lending,27813.34
202512,A23310,saving,14297.81
202512,A23311,investment,0
202512,A23312,card,-959.29
202512,A23313,investment,863379.44
202512,A23314,investment,223524.68
202512,A23315,card,-3045.92
202512,A23316,chequing,14912.23
202512,A23317,chequing,6579.02
202512,A23318,investment,605900.5
202512,A23319,chequing,8088.58
202512,A23320,investment,871813.98
202512,A23321,chequing,19828.61
202512,A23322,card,-4848.49
202512,A23323,chequing,0
202512,A23324,investment,166179.34
202512,A23325,lending,15484.12
202512,A23326,investment,571182.83
202512,A23327,investment,0
202512,A23328,investment,567242.08
202512,A23329,card,-3444.33
202512,A23330,mortgage,0
202512,A23331,saving,10352.32
202512,A23332,lending,0
202512,A23333,saving,7543.32
202512,A23334,saving,0
202512,A23335,chequing,6713.87
202512,A23336,chequing,3611.54
202512,A23337,investment,421933.29
202512,A23338,investment,663678.56
202512,A23339,mortgage,57126
202512,A23340,card,-1736.38
202512,A23341,mortgage,146914.64
202512,A23342,lending,27228.98
202512,A23343,card,-2291.81
202512,A23344,investment,246005.01
202512,A23345,saving,16098.61
202512,A23346,lending,0
202512,A23347,investment,425662.79
202512,A23348,saving,4428.11
202512,A23349,lending,0
202512,A23350,investment,47238.24
202512,A23351,chequing,1927.74
202512,A23352,lending,21308.18
202512,A23353,investment,897285.65
202512,A23354,saving,0
202512,A23355,saving,13567.41
202512,A23356,mortgage,192123.77
202512,A23357,investment,0
202512,A23358,card,-4933.97
202512,A23359,investment,0
202512,A23360,investment,540655.91
202512,A23361,saving,19589.83
202512,A23362,lending,37084.12
202512,A23363,mortgage,174415.27
202512,A23364,investment,848890.34
202512,A23365,saving,0
202512,A23366,investment,487476.11
202512,A23367,lending,3917.74
202512,A23368,investment,164886.34
202512,A23369,investment,717247.62
202512,A23370,saving,10447.53
202512,A23371,investment,0
202512,A23372,investment,598298.03
202512,A23373,mortgage,0
202512,A23374,saving,15792.07
202512,A23375,saving,49099.13
202512,A23376,saving,16337.38
202512,A23377,investment,975362.89
202512,A23378,lending,48990.52
202512,A23379,lending,22161.13
202512,A23380,chequing,18774.3
202512,A23381,chequing,10747.76
202512,A23382,investment,879260.5
202512,A23383,investment,868747.49
202512,A23384,card,-4434.58
202512,A23385,investment,32064.14
202512,A23386,chequing,2024.05
202512,A23387,card,-3767.82
202512,A23388,saving,6218.57
202512,A23389,investment,0
202512,A23390,chequing,1333.82
202512,A23391,investment,5903.38
202512,A23392,investment,211370.66
202512,A23393,saving,5868.34
202512,A23394,investment,993589.55
202512,A23395,chequing,9066.98
202512,A23396,investment,514259.74
202512,A23397,investment,15525.08
202512,A23398,investment,14625.92
202512,A23399,chequing,2417.86
202512,A23400,card,-117.37
202512,A23401,investment,652723.99
202512,A23402,saving,8675.54
202512,A23403,saving,3453.13
202512,A23404,card,0
202512,A23405,chequing,0
202512,A23406,investment,0
202512,A23407,chequing,7771.48
202512,A23408,saving,41219.13
202512,A23409,mortgage,0
202512,A23410,chequing,2052.39
202512,A23411,card,0
202512,A23412,investment,712827.4
202512,A23413,saving,7736.03
202512,A23414,investment,331718.61
202512,A23415,investment,145833.45
202512,A23416,lending,24368.34
202512,A23417,investment,959877.63
202512,A23418,lending,24246.92
202512,A23419,investment,214722.44
202512,A23420,saving,998
202512,A23421,chequing,4798.59
202512,A23422,investment,61217.67
202512,A23423,card,-74.15
202512,A23424,saving,38829.08
202512,A23425,mortgage,232487.34
202512,A23426,chequing,16499.43
202512,A23427,mortgage,295514.12
202512,A23428,saving,1046.27
202512,A23429,lending,47922.56
202512,A23430,lending,14028.21
202512,A23431,investment,306299.06
202512,A23432,lending,41343.97
202512,A23433,investment,0
202512,A23434,chequing,0
202512,A23435,investment,490640.38
202512,A23436,investment,725018.8
202512,A23437,investment,884774.57
202512,A23438,investment,187026.66
202512,A23439,saving,0
202512,A23440,lending,26863.83
202512,A23441,lending,34132.53
202512,A23442,chequing,0
202512,A23443,saving,29540.93
202512,A23444,investment,688361.64
202512,A23445,chequing,0
202512,A23446,investment,650672.8
202512,A23447,chequing,5212.81
202512,A23448,saving,1480.9
202512,A23449,card,-404.59
202512,A23450,investment,1905.18
202512,A23451,chequing,19535.2
202512,A23452,investment,648487.59
202512,A23453,investment,695968.02
202512,A23454,investment,0
202512,A23455,lending,11445.75
202512,A23456,saving,12269.03
202512,A23457,investment,0
202512,A23458,mortgage,388646.33
202512,A23459,investment,282543.89
202512,A23460,mortgage,323804.93
202512,A23461,card,-4643.09
202512,A23462,chequing,18196.23
202512,A23463,saving,13662.7
202512,A23464,saving,33269.29
202512,A23465,chequing,9942.52
202512,A23466,card,-3593.47
202512,A23467,saving,27070.67
202512,A23468,mortgage,368807.12
202512,A23469,investment,93496.97
202512,A23470,investment,912160.53
202512,A23471,chequing,2943.36
202512,A23472,investment,353623.04
202512,A23473,investment,0
202512,A23474,saving,8287.59
202512,A23475,investment,0
202512,A23476,investment,444218.73
202512,A23477,card,-4416.35
202512,A23478,lending,32018.34
202512,A23479,saving,48810.08
202512,A23480,investment,299237.57
202512,A23481,chequing,14796.28
202512,A23482,lending,37691.14
202512,A23483,saving,0
202512,A23484,investment,22136.82
202512,A23485,chequing,7117.28
202512,A23486,investment,56260.92
202512,A23487,saving,18294.37
202512,A23488,chequing,19971.71
202512,A23489,investment,275170.59
202512,A23490,chequing,16578
202512,A23491,mortgage,272867.24
202512,A23492,investment,203091.46
202512,A23493,lending,2341.47
202512,A23494,investment,411660.8
202512,A23495,saving,14095.96
202512,A23496,investment,378522.97
202512,A23497,investment,681488.12
202512,A23498,investment,923518.24
202512,A23499,lending,39543.96
202512,A23500,lending,0
202512,A23501,saving,29064.87
202512,A23502,lending,28258.66
202512,A23503,saving,4240.79
202512,A23504,saving,0
202512,A23505,saving,0
202512,A23506,saving,0
202512,A23507,card,-636.89
202512,A23508,chequing,5033.5
202512,A23509,saving,16432.84
202512,A23510,chequing,17457.28
202512,A23511,chequing,9421.54
202512,A23512,investment,47112.5
202512,A23513,card,-1338.98
202512,A23514,investment,934037.12
202512,A23515,lending,48726.41
202512,A23516,saving,884.63
202512,A23517,chequing,16903.58
202512,A23518,saving,17567.32
202512,A23519,investment,683243.9
202512,A23520,mortgage,155514.12
202512,A23521,investment,721340.02
202512,A23522,investment,0
202512,A23523,mortgage,428289.78
202512,A23524,card,-287.79
202512,A23525,investment,96346.28
202512,A23526,investment,776918.37
202512,A23527,investment,867490.99
202512,A23528,investment,27143.84
202512,A23529,saving,25832.25
202512,A23530,investment,861787.76
202512,A23531,saving,10461.41
202512,A23532,investment,0
202512,A23533,investment,0
202512,A23534,chequing,1894.67
202512,A23535,card,-1971.16
202512,A23536,chequing,7757.71
202512,A23537,investment,0
202512,A23538,card,-1810.74
202512,A23539,investment,750508.93
202512,A23540,chequing,12590.09
202512,A23541,investment,0
202512,A23542,card,-366.42
202512,A23543,chequing,9375.45
202512,A23544,mortgage,0
202512,A23545,saving,14426.46
202512,A23546,card,-4353.35
202512,A23547,mortgage,284345.25
202512,A23548,lending,38167.45
202512,A23549,saving,31572.23
202512,A23550,chequing,5115.27
202512,A23551,investment,288246.86
202512,A23552,lending,38097.12
202512,A23553,chequing,6777.75
202512,A23554,investment,69160.26
202512,A23555,investment,842646.14
202512,A23556,mortgage,253680.84
202512,A23557,investment,838346.06
202512,A23558,lending,19082.09
202512,A23559,mortgage,0
202512,A23560,chequing,5853.1
202512,A23561,investment,78020.32
202512,A23562,card,-570.84
202512,A23563,investment,579906.72
202512,A23564,card,-2518.9
202512,A23565,chequing,17167.06
202512,A23566,saving,3802.75
202512,A23567,investment,0
202512,A23568,investment,0
202512,A23569,chequing,18237.96
202512,A23570,investment,0
202512,A23571,chequing,16488.85
202512,A23572,saving,12671.15
202512,A23573,investment,83177.8
202512,A23574,investment,71276.93
202512,A23575,mortgage,437960.55
202512,A23576,investment,923214.05
202512,A23577,investment,0
202512,A23578,chequing,15213.11
202512,A23579,chequing,18244.44
202512,A23580,saving,4111.89
202512,A23581,investment,529205.01
202512,A23582,chequing,17439.17
202512,A23583,investment,807045.42
202512,A23584,investment,944223.93
202512,A23585,card,-2827.49
202512,A23586,card,-667.19
202512,A23587,investment,235451.36
202512,A23588,investment,805152.63
202512,A23589,investment,649530.6
202512,A23590,investment,654004.66
202512,A23591,investment,195637.71
202512,A23592,mortgage,88510.68
202512,A23593,card,-2897.13
202512,A23594,chequing,0
202512,A23595,saving,12195.03
202512,A23596,investment,209491.93
202512,A23597,investment,439255.94
202512,A23598,chequing,9672.63
202512,A23599,investment,112328.18
202512,A23600,investment,100874.06
202512,A23601,saving,12877.71
202512,A23602,chequing,7072.14
202512,A23603,lending,6596.32
202512,A23604,investment,945269.56
202512,A23605,investment,0
202512,A23606,mortgage,0
202512,A23607,lending,47931.1
202512,A23608,chequing,17024.85
202512,A23609,investment,0
202512,A23610,chequing,4692.5
202512,A23611,card,0
202512,A23612,saving,10923.63
202512,A23613,investment,356365.43
202512,A23614,investment,456070.87
202512,A23615,mortgage,0
202512,A23616,chequing,18654.95
202512,A23617,investment,0
202512,A23618,investment,977485.27
202512,A23619,investment,187380.76
202512,A23620,investment,417373.24
202512,A23621,lending,0
202512,A23622,card,-4323.42
202512,A23623,investment,51538.41
202512,A23624,investment,862799.25
202512,A23625,investment,9023.18
202512,A23626,investment,264468.46
202512,A23627,investment,291823.05
202512,A23628,investment,57107.51
202512,A23629,investment,549121.96
202512,A23630,chequing,7625.15
202512,A23631,chequing,5490.2
202512,A23632,investment,0
202512,A23633,chequing,3792.68
202512,A23634,saving,12139.6
202512,A23635,saving,14476.21
202512,A23636,investment,586221.6
202512,A23637,card,-2159.57
202512,A23638,lending,20258.33
202512,A23639,investment,265262.37
202512,A23640,investment,184321
202512,A23641,mortgage,338134.42
202512,A23642,chequing,8369.6
202512,A23643,card,-261.21
202512,A23644,investment,351043.66
202512,A23645,lending,10382.64
202512,A23646,investment,0
202512,A23647,lending,15432.89
202512,A23648,investment,883523.99
202512,A23649,card,-2219.32
202512,A23650,chequing,5664.23
202512,A23651,lending,47151.02
202512,A23652,chequing,6964.87
202512,A23653,saving,2882.69
202512,A23654,chequing,6002.95
202512,A23655,investment,231059.29
202512,A23656,lending,48839.12
202512,A23657,investment,236215.29
202512,A23658,investment,143056.2
202512,A23659,lending,42290.34
202512,A23660,investment,17957.26
202512,A23661,investment,483812.69
202512,A23662,mortgage,318519.15
202512,A23663,mortgage,263617.73
202512,A23664,investment,389082.77
202512,A23665,chequing,17114.08
202512,A23666,investment,0
202512,A23667,mortgage,192340.39
202512,A23668,chequing,6532.21
202512,A23669,investment,897410.47
202512,A23670,investment,737087.95
202512,A23671,saving,5005.43
202512,A23672,saving,8338.4
202512,A23673,saving,7111.25
202512,A23674,investment,331620.74
202512,A23675,saving,32214.9
202512,A23676,card,-475.31
202512,A23677,saving,12601.15
202512,A23678,investment,923305.97
202512,A23679,investment,74119.35
202512,A23680,chequing,14294.01
202512,A23681,chequing,2605.33
202512,A23682,lending,39797.98
202512,A23683,investment,334908.64
202512,A23684,chequing,16196.69
202512,A23685,investment,133736.08
202512,A23686,investment,169303.53
202512,A23687,saving,47320.68
202512,A23688,saving,3887.79
202512,A23689,investment,456671.97
202512,A23690,investment,0
202512,A23691,investment,149213.34
202512,A23692,card,-1000.85
202512,A23693,chequing,19684.74
202512,A23694,investment,0
202512,A23695,saving,19028.89
202512,A23696,investment,788141.98
202512,A23697,investment,40638.81
202512,A23698,investment,434270.66
202512,A23699,saving,43235.46
202512,A23700,investment,777170.89
202512,A23701,investment,179099.54
202512,A23702,investment,428777.78
202512,A23703,chequing,2342.05
202512,A23704,card,-3068.49
202512,A23705,investment,93944.6
202512,A23706,card,-2650.46
202512,A23707,saving,10461.45
202512,A23708,lending,35442.42
202512,A23709,investment,96583.16
202512,A23710,investment,718157.3
202512,A23711,investment,484480.18
202512,A23712,chequing,16116.8
202512,A23713,saving,0
202512,A23714,mortgage,0
202512,A23715,lending,27008.23
202512,A23716,saving,23704.72
202512,A23717,saving,534.39
202512,A23718,chequing,6093.24
202512,A23719,chequing,0
202512,A23720,investment,355656.79
202512,A23721,investment,623289.62
202512,A23722,chequing,8358.43
202512,A23723,chequing,11893.76
202512,A23724,chequing,10159.71
202512,A23725,investment,669480.88
202512,A23726,saving,24399.83
202512,A23727,saving,18625.17
202512,A23728,lending,18188.46
202512,A23729,investment,585131.06
202512,A23730,investment,784586.04
202512,A23731,lending,40695.42
202512,A23732,chequing,17568.03
202512,A23733,chequing,0
202512,A23734,investment,390129.52
202512,A23735,investment,523123.74
202512,A23736,investment,248364.84
202512,A23737,investment,634133.17
202512,A23738,saving,14868.09
202512,A23739,investment,621816.49
202512,A23740,investment,57172.19
202512,A23741,mortgage,223046.63
202512,A23742,investment,63549.18
202512,A23743,investment,528933.69
202512,A23744,saving,11749.8
202512,A23745,investment,162269.12
202512,A23746,chequing,9045.22
202512,A23747,investment,812360.56
202512,A23748,investment,241060
202512,A23749,card,0
202512,A23750,investment,78001.69
202512,A23751,chequing,6912.93
202512,A23752,investment,937934.38
202512,A23753,lending,19954.86
202512,A23754,card,-4694.56
202512,A23755,saving,12764.34
202512,A23756,investment,60663.9
202512,A23757,investment,33709.59
202512,A23758,chequing,13438.88
202512,A23759,investment,511541.52
202512,A23760,saving,2428.9
202512,A23761,card,-2024.58
202512,A23762,investment,821058.27
202512,A23763,chequing,9509.24
202512,A23764,card,-2670.99
202512,A23765,investment,0
202512,A23766,lending,43729.48
202512,A23767,investment,817664.63
202512,A23768,card,-1833.51
202512,A23769,mortgage,54849.07
202512,A23770,saving,41359.9
202512,A23771,investment,0
202512,A23772,investment,503280.86
202512,A23773,saving,0
202512,A23774,saving,2304.36
202512,A23775,investment,879015.4
202512,A23776,investment,87028.14
202512,A23777,chequing,7247.15
202512,A23778,card,-3291.3
202512,A23779,lending,6614.69
202512,A23780,investment,2200.68
202512,A23781,lending,40699.02
202512,A23782,lending,18234.9
202512,A23783,card,-1627.73
202512,A23784,investment,119626.51
202512,A23785,investment,415933.25
202512,A23786,lending,33238.64
202512,A23787,mortgage,404102.5
202512,A23788,investment,156996.75
202512,A23789,mortgage,142939.11
202512,A23790,investment,710297.72
202512,A23791,investment,0
202512,A23792,card,-1121.81
202512,A23793,investment,491522.02
202512,A23794,investment,448780.55
202512,A23795,saving,21203.49
202512,A23796,lending,2658.63
202512,A23797,mortgage,204425.23
202512,A23798,lending,11457.75
202512,A23799,investment,90828.71
202512,A23800,investment,41256.8
202512,A23801,chequing,8843.19
202512,A23802,chequing,7611.7
202512,A23803,chequing,1443.79
202512,A23804,mortgage,229412.38
202512,A23805,investment,480857.69
202512,A23806,investment,698700.69
202512,A23807,chequing,5530.76
202512,A23808,investment,63296.94
202512,A23809,saving,0
202512,A23810,chequing,6896.06
202512,A23811,saving,5634.16
202512,A23812,card,-1871.69
202512,A23813,investment,557059.63
202512,A23814,chequing,13569.45
202512,A23815,mortgage,282432.66
202512,A23816,investment,165126.72
202512,A23817,investment,0
202512,A23818,lending,38824.07
202512,A23819,mortgage,0
202512,A23820,lending,29919.96
202512,A23821,investment,612106.14
202512,A23822,card,-3824.41
202512,A23823,chequing,8306.86
202512,A23824,investment,232547.09
202512,A23825,investment,837977.79
202512,A23826,investment,828147.89
202512,A23827,mortgage,87671.45
202512,A23828,saving,38737.09
202512,A23829,investment,0
202512,A23830,investment,161824.62
202512,A23831,saving,0
202512,A23832,investment,66649.46
202512,A23833,mortgage,416249.27
202512,A23834,mortgage,211127.23
202512,A23835,mortgage,57113.29
202512,A23836,investment,377880.93
202512,A23837,card,-2539.97
202512,A23838,investment,0
202512,A23839,saving,13575.24
202512,A23840,investment,477952.94
202512,A23841,chequing,15595.67
202512,A23842,saving,14914.14
202512,A23843,investment,153269.93
202512,A23844,investment,448266.29
202512,A23845,card,-421.49
202512,A23846,investment,824388.66
202512,A23847,lending,36433.77
202512,A23848,saving,11816.22
202512,A23849,investment,266047.59
202512,A23850,mortgage,142050.01
202512,A23851,chequing,10351.01
202512,A23852,investment,790286.21
202512,A23853,investment,15952.64
202512,A23854,saving,44834.49
202512,A23855,investment,538645.23
202512,A23856,mortgage,465779.4
202512,A23857,mortgage,444571.79
202512,A23858,investment,529762.31
202512,A23859,saving,0
202512,A23860,chequing,0
202512,A23861,investment,0
202512,A23862,investment,833702.71
202512,A23863,investment,226970.4
202512,A23864,investment,560091.88
202512,A23865,saving,11344.56
202512,A23866,card,-3641.54
202512,A23867,investment,577145.65
202512,A23868,card,0
202512,A23869,investment,174324.47
202512,A23870,saving,5154.59
202512,A23871,investment,285954.23
202512,A23872,investment,940179.52
202512,A23873,investment,164889.27
202512,A23874,chequing,5251.78
202512,A23875,lending,47372.92
202512,A23876,lending,3059.32
202512,A23877,saving,17982.26
202512,A23878,card,-1601.85
202512,A23879,investment,292791.4
202512,A23880,investment,576656.13
202512,A23881,investment,864312.77
202512,A23882,investment,66601.78
202512,A23883,chequing,5343.47
202512,A23884,mortgage,0
202512,A23885,investment,766977.47
202512,A23886,investment,706647.58
202512,A23887,investment,795989
202512,A23888,investment,536417.05
202512,A23889,investment,524107.55
202512,A23890,investment,503234.52
202512,A23891,mortgage,248846.88
202512,A23892,investment,11803.34
202512,A23893,investment,542813.01
202512,A23894,investment,469995.62
202512,A23895,investment,658726.03
202512,A23896,investment,36063.12
202512,A23897,card,-1799.64
202512,A23898,investment,611914.58
202512,A23899,investment,431241.16
202512,A23900,saving,6273.78
202512,A23901,investment,898055.15
202512,A23902,card,-2885.17
202512,A23903,investment,0
202512,A23904,saving,10416.61
202512,A23905,mortgage,350096.19
202512,A23906,chequing,15623.18
202512,A23907,card,0
202512,A23908,mortgage,250078.42
202512,A23909,lending,20753.95
202512,A23910,mortgage,151578.91
202512,A23911,investment,0
202512,A23912,mortgage,476099.24
202512,A23913,card,-4220.8
202512,A23914,chequing,0
202512,A23915,lending,42552.45
202512,A23916,lending,12351.77
202512,A23917,saving,2905.18
202512,A23918,mortgage,158734.45
202512,A23919,chequing,1829.78
202512,A23920,investment,41210.51
202512,A23921,lending,7260.84
202512,A23922,lending,12220.23
202512,A23923,card,0
202512,A23924,chequing,10144.18
202512,A23925,mortgage,453695.28
202512,A23926,card,-662.69
202512,A23927,card,-4173.62
202512,A23928,investment,632122.27
202512,A23929,investment,783848.89
202512,A23930,investment,409908.1
202512,A23931,investment,29685.92
202512,A23932,saving,11018.92
202512,A23933,chequing,9024.28
202512,A23934,investment,390824.25
202512,A23935,investment,921030.24
202512,A23936,saving,6849.52
202512,A23937,saving,18353.81
202512,A23938,card,-3970.72
202512,A23939,investment,879790.84
202512,A23940,lending,27100.79
202512,A23941,saving,3314.34
202512,A23942,investment,66193.13
202512,A23943,investment,357838.18
202512,A23944,chequing,8099.32
202512,A23945,investment,808540.15
202512,A23946,investment,619119.52
202512,A23947,saving,2200.72
202512,A23948,investment,795249.56
202512,A23949,chequing,3697.53
202512,A23950,investment,627047.36
202512,A23951,mortgage,226339.66
202512,A23952,saving,12455.95
202512,A23953,investment,0
202512,A23954,investment,795122.92
202512,A23955,card,-2360.78
202512,A23956,mortgage,220242.62
202512,A23957,mortgage,396279.87
202512,A23958,investment,38651.23
202512,A23959,chequing,2895.96
202512,A23960,saving,18025.04
202512,A23961,investment,0
202512,A23962,investment,0
202512,A23963,lending,1489.19
202512,A23964,saving,15156.79
202512,A23965,chequing,6808.72
202512,A23966,investment,87139.72
202512,A23967,card,0
202512,A23968,saving,0
202512,A23969,investment,449387.05
202512,A23970,investment,990423.42
202512,A23971,saving,32932.96
202512,A23972,investment,3534.59
202512,A23973,saving,4119.01
202512,A23974,investment,911332.79
202512,A23975,card,-217.48
202512,A23976,investment,0
202512,A23977,saving,11450.68
202512,A23978,investment,175972.34
202512,A23979,chequing,6369.16
202512,A23980,investment,399303.04
202512,A23981,chequing,4701.28
202512,A23982,chequing,4095.94
202512,A23983,saving,13716.13
202512,A23984,chequing,0
202512,A23985,chequing,5146.21
202512,A23986,chequing,215.43
202512,A23987,lending,49660.55
202512,A23988,chequing,13317.76
202512,A23989,investment,787917.57
202512,A23990,investment,103701.73
202512,A23991,lending,45055.62
202512,A23992,investment,803741.68
202512,A23993,chequing,0
202512,A23994,card,-2849.29
202512,A23995,chequing,9377.85
202512,A23996,investment,640039.37
202512,A23997,investment,621297.85
202512,A23998,saving,30716.4
202512,A23999,investment,836076.96
202512,A24000,investment,18053.38
202512,A24001,investment,886356.65
202512,A24002,investment,16905.95
202512,A24003,investment,89468.65
202512,A24004,card,-4102.2
202512,A24005,chequing,7264.3
202512,A24006,investment,0
202512,A24007,chequing,6238.36
202512,A24008,card,-2139.98
202512,A24009,lending,0
202512,A24010,investment,0
202512,A24011,saving,18977.74
202512,A24012,investment,798098.51
202512,A24013,lending,1836.95
202512,A24014,investment,16146.68
202512,A24015,card,-4839.9
202512,A24016,investment,729794.23
202512,A24017,investment,0
202512,A24018,chequing,7040.48
202512,A24019,investment,581600.54
202512,A24020,saving,6120.03
202512,A24021,card,-2363.86
202512,A24022,lending,0
202512,A24023,investment,488037.58
202512,A24024,investment,490404.24
202512,A24025,chequing,3155.22
202512,A24026,saving,0
202512,A24027,investment,75823.14
202512,A24028,chequing,0
202512,A24029,investment,747594.97
202512,A24030,saving,5241.69
202512,A24031,chequing,19386.12
202512,A24032,card,-2745.27
202512,A24033,mortgage,0
202512,A24034,investment,193521.53
202512,A24035,lending,25822.39
202512,A24036,mortgage,209043.24
202512,A24037,card,-3608.75
202512,A24038,investment,399140.02
202512,A24039,chequing,2229.81
202512,A24040,mortgage,0
202512,A24041,investment,60501.09
202512,A24042,saving,8164.19
202512,A24043,investment,873049.2
202512,A24044,saving,0
202512,A24045,card,-3969.84
202512,A24046,mortgage,381284.52
202512,A24047,saving,3093.77
202512,A24048,card,-1432.04
202512,A24049,investment,865270.59
202512,A24050,investment,580991.54
202512,A24051,mortgage,282126.43
202512,A24052,chequing,6578.83
202512,A24053,investment,988764.46
202512,A24054,chequing,7420.04
202512,A24055,saving,15847
202512,A24056,chequing,5791.28
202512,A24057,saving,16119.15
202512,A24058,saving,15933.5
202512,A24059,card,-2031.27
202512,A24060,chequing,6621.21
202512,A24061,card,-881.25
202512,A24062,investment,767168.17
202512,A24063,lending,0
202512,A24064,mortgage,0
202512,A24065,investment,88109.96
202512,A24066,mortgage,437234.7
202512,A24067,chequing,3848.42
202512,A24068,saving,11643.44
202512,A24069,mortgage,293766.32
202512,A24070,chequing,9068.76
202512,A24071,lending,16654.16
202512,A24072,mortgage,54821.47
202512,A24073,chequing,9175.91
202512,A24074,investment,958560.97
202512,A24075,investment,391159.79
202512,A24076,lending,35729.37
202512,A24077,chequing,0
202512,A24078,chequing,5128.4
202512,A24079,mortgage,0
202512,A24080,investment,230223.82
202512,A24081,investment,604660.57
202512,A24082,investment,0
202512,A24083,investment,696441.73
202512,A24084,saving,0
202512,A24085,investment,807962.2
202512,A24086,investment,43048.97
202512,A24087,lending,19661.2
202512,A24088,saving,49911.36
202512,A24089,saving,3355.37
202512,A24090,investment,0
202512,A24091,investment,961660.83
202512,A24092,investment,513933.31
202512,A24093,saving,0
202512,A24094,card,-3744.62
202512,A24095,investment,0
202512,A24096,card,-3111.19
202512,A24097,chequing,9501.65
202512,A24098,investment,110311.18
202512,A24099,mortgage,193637.47
202512,A24100,chequing,13813.16
202512,A24101,investment,252103.35
202512,A24102,saving,5391.18
202512,A24103,mortgage,441746.16
202512,A24104,card,-4646.07
202512,A24105,investment,15619.97
202512,A24106,chequing,9696.97
202512,A24107,chequing,14705.49
202512,A24108,investment,400902.48
202512,A24109,saving,16610.9
202512,A24110,investment,226995.6
202512,A24111,lending,30001.46
202512,A24112,investment,0
202512,A24113,card,-2660.53
202512,A24114,investment,723303.47
202512,A24115,investment,293475.24
202512,A24116,investment,291104.41
202512,A24117,investment,520817.85
202512,A24118,investment,0
202512,A24119,investment,0
202512,A24120,investment,666470.37
202512,A24121,saving,19931.43
202512,A24122,investment,894595.55
202512,A24123,investment,551652.91
202512,A24124,chequing,5525.58
202512,A24125,saving,9563.98
202512,A24126,card,-3491.21
202512,A24127,investment,387985.4
202512,A24128,investment,79734.04
202512,A24129,investment,615780.6
202512,A24130,investment,927698.85
202512,A24131,investment,770304.35
202512,A24132,investment,815145.27
202512,A24133,chequing,6460.11
202512,A24134,saving,8378.65
202512,A24135,mortgage,474656.23
202512,A24136,chequing,5022.98
202512,A24137,investment,623342.48
202512,A24138,saving,42808.61
202512,A24139,saving,19974.73
202512,A24140,investment,413048.16
202512,A24141,saving,13207.76
202512,A24142,chequing,5006.25
202512,A24143,investment,779647.58
202512,A24144,chequing,19174.71
202512,A24145,mortgage,419057.9
202512,A24146,investment,33540.44
202512,A24147,investment,0
202512,A24148,chequing,4821.73
202512,A24149,chequing,5129.49
202512,A24150,chequing,9133.8
202512,A24151,investment,201986.16
202512,A24152,chequing,0
202512,A24153,saving,0
202512,A24154,lending,9908.51
202512,A24155,investment,892737.18
202512,A24156,saving,39978.66
202512,A24157,investment,302434
202512,A24158,chequing,9230.5
202512,A24159,saving,17821.62
202512,A24160,investment,239267.98
202512,A24161,card,-2817
202512,A24162,chequing,615.59
202512,A24163,investment,749565.74
202512,A24164,card,-3007.89
202512,A24165,investment,791557.92
202512,A24166,investment,652263.56
202512,A24167,chequing,6782.48
202512,A24168,chequing,2817.42
202512,A24169,investment,0
202512,A24170,investment,492934.81
202512,A24171,chequing,9746.09
202512,A24172,saving,15720.54
202512,A24173,saving,0
202512,A24174,chequing,11300.28
202512,A24175,investment,79371.54
202512,A24176,investment,699926.26
202512,A24177,chequing,7611.23
202512,A24178,investment,60171.63
202512,A24179,card,-4437.28
202512,A24180,lending,0
202512,A24181,investment,500165.35
202512,A24182,lending,9305.43
202512,A24183,chequing,746.77
202512,A24184,chequing,0
202512,A24185,investment,879269.95
202512,A24186,investment,663273.16
202512,A24187,card,0
202512,A24188,saving,18193.7
202512,A24189,lending,43225.21
202512,A24190,card,-4959.78
202512,A24191,saving,4003.66
202512,A24192,chequing,0
202512,A24193,chequing,7315.81
202512,A24194,lending,47985.38
202512,A24195,saving,1653.98
202512,A24196,investment,109856.62
202512,A24197,investment,58692.7
202512,A24198,investment,735254.53
202512,A24199,saving,19193.19
202512,A24200,investment,243001.88
202512,A24201,investment,625143.4
202512,A24202,investment,902705.22
202512,A24203,investment,0
202512,A24204,investment,93586.83
202512,A24205,saving,23927.79
202512,A24206,chequing,287.76
202512,A24207,mortgage,242279.27
202512,A24208,investment,934625.71
202512,A24209,investment,23294.97
202512,A24210,lending,5822.03
202512,A24211,chequing,0
202512,A24212,chequing,16780.85
202512,A24213,investment,778190.07
202512,A24214,investment,930833.62
202512,A24215,chequing,14794.82
202512,A24216,investment,70065.9
202512,A24217,investment,508214.67
202512,A24218,chequing,11421.97
202512,A24219,mortgage,311213.1
202512,A24220,investment,89409.42
202512,A24221,investment,471167.08
202512,A24222,mortgage,254527.71
202512,A24223,card,-2514.32
202512,A24224,investment,691261.29
202512,A24225,saving,7071.06
202512,A24226,chequing,17931.74
202512,A24227,investment,3397.56
202512,A24228,lending,29292.2
202512,A24229,investment,187078.23
202512,A24230,card,-434.05
202512,A24231,investment,227195.42
202512,A24232,chequing,11569.87
202512,A24233,mortgage,0
202512,A24234,chequing,16160.86
202512,A24235,investment,725322.07
202512,A24236,chequing,15069.68
202512,A24237,saving,5985.35
202512,A24238,chequing,12157.77
202512,A24239,investment,944449.05
202512,A24240,chequing,4848.12
202512,A24241,chequing,0
202512,A24242,lending,12172.74
202512,A24243,chequing,18777.65
202512,A24244,mortgage,470826.83
202512,A24245,mortgage,368780.5
202512,A24246,chequing,5487.54
202512,A24247,investment,89151.54
202512,A24248,investment,477666.83
202512,A24249,investment,842968.87
202512,A24250,investment,577791.04
202512,A24251,chequing,7812.96
202512,A24252,investment,440356.92
202512,A24253,chequing,13990.99
202512,A24254,investment,683638.57
202512,A24255,investment,69126.83
202512,A24256,mortgage,93311.34
202512,A24257,chequing,12791.7
202512,A24258,investment,843621.08
202512,A24259,chequing,11132.18
202512,A24260,mortgage,154690.46
202512,A24261,investment,975786.34
202512,A24262,chequing,6205.38
202512,A24263,chequing,13875.91
202512,A24264,mortgage,230374.55
202512,A24265,mortgage,277375.98
202512,A24266,investment,8611.41
202512,A24267,investment,141629.81
202512,A24268,card,0
202512,A24269,investment,27515.69
202512,A24270,investment,820765.39
202512,A24271,investment,66903.78
202512,A24272,chequing,785.71
202512,A24273,lending,29329.88
202512,A24274,mortgage,205169.07
202512,A24275,lending,19423.39
202512,A24276,investment,753428.69
202512,A24277,chequing,1749.56
202512,A24278,mortgage,0
202512,A24279,saving,0
202512,A24280,chequing,4327.15
202512,A24281,card,-4072.83
202512,A24282,lending,17284.89
202512,A24283,investment,7046.79
202512,A24284,lending,2258.03
202512,A24285,investment,802495.33
202512,A24286,mortgage,0
202512,A24287,chequing,0
202512,A24288,investment,49255.41
202512,A24289,mortgage,109365.14
202512,A24290,investment,150702.1
202512,A24291,investment,33228.08
202512,A24292,investment,125868.91
202512,A24293,chequing,18890.83
202512,A24294,investment,0
202512,A24295,mortgage,245627.76
202512,A24296,saving,44016.9
202512,A24297,chequing,1166.73
202512,A24298,saving,0
202512,A24299,saving,17718.31
202512,A24300,chequing,8631.24
202512,A24301,investment,808636.65
202512,A24302,lending,12429.58
202512,A24303,investment,79334.29
202512,A24304,chequing,15853.29
202512,A24305,investment,665420.26
202512,A24306,investment,891882.76
202512,A24307,saving,22710.46
202512,A24308,investment,756864.15
202512,A24309,investment,759787.21
202512,A24310,investment,751755.37
202512,A24311,investment,0
202512,A24312,investment,62658.84
202512,A24313,chequing,7346.08
202512,A24314,investment,638121.35
202512,A24315,lending,37076.65
202512,A24316,mortgage,343124.66
202512,A24317,investment,404032.54
202512,A24318,investment,187880.03
202512,A24319,lending,7043.17
202512,A24320,investment,0
202512,A24321,chequing,0
202512,A24322,lending,9570.54
202512,A24323,saving,11890.2
202512,A24324,chequing,17050.96
202512,A24325,saving,9871.28
202512,A24326,chequing,10487.14
202512,A24327,saving,0
202512,A24328,saving,16528.91
202512,A24329,investment,12492.18
202512,A24330,chequing,12283.27
202512,A24331,saving,26668.18
202512,A24332,mortgage,459588.52
202512,A24333,investment,632081.6
202512,A24334,mortgage,372975.41
202512,A24335,investment,289169.54
202512,A24336,investment,0
202512,A24337,chequing,16971.99
202512,A24338,saving,30570.26
202512,A24339,investment,628611
202512,A24340,investment,920241.7
202512,A24341,investment,23161.89
202512,A24342,mortgage,422636.35
202512,A24343,investment,0
202512,A24344,investment,756328.92
202512,A24345,mortgage,281043.29
202512,A24346,chequing,10017.03
202512,A24347,card,-340.39
202512,A24348,chequing,5746.05
202512,A24349,chequing,15596.16
202512,A24350,investment,0
202512,A24351,investment,419543.47
202512,A24352,investment,597198.51
202512,A24353,lending,38805.13
202512,A24354,saving,1544.3
202512,A24355,investment,840949.66
202512,A24356,saving,7318.95
202512,A24357,saving,16647.75
202512,A24358,saving,11149.34
202512,A24359,saving,15481.86
202512,A24360,investment,772608.9
202512,A24361,mortgage,278589.2
202512,A24362,lending,15043.25
202512,A24363,chequing,6677.45
202512,A24364,investment,0
202512,A24365,investment,42229.58
202512,A24366,investment,412899.05
202512,A24367,investment,991523.43
202512,A24368,investment,913288.45
202512,A24369,chequing,5217.32
202512,A24370,chequing,16740.16
202512,A24371,saving,44375.79
202512,A24372,investment,0
202512,A24373,lending,6113.18
202512,A24374,investment,180795.29
202512,A24375,lending,44650.67
202512,A24376,saving,27599.5
202512,A24377,investment,292331.46
202512,A24378,investment,277639.37
202512,A24379,chequing,17168.16
202512,A24380,saving,12628.06
202512,A24381,chequing,9826.57
202512,A24382,saving,2125.66
202512,A24383,investment,230179.11
202512,A24384,chequing,7939.14
202512,A24385,investment,413675.85
202512,A24386,saving,0
202512,A24387,mortgage,485644.01
202512,A24388,investment,0
202512,A24389,lending,0
202512,A24390,chequing,16049.33
202512,A24391,investment,63840.55
202512,A24392,mortgage,0
202512,A24393,investment,658070.74
202512,A24394,mortgage,227469.6
202512,A24395,card,0
202512,A24396,chequing,7894.39
202512,A24397,chequing,1417.52
202512,A24398,card,-163.79
202512,A24399,investment,0
202512,A24400,chequing,2992.16
202512,A24401,saving,18674.66
202512,A24402,lending,11214.8
202512,A24403,investment,75843.32
202512,A24404,mortgage,156655.4
202512,A24405,lending,2511.7
202512,A24406,card,-4602.85
202512,A24407,investment,8259.62
202512,A24408,card,0
202512,A24409,investment,620515.23
202512,A24410,lending,47099.84
202512,A24411,investment,64840.69
202512,A24412,investment,872169.59
202512,A24413,card,-2191.72
202512,A24414,lending,33435.42
202512,A24415,saving,31394.81
202512,A24416,investment,949628.78
202512,A24417,investment,0
202512,A24418,saving,6574.15
202512,A24419,mortgage,348200.53
202512,A24420,investment,387542.46
202512,A24421,chequing,1886.63
202512,A24422,card,-1533.01
202512,A24423,chequing,5668.97
202512,A24424,saving,13324.26
202512,A24425,card,-1519.56
202512,A24426,mortgage,439095.32
202512,A24427,investment,70179.21
202512,A24428,investment,20097.8
202512,A24429,chequing,6124.14
202512,A24430,chequing,0
202512,A24431,investment,389406.44
202512,A24432,saving,1214.69
202512,A24433,lending,43925.03
202512,A24434,saving,14598.85
202512,A24435,investment,721389.76
202512,A24436,saving,9280.93
202512,A24437,chequing,8896.76
202512,A24438,investment,33384.37
202512,A24439,chequing,11628.7
202512,A24440,chequing,19146.76
202512,A24441,investment,100160.66
202512,A24442,mortgage,423852.41
202512,A24443,saving,25832.04
202512,A24444,investment,407093.52
202512,A24445,investment,428415.68
202512,A24446,investment,116241.06
202512,A24447,chequing,5798.35
202512,A24448,investment,291332.53
202512,A24449,investment,221536.02
202512,A24450,investment,169595.91
202512,A24451,lending,27579.73
202512,A24452,investment,609602.91
202512,A24453,investment,0
202512,A24454,investment,0
202512,A24455,lending,43833.43
202512,A24456,saving,5858.98
202512,A24457,investment,383760.93
202512,A24458,investment,150232.37
202512,A24459,chequing,7715.48
202512,A24460,saving,36058.62
202512,A24461,chequing,5092.62
202512,A24462,investment,0
202512,A24463,investment,615392.23
202512,A24464,investment,606438.81
202512,A24465,mortgage,100432.83
202512,A24466,lending,20239.47
202512,A24467,investment,727206.34
202512,A24468,card,-4770.45
202512,A24469,saving,19771.82
202512,A24470,chequing,17718.56
202512,A24471,saving,0
202512,A24472,lending,11165.51
202512,A24473,investment,125351.24
202512,A24474,card,-4657.37
202512,A24475,saving,36113.91
202512,A24476,saving,4517.87
202512,A24477,investment,333920.39
202512,A24478,investment,145788.83
202512,A24479,chequing,2291.43
202512,A24480,card,-1897.36
202512,A24481,investment,951910.54
202512,A24482,chequing,17872.69
202512,A24483,mortgage,233957.39
202512,A24484,lending,6115.08
202512,A24485,lending,47310.66
202512,A24486,investment,844997.64
202512,A24487,investment,0
202512,A24488,card,-2761.12
202512,A24489,investment,0
202512,A24490,lending,1648.37
202512,A24491,mortgage,273440.55
202512,A24492,lending,2995.09
202512,A24493,mortgage,75706.9
202512,A24494,chequing,15892.77
202512,A24495,investment,409916.25
202512,A24496,investment,233633.85
202512,A24497,lending,37277.85
202512,A24498,investment,313769.04
202512,A24499,investment,215762.45
202512,A24500,chequing,2004.64
202512,A24501,card,-3442.61
202512,A24502,card,-1292.12
202512,A24503,investment,56436.1
202512,A24504,investment,0
202512,A24505,investment,60583.64
202512,A24506,saving,4815.71
202512,A24507,chequing,7907.29
202512,A24508,lending,25515.57
202512,A24509,investment,597393.44
202512,A24510,saving,4959.86
202512,A24511,chequing,5809.59
202512,A24512,investment,0
202512,A24513,mortgage,88864.8
202512,A24514,chequing,15222.13
202512,A24515,investment,83020.5
202512,A24516,lending,44228.74
202512,A24517,investment,512765.13
202512,A24518,saving,2729.52
202512,A24519,investment,85648.4
202512,A24520,investment,10827.75
202512,A24521,card,-1250.48
202512,A24522,investment,401349
202512,A24523,mortgage,0
202512,A24524,chequing,7968.83
202512,A24525,investment,741412.29
202512,A24526,mortgage,355596.28
202512,A24527,saving,12698.55
202512,A24528,investment,73534.73
202512,A24529,mortgage,65419.02
202512,A24530,saving,1074.67
202512,A24531,chequing,11162.5
202512,A24532,mortgage,267761.84
202512,A24533,chequing,10415.16
202512,A24534,saving,0
202512,A24535,investment,623824.43
202512,A24536,lending,20282.38
202512,A24537,investment,0
202512,A24538,saving,6641.29
202512,A24539,investment,23418.37
202512,A24540,investment,369333.12
202512,A24541,investment,782938.05
202512,A24542,lending,34911.88
202512,A24543,mortgage,93777.82
202512,A24544,chequing,7475.11
202512,A24545,investment,419256.19
202512,A24546,investment,119249.85
202512,A24547,investment,71888.49
202512,A24548,saving,9847.31
202512,A24549,investment,826567.66
202512,A24550,mortgage,482017.04
202512,A24551,investment,0
202512,A24552,investment,991776.78
202512,A24553,card,0
202512,A24554,chequing,540.94
202512,A24555,saving,6796.34
202512,A24556,chequing,15996.86
202512,A24557,chequing,19436.37
202512,A24558,card,-192.99
202512,A24559,chequing,17152.49
202512,A24560,investment,9258.13
202512,A24561,lending,32593.72
202512,A24562,chequing,0
202512,A24563,investment,391804.08
202512,A24564,investment,606876.21
202512,A24565,investment,486373.62
202512,A24566,saving,11763.76
202512,A24567,lending,9564.27
202512,A24568,card,-20.67
202512,A24569,investment,35971.86
202512,A24570,saving,6906.7
202512,A24571,investment,398381.72
202512,A24572,lending,20149.47
202512,A24573,chequing,18493.59
202512,A24574,investment,774798.84
202512,A24575,saving,18021.72
202512,A24576,investment,54315.21
202512,A24577,investment,605649.39
202512,A24578,chequing,2811.53
202512,A24579,investment,526730.64
202512,A24580,chequing,786.05
202512,A24581,investment,0
202512,A24582,saving,3533.72
202512,A24583,mortgage,241338.71
202512,A24584,investment,0
202512,A24585,investment,728827.87
202512,A24586,card,0
202512,A24587,card,-1686.37
202512,A24588,chequing,9308.51
202512,A24589,saving,12965.29
202512,A24590,investment,226178.21
202512,A24591,chequing,9666.49
202512,A24592,investment,716750.18
202512,A24593,mortgage,78347.58
202512,A24594,chequing,12770.77
202512,A24595,card,-2919.23
202512,A24596,chequing,7403.79
202512,A24597,lending,11550.26
202512,A24598,lending,2968.75
202512,A24599,investment,180058.1
202512,A24600,saving,13297.04
202512,A24601,chequing,7110.45
202512,A24602,chequing,6826.58
202512,A24603,investment,12796.24
202512,A24604,chequing,9033.63
202512,A24605,mortgage,75700.45
202512,A24606,investment,91363.84
202512,A24607,lending,44578.18
202512,A24608,card,0
202512,A24609,investment,0
202512,A24610,card,-2155.34
202512,A24611,chequing,12233.89
202512,A24612,saving,8406.9
202512,A24613,investment,79637.35
202512,A24614,investment,659837.65
202512,A24615,investment,532426.87
202512,A24616,mortgage,136173.49
202512,A24617,saving,18634.71
202512,A24618,chequing,0
202512,A24619,saving,3266.24
202512,A24620,mortgage,356766.68
202512,A24621,card,-111.01
202512,A24622,investment,659468.99
202512,A24623,mortgage,446799.92
202512,A24624,investment,547594.41
202512,A24625,saving,48645.63
202512,A24626,saving,6451.41
202512,A24627,investment,980921.57
202512,A24628,investment,58367.45
202512,A24629,lending,49230.18
202512,A24630,investment,0
202512,A24631,saving,36825.23
202512,A24632,chequing,4915.23
202512,A24633,saving,25008.05
202512,A24634,investment,410893.68
202512,A24635,investment,690419.56
202512,A24636,mortgage,463183.31
202512,A24637,chequing,0
202512,A24638,investment,155456.41
202512,A24639,investment,434161.57
202512,A24640,card,-3832.81
202512,A24641,saving,2247.06
202512,A24642,saving,18619.22
202512,A24643,investment,459636.84
202512,A24644,investment,556315.81
202512,A24645,investment,354482.78
202512,A24646,lending,0
202512,A24647,mortgage,96407.9
202512,A24648,chequing,19099.4
202512,A24649,investment,596559.22
202512,A24650,investment,842085.7
202512,A24651,investment,212848.6
202512,A24652,saving,20643.44
202512,A24653,saving,6046.72
202512,A24654,mortgage,232293.72
202512,A24655,lending,20965.97
202512,A24656,investment,6958.78
202512,A24657,chequing,7722.17
202512,A24658,lending,14591.71
202512,A24659,lending,15788.16
202512,A24660,saving,13122.61
202512,A24661,saving,2792.07
202512,A24662,lending,24454.32
202512,A24663,investment,0
202512,A24664,investment,119838.29
202512,A24665,investment,0
202512,A24666,investment,189082.52
202512,A24667,lending,6335.45
202512,A24668,chequing,0
202512,A24669,investment,786747.58
202512,A24670,investment,987581.66
202512,A24671,investment,669639.03
202512,A24672,card,-2195.87
202512,A24673,investment,350644.81
202512,A24674,chequing,5758.34
202512,A24675,lending,6039.4
202512,A24676,chequing,2181.85
202512,A24677,investment,458926.99
202512,A24678,lending,44592.64
202512,A24679,chequing,6679.69
202512,A24680,saving,6345.44
202512,A24681,lending,22776.22
202512,A24682,mortgage,286438.12
202512,A24683,chequing,6990.05
202512,A24684,investment,999439.58
202512,A24685,investment,564308.79
202512,A24686,mortgage,280894.74
202512,A24687,saving,6052.36
202512,A24688,investment,477504.95
202512,A24689,investment,64538.81
202512,A24690,investment,979812.9
202512,A24691,investment,246226.17
202512,A24692,chequing,1161.72
202512,A24693,investment,519795.75
202512,A24694,investment,419200.02
202512,A24695,card,-4889.59
202512,A24696,investment,105667.95
202512,A24697,saving,3487.77
202512,A24698,chequing,8484.39
202512,A24699,saving,5659.45
202512,A24700,lending,27347.55
202512,A24701,lending,14512.2
202512,A24702,investment,836088.58
202512,A24703,investment,31202.6
202512,A24704,investment,848741.23
202512,A24705,investment,317700.19
202512,A24706,card,-1101.99
202512,A24707,chequing,3079.54
202512,A24708,chequing,5187.79
202512,A24709,chequing,500.85
202512,A24710,chequing,17397.08
202512,A24711,chequing,9027.07
202512,A24712,chequing,18738.52
202512,A24713,chequing,7921.11
202512,A24714,saving,6257.79
202512,A24715,investment,955346.8
202512,A24716,lending,17939.33
202512,A24717,chequing,7924.3
202512,A24718,mortgage,316798.3
202512,A24719,investment,9899.39
202512,A24720,investment,763641.81
202512,A24721,investment,0
202512,A24722,investment,756685.21
202512,A24723,investment,969142.12
202512,A24724,chequing,1614.14
202512,A24725,investment,453618.01
202512,A24726,saving,0
202512,A24727,investment,0
202512,A24728,saving,39306.33
202512,A24729,investment,378299.72
202512,A24730,saving,13522.98
202512,A24731,investment,47040.89
202512,A24732,investment,503987.47
202512,A24733,chequing,8591.78
202512,A24734,card,-1664.53
202512,A24735,investment,17030.19
202512,A24736,card,-903.55
202512,A24737,chequing,17480.56
202512,A24738,investment,96470.14
202512,A24739,card,-2544.56
202512,A24740,card,-3944.19
202512,A24741,card,-4922.81
202512,A24742,mortgage,465782.91
202512,A24743,investment,53724.9
202512,A24744,card,-1384.12
202512,A24745,saving,6509.41
202512,A24746,chequing,17815.13
202512,A24747,chequing,13657.43
202512,A24748,card,-3762.67
202512,A24749,chequing,4780.94
202512,A24750,investment,0
202512,A24751,investment,742473.26
202512,A24752,investment,722459.28
202512,A24753,investment,669114.55
202512,A24754,investment,259086
202512,A24755,saving,47549.03
202512,A24756,investment,888408.02
202512,A24757,lending,12740.42
202512,A24758,mortgage,352669.37
202512,A24759,investment,935714.35
202512,A24760,investment,519862.17
202512,A24761,investment,475776.52
202512,A24762,mortgage,383493.67
202512,A24763,investment,77092.98
202512,A24764,saving,27158.96
202512,A24765,mortgage,467991.2
202512,A24766,lending,27648.59
202512,A24767,saving,15163.33
202512,A24768,saving,5595.05
202512,A24769,investment,292679.16
202512,A24770,mortgage,165376.14
202512,A24771,mortgage,422673.34
202512,A24772,investment,0
202512,A24773,chequing,0
202512,A24774,investment,0
202512,A24775,mortgage,438014.04
202512,A24776,mortgage,429443.61
202512,A24777,investment,442141.09
202512,A24778,investment,998029.65
202512,A24779,saving,11951.19
202512,A24780,investment,676905.13
202512,A24781,saving,45877.04
202512,A24782,investment,983553.74
202512,A24783,saving,11072.83
202512,A24784,chequing,7019.71
202512,A24785,chequing,4496.83
202512,A24786,mortgage,419660.75
202512,A24787,chequing,3158.42
202512,A24788,card,-3764.08
202512,A24789,card,-4492.11
202512,A24790,investment,373818.54
202512,A24791,mortgage,302586.3
202512,A24792,saving,9947.91
202512,A24793,investment,160035.48
202512,A24794,mortgage,0
202512,A24795,card,-3212.45
202512,A24796,mortgage,291027.22
202512,A24797,lending,34157.31
202512,A24798,investment,0
202512,A24799,investment,676066.69
202512,A24800,saving,15874.55
202512,A24801,chequing,14546.8
202512,A24802,investment,174206.44
202512,A24803,investment,75678.82
202512,A24804,investment,164024.98
202512,A24805,investment,0
202512,A24806,investment,0
202512,A24807,mortgage,0
202512,A24808,saving,7951.68
202512,A24809,investment,751637.22
202512,A24810,lending,0
202512,A24811,investment,55689.36
202512,A24812,investment,969138.41
202512,A24813,investment,797780.16
202512,A24814,chequing,9456
202512,A24815,lending,44124.55
202512,A24816,lending,28805.34
202512,A24817,mortgage,305848.77
202512,A24818,investment,10731.74
202512,A24819,investment,318072.47
202512,A24820,investment,823674.92
202512,A24821,investment,63730.54
202512,A24822,investment,888655.9
202512,A24823,mortgage,149443.16
202512,A24824,lending,1090.67
202512,A24825,investment,130727.79
202512,A24826,lending,16950.19
202512,A24827,investment,448059.95
202512,A24828,investment,20271.74
202512,A24829,investment,21993.23
202512,A24830,saving,19996.34
202512,A24831,saving,9735.7
202512,A24832,chequing,5381.89
202512,A24833,investment,851371.94
202512,A24834,investment,571310.87
202512,A24835,investment,23258.2
202512,A24836,mortgage,340362.81
202512,A24837,saving,40320.47
202512,A24838,saving,0
202512,A24839,card,-538.64
202512,A24840,investment,264827.34
202512,A24841,mortgage,326143.1
202512,A24842,investment,74916.15
202512,A24843,investment,840231.12
202512,A24844,investment,69533.74
202512,A24845,chequing,776.64
202512,A24846,chequing,9861.19
202512,A24847,investment,616341.29
202512,A24848,lending,23917.33
202512,A24849,chequing,456.96
202512,A24850,chequing,19061.75
202512,A24851,investment,944344.21
202512,A24852,chequing,2096.39
202512,A24853,saving,11802.86
202512,A24854,chequing,13618.41
202512,A24855,investment,795674.55
202512,A24856,chequing,4322.58
202512,A24857,investment,333564.31
202512,A24858,saving,8630.06
202512,A24859,chequing,1314.93
202512,A24860,chequing,12531.34
202512,A24861,investment,504850.81
202512,A24862,chequing,3450.51
202512,A24863,chequing,4436.18
202512,A24864,investment,989670.27
202512,A24865,card,0
202512,A24866,investment,94948.67
202512,A24867,investment,74405.97
202512,A24868,chequing,6379.89
202512,A24869,card,0
202512,A24870,lending,13791.15
202512,A24871,investment,794568.5
202512,A24872,investment,493350.9
202512,A24873,chequing,18826.66
202512,A24874,card,0
202512,A24875,investment,527618.26
202512,A24876,investment,51223.73
202512,A24877,saving,7265.57
202512,A24878,investment,240264.35
202512,A24879,lending,35997.16
202512,A24880,saving,3707.53
202512,A24881,investment,804337.7
202512,A24882,chequing,9312.42
202512,A24883,investment,445893.62
202512,A24884,investment,207514.04
202512,A24885,investment,962241.32
202512,A24886,saving,20861.04
202512,A24887,investment,820389.48
202512,A24888,investment,476383.71
202512,A24889,chequing,11456.68
202512,A24890,lending,36004.58
202512,A24891,investment,679331.45
202512,A24892,investment,4931.58
202512,A24893,mortgage,116930.39
202512,A24894,chequing,9934.36
202512,A24895,investment,0
202512,A24896,investment,0
202512,A24897,investment,337655.51
202512,A24898,investment,61043.68
202512,A24899,investment,919257.77
202512,A24900,card,-3858.55
202512,A24901,investment,216169.87
202512,A24902,investment,0
202512,A24903,saving,0
202512,A24904,mortgage,379615.3
202512,A24905,investment,0
202512,A24906,investment,178705.23
202512,A24907,saving,0
202512,A24908,lending,26584.85
202512,A24909,chequing,16544.5
202512,A24910,saving,17440.57
202512,A24911,lending,46970.65
202512,A24912,investment,994998.78
202512,A24913,investment,741900.13
202512,A24914,mortgage,262005.93
202512,A24915,lending,35733.15
202512,A24916,lending,0
202512,A24917,investment,157264.5
202512,A24918,investment,50941.85
202512,A24919,mortgage,419218.16
202512,A24920,lending,7157.34
202512,A24921,mortgage,419346.86
202512,A24922,investment,0
202512,A24923,investment,227189.43
202512,A24924,mortgage,289998.34
202512,A24925,chequing,8324
202512,A24926,investment,470494.88
202512,A24927,lending,0
202512,A24928,saving,24472.6
202512,A24929,saving,0
202512,A24930,lending,10951.74
202512,A24931,card,-4105.43
202512,A24932,investment,86482.99
202512,A24933,chequing,13357.73
202512,A24934,investment,638191.78
202512,A24935,investment,870119
202512,A24936,card,-4350.38
202512,A24937,investment,887680.31
202512,A24938,lending,9303.84
202512,A24939,chequing,5445.43
202512,A24940,saving,5956.26
202512,A24941,investment,240634.66
202512,A24942,card,0
202512,A24943,card,-4877.1
202512,A24944,chequing,3771.25
202512,A24945,lending,43183.31
202512,A24946,chequing,5753.57
202512,A24947,mortgage,319070.42
202512,A24948,mortgage,228252.11
202512,A24949,investment,0
202512,A24950,card,-4516.11
202512,A24951,investment,547538.55
202512,A24952,investment,189444.94
202512,A24953,saving,24712.83
202512,A24954,lending,9873.86
202512,A24955,chequing,0
202512,A24956,investment,718446.74
202512,A24957,chequing,1378.16
202512,A24958,card,0
202512,A24959,mortgage,339615.89
202512,A24960,mortgage,302103.78
202512,A24961,mortgage,330059.75
202512,A24962,saving,13279.01
202512,A24963,saving,47229.48
202512,A24964,investment,223775.65
202512,A24965,chequing,2905.18
202512,A24966,investment,654375.4
202512,A24967,card,-1340.44
202512,A24968,investment,748313.13
202512,A24969,investment,290381.29
202512,A24970,saving,32520.98
202512,A24971,saving,1056.99
202512,A24972,card,-1105.09
202512,A24973,investment,660694.12
202512,A24974,investment,256764.52
202512,A24975,card,-3856.72
202512,A24976,investment,26062.35
202512,A24977,card,-1788.91
202512,A24978,investment,7775.43
202512,A24979,mortgage,0
202512,A24980,investment,0
202512,A24981,chequing,8832.21
202512,A24982,mortgage,311335.81
202512,A24983,saving,7315.93
202512,A24984,investment,406932.8
202512,A24985,investment,0
202512,A24986,lending,1028.97
202512,A24987,investment,767933.28
202512,A24988,card,-1770.15
202512,A24989,saving,13041.67
202512,A24990,lending,20442.35
202512,A24991,chequing,1073.74
202512,A24992,investment,672063.37
202512,A24993,saving,39007.9
202512,A24994,saving,9410.47
202512,A24995,investment,832345.46
202512,A24996,card,-1556.52
202512,A24997,investment,919408.26
202512,A24998,chequing,7392.3
202512,A24999,mortgage,356263.63
202512,A25000,investment,412333.09
202512,A25001,investment,484734.87
202512,A25002,mortgage,279489.4
202512,A25003,investment,0
202512,A25004,chequing,7157.6
202512,A25005,investment,0
202512,A25006,investment,58690.94
202512,A25007,card,0
202512,A25008,investment,929161.03
202512,A25009,card,-1255.8
202512,A25010,chequing,9327.78
202512,A25011,investment,0
202512,A25012,investment,545264.55
202512,A25013,mortgage,472826.92
202512,A25014,chequing,0
202512,A25015,investment,0
202512,A25016,investment,104090.57
202512,A25017,investment,142405.15
202512,A25018,investment,766029.52
202512,A25019,card,-4979.8
202512,A25020,investment,788220.15
202512,A25021,investment,0
202512,A25022,chequing,0
202512,A25023,card,-2136.93
202512,A25024,investment,1674.84
202512,A25025,card,-3650.71
202512,A25026,mortgage,72743.7
202512,A25027,investment,0
202512,A25028,investment,445558.56
202512,A25029,investment,584565.48
202512,A25030,investment,91830.15
202512,A25031,lending,47679.65
202512,A25032,saving,2384.36
202512,A25033,investment,100371.1
202512,A25034,chequing,6018.83
202512,A25035,investment,882213.72
202512,A25036,investment,656271.48
202512,A25037,investment,296163.17
202512,A25038,investment,307910.74
202512,A25039,investment,201876.71
202512,A25040,chequing,9534.02
202512,A25041,mortgage,361698.86
202512,A25042,investment,681610.52
202512,A25043,saving,33662.03
202512,A25044,card,0
202512,A25045,investment,515931.73
202512,A25046,lending,42416.51
202512,A25047,card,-811.72
202512,A25048,investment,426673.72
202512,A25049,chequing,7431.1
202512,A25050,investment,54753.27
202512,A25051,investment,971836.01
202512,A25052,investment,26111.95
202512,A25053,investment,195533.08
202512,A25054,saving,2044
202512,A25055,investment,325097.63
202512,A25056,lending,0
202512,A25057,investment,0
202512,A25058,investment,931881.84
202512,A25059,investment,5116.55
202512,A25060,card,-2351.54
202512,A25061,saving,16622.86
202512,A25062,investment,866187.27
202512,A25063,saving,15025.34
202512,A25064,chequing,18979.33
202512,A25065,lending,37193.53
202512,A25066,investment,736572.79
202512,A25067,chequing,5990.82
202512,A25068,chequing,6911.57
202512,A25069,chequing,594.92
202512,A25070,mortgage,398625.73
202512,A25071,investment,777236.53
202512,A25072,investment,491593.8
202512,A25073,mortgage,421215.29
202512,A25074,saving,6880.11
202512,A25075,saving,13893.3
202512,A25076,investment,679394.92
202512,A25077,chequing,9510.49
202512,A25078,lending,0
202512,A25079,investment,0
202512,A25080,investment,654725.9
202512,A25081,lending,41713.36
202512,A25082,mortgage,198062.26
202512,A25083,lending,30304.03
202512,A25084,chequing,8536.63
202512,A25085,chequing,4548.73
202512,A25086,investment,498999.01
202512,A25087,investment,27055.21
202512,A25088,chequing,8954.13
202512,A25089,investment,957471.51
202512,A25090,investment,827091.7
202512,A25091,card,0
202512,A25092,investment,566578
202512,A25093,investment,14598.52
202512,A25094,chequing,5403.66
202512,A25095,lending,0
202512,A25096,investment,354054.59
202512,A25097,chequing,6168.03
202512,A25098,investment,0
202512,A25099,card,-1562.25
202512,A25100,saving,41653.98
202512,A25101,investment,60318.5
202512,A25102,chequing,4744.28
202512,A25103,lending,16646.08
202512,A25104,lending,11437.93
202512,A25105,lending,21460.51
202512,A25106,saving,1685.83
202512,A25107,saving,0
202512,A25108,chequing,3631.07
202512,A25109,investment,0
202512,A25110,mortgage,103728.59
202512,A25111,mortgage,217472.59
202512,A25112,lending,48261.77
202512,A25113,saving,16084.73
202512,A25114,saving,11518.88
202512,A25115,saving,1175.59
202512,A25116,card,-4162.9
202512,A25117,lending,47936.77
202512,A25118,investment,373014.77
202512,A25119,lending,8072.81
202512,A25120,chequing,18749.73
202512,A25121,chequing,7212.43
202512,A25122,chequing,6777.35
202512,A25123,card,-389.19
202512,A25124,investment,830234.36
202512,A25125,chequing,3440.01
202512,A25126,investment,422595.21
202512,A25127,saving,10458.68
202512,A25128,saving,4237.82
202512,A25129,chequing,5987.98
202512,A25130,investment,652039.26
202512,A25131,card,-4121.42
202512,A25132,lending,31823.52
202512,A25133,investment,362426.95
202512,A25134,investment,122893.11
202512,A25135,investment,553094.84
202512,A25136,lending,31340.96
202512,A25137,chequing,2899.78
202512,A25138,mortgage,354580.33
202512,A25139,saving,49144.8
202512,A25140,investment,0
202512,A25141,chequing,5407.84
202512,A25142,chequing,5351.83
202512,A25143,investment,537013.18
202512,A25144,chequing,6499
202512,A25145,investment,619504.3
202512,A25146,chequing,9683.49
202512,A25147,investment,0
202512,A25148,saving,26851.07
202512,A25149,mortgage,129006.27
202512,A25150,saving,19134.68
202512,A25151,card,0
202512,A25152,lending,21593.04
202512,A25153,investment,301846.17
202512,A25154,investment,283881.82
202512,A25155,investment,85467.42
202512,A25156,saving,33869.44
202512,A25157,lending,26089.39
202512,A25158,chequing,5738.76
202512,A25159,mortgage,381092.7
202512,A25160,investment,741707.47
202512,A25161,chequing,0
202512,A25162,chequing,9898.9
202512,A25163,chequing,17389.03
202512,A25164,investment,714772.83
202512,A25165,investment,561023.17
202512,A25166,card,-3962.55
202512,A25167,investment,351522.63
202512,A25168,saving,44126.53
202512,A25169,saving,17338.39
202512,A25170,saving,26008.63
202512,A25171,chequing,5720.31
202512,A25172,investment,304296.99
202512,A25173,card,-381.57
202512,A25174,chequing,11501.08
202512,A25175,chequing,3252.67
202512,A25176,saving,16762.8
202512,A25177,saving,13003.92
202512,A25178,chequing,7416.93
202512,A25179,investment,177463.67
202512,A25180,investment,408723.66
202512,A25181,investment,0
202512,A25182,investment,19308.28
202512,A25183,investment,437368.89
202512,A25184,saving,7471.81
202512,A25185,mortgage,292383.16
202512,A25186,investment,0
202512,A25187,saving,11032.18
202512,A25188,saving,4770.4
202512,A25189,investment,975031.19
202512,A25190,investment,21840.85
202512,A25191,chequing,7513.26
202512,A25192,investment,0
202512,A25193,investment,558779.42
202512,A25194,investment,0
202512,A25195,investment,701484.53
202512,A25196,investment,757055.85
202512,A25197,investment,217401.18
202512,A25198,investment,0
202512,A25199,investment,83412.23
202512,A25200,chequing,322.92
202512,A25201,saving,6730.92
202512,A25202,card,-3910.83
202512,A25203,card,-153.3
202512,A25204,saving,43303.75
202512,A25205,investment,448293.31
202512,A25206,investment,981830.06
202512,A25207,chequing,3862.59
202512,A25208,saving,19166.48
202512,A25209,saving,551.32
202512,A25210,chequing,17677.53
202512,A25211,investment,46557.02
202512,A25212,investment,669197.13
202512,A25213,saving,1836.55
202512,A25214,saving,0
202512,A25215,saving,14383.52
202512,A25216,card,-4628.94
202512,A25217,card,-1772.87
202512,A25218,investment,940771.76
202512,A25219,investment,688899.51
202512,A25220,investment,475295.99
202512,A25221,chequing,3685.21
202512,A25222,card,-4009.39
202512,A25223,lending,32532.26
202512,A25224,saving,14463.32
202512,A25225,investment,681324.57
202512,A25226,investment,0
202512,A25227,investment,697802.54
202512,A25228,investment,826340.94
202512,A25229,investment,55872.71
202512,A25230,investment,82616.22
202512,A25231,saving,4636.44
202512,A25232,investment,729107.78
202512,A25233,mortgage,360312.52
202512,A25234,chequing,15531.15
202512,A25235,investment,469400.13
202512,A25236,investment,28002.15
202512,A25237,chequing,1179.63
202512,A25238,lending,48909.7
202512,A25239,saving,39712.55
202512,A25240,card,-3013.29
202512,A25241,investment,330507.1
202512,A25242,mortgage,271503.07
202512,A25243,investment,0
202512,A25244,investment,727444.66
202512,A25245,chequing,14312.08
202512,A25246,investment,578228.56
202512,A25247,mortgage,223117.7
202512,A25248,investment,351858.24
202512,A25249,investment,95112.13
202512,A25250,chequing,10795.25
202512,A25251,card,-1390.36
202512,A25252,chequing,2753.58
202512,A25253,saving,19934.15
202512,A25254,lending,46840.31
202512,A25255,saving,30444.94
202512,A25256,investment,726731.89
202512,A25257,investment,115048.88
202512,A25258,card,-645.11
202512,A25259,investment,79070.13
202512,A25260,investment,340476.5
202512,A25261,investment,196449.73
202512,A25262,card,-4165.24
202512,A25263,card,0
202512,A25264,investment,217637.84
202512,A25265,chequing,9230.78
202512,A25266,investment,464108.98
202512,A25267,investment,0
202512,A25268,chequing,15089.76
202512,A25269,investment,796271.44
202512,A25270,investment,676713.22
202512,A25271,lending,4906.02
202512,A25272,saving,7456.15
202512,A25273,saving,5797.84
202512,A25274,mortgage,210647.87
202512,A25275,investment,317919.44
202512,A25276,saving,3030.44
202512,A25277,investment,92762.67
202512,A25278,investment,902192.01
202512,A25279,investment,12673.9
202512,A25280,investment,2431.13
202512,A25281,card,-1815.47
202512,A25282,saving,18495.81
202512,A25283,investment,0
202512,A25284,investment,0
202512,A25285,mortgage,375296.07
202512,A25286,chequing,744.47
202512,A25287,lending,20535.31
202512,A25288,saving,6646.8
202512,A25289,chequing,4589.54
202512,A25290,investment,878866.57
202512,A25291,investment,457252.15
202512,A25292,investment,527828.68
202512,A25293,investment,0
202512,A25294,investment,636094.88
202512,A25295,lending,46911.98
202512,A25296,mortgage,0
202512,A25297,investment,0
202512,A25298,investment,46022.96
202512,A25299,investment,941550.74
202512,A25300,saving,2917.11
202512,A25301,saving,5366.62
202512,A25302,card,-886.18
202512,A25303,saving,0
202512,A25304,saving,5698.13
202512,A25305,chequing,396.39
202512,A25306,investment,807764.35
202512,A25307,investment,598677.08
202512,A25308,investment,670338.3
202512,A25309,investment,675328.41
202512,A25310,investment,887556.44
202512,A25311,chequing,2116.43
202512,A25312,investment,877600.05
202512,A25313,investment,38423.65
202512,A25314,investment,71798.32
202512,A25315,chequing,2667.21
202512,A25316,chequing,11034.09
202512,A25317,investment,0
202512,A25318,lending,18925.6
202512,A25319,chequing,0
202512,A25320,investment,243826.23
202512,A25321,saving,0
202512,A25322,chequing,6936.08
202512,A25323,investment,24930.07
202512,A25324,card,-1804.75
202512,A25325,mortgage,428775.88
202512,A25326,lending,3449.42
202512,A25327,chequing,13924.81
202512,A25328,investment,11221.58
202512,A25329,lending,29068.23
202512,A25330,mortgage,339334.35
202512,A25331,chequing,0
202512,A25332,chequing,0
202512,A25333,chequing,9972.66
202512,A25334,chequing,0
202512,A25335,investment,633074.43
202512,A25336,saving,4070.85
202512,A25337,investment,496256.83
202512,A25338,chequing,0
202512,A25339,investment,549275.25
202512,A25340,chequing,7438.58
202512,A25341,chequing,9473.02
202512,A25342,investment,731379.35
202512,A25343,lending,47937.81
202512,A25344,investment,0
202512,A25345,lending,43160.11
202512,A25346,chequing,7052.85
202512,A25347,mortgage,180566.67
202512,A25348,mortgage,296575.39
202512,A25349,lending,26647.19
202512,A25350,chequing,16271.25
202512,A25351,saving,0
202512,A25352,chequing,19956.36
202512,A25353,chequing,11100.65
202512,A25354,investment,505392.28
202512,A25355,card,-643.15
202512,A25356,investment,468661.18
202512,A25357,investment,376643.71
202512,A25358,card,-469.44
202512,A25359,investment,26664.33
202512,A25360,investment,903764.55
202512,A25361,chequing,4123.74
202512,A25362,saving,16372.79
202512,A25363,card,-440.53
202512,A25364,investment,448148.63
202512,A25365,saving,10179.16
202512,A25366,investment,576997.96
202512,A25367,saving,16840.27
202512,A25368,investment,0
202512,A25369,investment,863687.73
202512,A25370,investment,527532.35
202512,A25371,card,-354.86
202512,A25372,investment,74362.92
202512,A25373,saving,49987.21
202512,A25374,lending,13354.03
202512,A25375,saving,3241.76
202512,A25376,chequing,19234.28
202512,A25377,card,-186.78
202512,A25378,chequing,12394.02
202512,A25379,lending,0
202512,A25380,chequing,19348.7
202512,A25381,investment,0
202512,A25382,saving,18190.2
202512,A25383,mortgage,146483.58
202512,A25384,investment,710446.12
202512,A25385,saving,30928.57
202512,A25386,investment,776650.97
202512,A25387,investment,640789.95
202512,A25388,investment,788512.9
202512,A25389,chequing,3194.2
202512,A25390,investment,799761.8
202512,A25391,investment,488853.13
202512,A25392,saving,45934.4
202512,A25393,investment,358615.27
202512,A25394,mortgage,72700.51
202512,A25395,investment,319209.34
202512,A25396,chequing,10960.19
202512,A25397,saving,18173.7
202512,A25398,mortgage,196944.94
202512,A25399,investment,894168.95
202512,A25400,chequing,9997.78
202512,A25401,saving,39563.9
202512,A25402,chequing,5375.32
202512,A25403,card,-1609.44
202512,A25404,mortgage,72796.89
202512,A25405,investment,813624.17
202512,A25406,investment,888600.16
202512,A25407,investment,639317.73
202512,A25408,investment,0
202512,A25409,investment,40081.02
202512,A25410,investment,564137.31
202512,A25411,investment,999777.95
202512,A25412,chequing,0
202512,A25413,investment,54352.22
202512,A25414,chequing,6990.75
202512,A25415,mortgage,243686.7
202512,A25416,mortgage,253047.16
202512,A25417,chequing,15216.51
202512,A25418,investment,24653.15
202512,A25419,investment,721110.5
202512,A25420,lending,25556.42
202512,A25421,investment,96793.6
202512,A25422,lending,2916.51
202512,A25423,saving,6633.01
202512,A25424,lending,2911.17
202512,A25425,saving,18569.3
202512,A25426,saving,698.68
202512,A25427,saving,4432.79
202512,A25428,investment,926369.96
202512,A25429,investment,794231.07
202512,A25430,lending,25361.97
202512,A25431,chequing,1997.76
202512,A25432,chequing,7022.2
202512,A25433,card,0
202512,A25434,saving,0
202512,A25435,investment,0
202512,A25436,lending,19133.04
202512,A25437,investment,111449.45
202512,A25438,investment,19494.51
202512,A25439,investment,0
202512,A25440,saving,0
202512,A25441,lending,10547.18
202512,A25442,chequing,1578.66
202512,A25443,investment,198562.09
202512,A25444,chequing,8477.09
202512,A25445,card,-3394.56
202512,A25446,chequing,15787.07
202512,A25447,saving,0
202512,A25448,saving,28508.39
202512,A25449,lending,38114.09
202512,A25450,investment,410564.27
202512,A25451,card,-3722.16
202512,A25452,saving,0
202512,A25453,investment,756856.24
202512,A25454,lending,31861.9
202512,A25455,card,-4762.82
202512,A25456,mortgage,0
202512,A25457,saving,33328.58
202512,A25458,card,-3011.66
202512,A25459,card,-2495.28
202512,A25460,investment,15443.25
202512,A25461,investment,763388.29
202512,A25462,investment,194896
202512,A25463,chequing,14857.39
202512,A25464,investment,390627.91
202512,A25465,chequing,6397.88
202512,A25466,investment,676999.92
202512,A25467,lending,27553.78
202512,A25468,chequing,11738.05
202512,A25469,chequing,5949.64
202512,A25470,investment,656500.07
202512,A25471,investment,0
202512,A25472,chequing,9917.68
202512,A25473,investment,32470.9
202512,A25474,investment,948422.78
202512,A25475,saving,29364.23
202512,A25476,chequing,13068.95
202512,A25477,lending,44893.33
202512,A25478,investment,547166.44
202512,A25479,investment,974161.93
202512,A25480,lending,14968.92
202512,A25481,investment,335500.48
202512,A25482,investment,387386.71
202512,A25483,investment,921754.16
202512,A25484,investment,0
202512,A25485,lending,9070.51
202512,A25486,investment,293526.43
202512,A25487,investment,660553
202512,A25488,saving,18225.77
202512,A25489,investment,81204.25
202512,A25490,lending,13590.44
202512,A25491,chequing,6654.86
202512,A25492,saving,6324.97
202512,A25493,lending,33689.42
202512,A25494,investment,734776.72
202512,A25495,investment,656180.52
202512,A25496,chequing,12446.87
202512,A25497,investment,57897.39
202512,A25498,lending,27956.86
202512,A25499,investment,460101.44
202512,A25500,saving,16585.24
202512,A25501,mortgage,306799.28
202512,A25502,mortgage,202205.6
202512,A25503,investment,415032.6
202512,A25504,chequing,15532
202512,A25505,chequing,16942.78
202512,A25506,investment,182748.37
202512,A25507,investment,244661.38
202512,A25508,lending,43626.55
202512,A25509,saving,1235.62
202512,A25510,investment,421154.08
202512,A25511,investment,825019.57
202512,A25512,investment,762610.65
202512,A25513,investment,433944.67
202512,A25514,chequing,8729.47
202512,A25515,mortgage,447563.51
202512,A25516,investment,467473.32
202512,A25517,chequing,0
202512,A25518,investment,783147.03
202512,A25519,mortgage,207349.2
202512,A25520,investment,274900.73
202512,A25521,investment,184774.91
202512,A25522,mortgage,319942.94
202512,A25523,investment,34332.27
202512,A25524,investment,0
202512,A25525,chequing,2987.57
202512,A25526,investment,805737.27
202512,A25527,investment,789039.85
202512,A25528,investment,375459.34
202512,A25529,saving,15396.84
202512,A25530,card,-1090.72
202512,A25531,saving,10342.32
202512,A25532,lending,44153.99
202512,A25533,saving,10891.46
202512,A25534,investment,919924.98
202512,A25535,chequing,7906.08
202512,A25536,chequing,16149.27
202512,A25537,chequing,0
202512,A25538,saving,8581.88
202512,A25539,investment,797017.07
202512,A25540,investment,318856.34
202512,A25541,mortgage,127625.78
202512,A25542,saving,13167.74
202512,A25543,investment,882337.33
202512,A25544,investment,716915.29
202512,A25545,card,-3436.93
202512,A25546,investment,855509.22
202512,A25547,investment,14566.12
202512,A25548,chequing,18832.2
202512,A25549,chequing,1722.4
202512,A25550,card,-4101.15
202512,A25551,investment,15191.63
202512,A25552,mortgage,488894.05
202512,A25553,lending,2313.76
202512,A25554,investment,422276.92
202512,A25555,chequing,6161.66
202512,A25556,investment,859173.78
202512,A25557,mortgage,60889.29
202512,A25558,chequing,14016.27
202512,A25559,investment,548774.59
202512,A25560,saving,1229.6
202512,A25561,chequing,1689.07
202512,A25562,lending,12697.34
202512,A25563,investment,18799.53
202512,A25564,mortgage,445568.76
202512,A25565,investment,572437.28
202512,A25566,chequing,0
202512,A25567,investment,602718.76
202512,A25568,lending,19274.27
202512,A25569,chequing,8943.4
202512,A25570,saving,13850.7
202512,A25571,chequing,11254.37
202512,A25572,chequing,13206.45
202512,A25573,chequing,930.22
202512,A25574,card,-1757.96
202512,A25575,mortgage,95617.45
202512,A25576,saving,18695.28
202512,A25577,lending,38871.03
202512,A25578,chequing,6927.55
202512,A25579,investment,0
202512,A25580,saving,6813.72
202512,A25581,chequing,7782.9
202512,A25582,investment,267947.22
202512,A25583,chequing,7838.88
202512,A25584,investment,302851.99
202512,A25585,investment,8799.66
202512,A25586,investment,162440.94
202512,A25587,investment,698754.35
202512,A25588,investment,42038.24
202512,A25589,investment,880109.07
202512,A25590,investment,592445.5
202512,A25591,investment,0
202512,A25592,saving,45946.59
202512,A25593,investment,388049.54
202512,A25594,investment,776508.27
202512,A25595,card,-2930.24
202512,A25596,investment,470348.03
202512,A25597,investment,0
202512,A25598,investment,472838.66
202512,A25599,card,-1095.93
202512,A25600,lending,49727.14
202512,A25601,lending,1662.6
202512,A25602,investment,21920.08
202512,A25603,investment,0
202512,A25604,investment,608426.29
202512,A25605,chequing,2317.88
202512,A25606,chequing,1424.64
202512,A25607,investment,526640.84
202512,A25608,lending,15054.03
202512,A25609,saving,18017.27
202512,A25610,investment,632430.78
202512,A25611,saving,5976.05
202512,A25612,lending,43355.69
202512,A25613,mortgage,424655.9
202512,A25614,saving,28231.62
202512,A25615,lending,36765.16
202512,A25616,lending,5344.49
202512,A25617,chequing,0
202512,A25618,investment,325083.51
202512,A25619,investment,345631.26
202512,A25620,lending,38828.13
202512,A25621,lending,1419.4
202512,A25622,saving,0
202512,A25623,saving,8719.48
202512,A25624,chequing,9777.87
202512,A25625,investment,562392.52
202512,A25626,investment,407730.68
202512,A25627,chequing,4879.31
202512,A25628,investment,855262.48
202512,A25629,saving,43550.16
202512,A25630,card,-1909.9
202512,A25631,lending,34769.22
202512,A25632,saving,1290.67
202512,A25633,saving,2589.2
202512,A25634,chequing,18390.68
202512,A25635,investment,605725.23
202512,A25636,investment,567540.37
202512,A25637,card,-1572.5
202512,A25638,lending,21808.1
202512,A25639,card,0
202512,A25640,investment,61101.91
202512,A25641,investment,41861.3
202512,A25642,investment,220137.26
202512,A25643,chequing,16830.51
202512,A25644,card,-1615.76
202512,A25645,investment,898239.75
202512,A25646,saving,39561.86
202512,A25647,chequing,16698.13
202512,A25648,card,-3392.13
202512,A25649,investment,295822.9
202512,A25650,investment,437598.45
202512,A25651,card,-2830.24
202512,A25652,investment,36070.87
202512,A25653,mortgage,257264.09
202512,A25654,investment,966427.6
202512,A25655,investment,545000.74
202512,A25656,investment,77561.77
202512,A25657,investment,693265.86
202512,A25658,card,-2641.02
202512,A25659,card,-1558.11
202512,A25660,saving,8779.64
202512,A25661,mortgage,124881.58
202512,A25662,saving,16676.11
202512,A25663,card,-3382.12
202512,A25664,mortgage,0
202512,A25665,investment,810866.73
202512,A25666,lending,14226.47
202512,A25667,saving,27221.7
202512,A25668,chequing,19406.94
202512,A25669,chequing,6683.29
202512,A25670,investment,83764.88
202512,A25671,investment,197922.8
202512,A25672,investment,64220.17
202512,A25673,card,-719.75
202512,A25674,lending,34596.12
202512,A25675,lending,41345.37
202512,A25676,investment,681339.92
202512,A25677,investment,202704.71
202512,A25678,investment,837279.07
202512,A25679,investment,942456.19
202512,A25680,investment,765156.07
202512,A25681,chequing,9746.12
202512,A25682,mortgage,271575.6
202512,A25683,chequing,9215.64
202512,A25684,saving,10399.89
202512,A25685,investment,361581.04
202512,A25686,investment,646642.28
202512,A25687,investment,710412.66
202512,A25688,investment,605728.02
202512,A25689,investment,7081.71
202512,A25690,mortgage,88249.79
202512,A25691,investment,89268.95
202512,A25692,investment,577078.73
202512,A25693,mortgage,424478
202512,A25694,investment,350607.5
202512,A25695,card,-723.98
202512,A25696,chequing,6580.17
202512,A25697,chequing,6145.28
202512,A25698,chequing,3949.57
202512,A25699,investment,619699.72
202512,A25700,investment,196463.78
202512,A25701,lending,4720.48
202512,A25702,card,-135.05
202512,A25703,lending,43979.45
202512,A25704,investment,595317.77
202512,A25705,investment,0
202512,A25706,investment,390010.18
202512,A25707,saving,11992.63
202512,A25708,investment,0
202512,A25709,chequing,1339.75
202512,A25710,investment,0
202512,A25711,chequing,0
202512,A25712,investment,208700.78
202512,A25713,investment,0
202512,A25714,investment,54415.45
202512,A25715,investment,735312.35
202512,A25716,saving,35720.21
202512,A25717,saving,1757.94
202512,A25718,saving,7852.72
202512,A25719,lending,24890.57
202512,A25720,investment,308552.16
202512,A25721,investment,165032.98
202512,A25722,chequing,8844.16
202512,A25723,card,-825.9
202512,A25724,card,-2024.36
202512,A25725,investment,56510.69
202512,A25726,chequing,11497.99
202512,A25727,investment,950504.63
202512,A25728,saving,0
202512,A25729,investment,13796.15
202512,A25730,card,-75.91
202512,A25731,chequing,8372
202512,A25732,card,-4555.11
202512,A25733,investment,48118.76
202512,A25734,investment,48323.5
202512,A25735,investment,120511.09
202512,A25736,chequing,0
202512,A25737,investment,288664.53
202512,A25738,lending,4873.58
202512,A25739,investment,569557.58
202512,A25740,lending,15318.39
202512,A25741,card,-82.67
202512,A25742,mortgage,229253.31
202512,A25743,saving,10522.76
202512,A25744,mortgage,316888.21
202512,A25745,card,-1489.2
202512,A25746,investment,0
202512,A25747,investment,941103.66
202512,A25748,investment,525861.05
202512,A25749,mortgage,329747.43
202512,A25750,chequing,6683.73
202512,A25751,investment,4296.76
202512,A25752,mortgage,454005.77
202512,A25753,investment,240353.62
202512,A25754,chequing,7540.04
202512,A25755,investment,905525.45
202512,A25756,investment,983680.89
202512,A25757,card,0
202512,A25758,chequing,19256.61
202512,A25759,saving,6417.11
202512,A25760,lending,10163.53
202512,A25761,saving,27742.98
202512,A25762,lending,10926.12
202512,A25763,mortgage,209357.21
202512,A25764,mortgage,314795.12
202512,A25765,lending,26985.22
202512,A25766,investment,26021.77
202512,A25767,investment,0
202512,A25768,card,-1998.85
202512,A25769,investment,0
202512,A25770,saving,11301.97
202512,A25771,investment,319646.37
202512,A25772,saving,24601.29
202512,A25773,chequing,8507.67
202512,A25774,chequing,6144.59
202512,A25775,mortgage,321061.27
202512,A25776,saving,7009.93
202512,A25777,chequing,8749.87
202512,A25778,mortgage,383288.88
202512,A25779,investment,487096.79
202512,A25780,saving,13000.34
202512,A25781,investment,95576.75
202512,A25782,investment,943230.54
202512,A25783,chequing,2683.02
202512,A25784,saving,16493.66
202512,A25785,chequing,11847.91
202512,A25786,chequing,8917.2
202512,A25787,investment,828389.82
202512,A25788,investment,510169.06
202512,A25789,lending,22184.01
202512,A25790,investment,946348.15
202512,A25791,investment,319419.56
202512,A25792,investment,588626.54
202512,A25793,investment,969479.99
202512,A25794,chequing,7279.24
202512,A25795,investment,4882.7
202512,A25796,mortgage,386302.91
202512,A25797,saving,49944.26
202512,A25798,mortgage,0
202512,A25799,investment,972897.11
202512,A25800,card,-598.19
202512,A25801,investment,125980.2
202512,A25802,investment,132348.1
202512,A25803,mortgage,133363.43
202512,A25804,mortgage,421132.72
202512,A25805,chequing,0
202512,A25806,chequing,15878.38
202512,A25807,saving,16973.1
202512,A25808,investment,308993.45
202512,A25809,investment,0
202512,A25810,investment,76377.86
202512,A25811,chequing,7359.48
202512,A25812,chequing,7064.25
202512,A25813,lending,2376.53
202512,A25814,investment,0
202512,A25815,chequing,206.19
202512,A25816,card,0
202512,A25817,chequing,5999.01
202512,A25818,investment,141665.23
202512,A25819,investment,60725.4
202512,A25820,chequing,0
202512,A25821,saving,13136.93
202512,A25822,investment,400292.05
202512,A25823,investment,620646.45
202512,A25824,chequing,5321.68
202512,A25825,investment,65411.18
202512,A25826,saving,19449.63
202512,A25827,chequing,7750.61
202512,A25828,investment,670787.5
202512,A25829,investment,64692.72
202512,A25830,mortgage,0
202512,A25831,chequing,4401.33
202512,A25832,investment,504282.23
202512,A25833,saving,19948.87
202512,A25834,investment,209912.08
202512,A25835,saving,17709.51
202512,A25836,card,-3166.62
202512,A25837,mortgage,430202.3
202512,A25838,chequing,1138.1
202512,A25839,mortgage,241126.36
202512,A25840,saving,10177.6
202512,A25841,investment,731150.14
202512,A25842,chequing,14570.62
202512,A25843,saving,12763.7
202512,A25844,investment,694649.41
202512,A25845,mortgage,132466.93
202512,A25846,mortgage,121151.33
202512,A25847,chequing,13903.51
202512,A25848,investment,269554.55
202512,A25849,lending,43746.55
202512,A25850,card,-2197.03
202512,A25851,investment,136978.99
202512,A25852,investment,889288.42
202512,A25853,investment,98303.24
202512,A25854,lending,35718.54
202512,A25855,investment,98438.69
202512,A25856,saving,0
202512,A25857,investment,49817.93
202512,A25858,card,-206.83
202512,A25859,investment,945349.09
202512,A25860,investment,392273.34
202512,A25861,mortgage,413810.41
202512,A25862,chequing,0
202512,A25863,lending,33527.62
202512,A25864,mortgage,274816.05
202512,A25865,chequing,14145.68
202512,A25866,investment,284343.86
202512,A25867,mortgage,208669.96
202512,A25868,saving,5803.9
202512,A25869,chequing,785.1
202512,A25870,chequing,182.38
202512,A25871,investment,849976.68
202512,A25872,saving,36099.25
202512,A25873,investment,405104.27
202512,A25874,investment,532078.69
202512,A25875,mortgage,309926.7
202512,A25876,chequing,5496.15
202512,A25877,lending,43216.12
202512,A25878,lending,18378.05
202512,A25879,investment,5413.01
202512,A25880,lending,0
202512,A25881,lending,30122.43
202512,A25882,lending,30083.9
202512,A25883,chequing,10247.84
202512,A25884,mortgage,370417.44
202512,A25885,chequing,4431.68
202512,A25886,investment,539715.07
202512,A25887,lending,11677.93
202512,A25888,mortgage,355625.26
202512,A25889,lending,41996.91
202512,A25890,investment,404188.9
202512,A25891,mortgage,88589.56
202512,A25892,card,-4976.42
202512,A25893,chequing,1457.51
202512,A25894,investment,41063.1
202512,A25895,investment,560973.89
202512,A25896,investment,0
202512,A25897,card,-3970.64
202512,A25898,chequing,0
202512,A25899,saving,11973.11
202512,A25900,chequing,14917.03
202512,A25901,saving,3122.23
202512,A25902,investment,559311.56
202512,A25903,investment,887379.99
202512,A25904,investment,541806.38
202512,A25905,lending,31872.83
202512,A25906,saving,14529.5
202512,A25907,investment,169455.83
202512,A25908,mortgage,149054.39
202512,A25909,investment,163163.54
202512,A25910,card,-4340.54
202512,A25911,investment,586097.31
202512,A25912,chequing,13003.6
202512,A25913,investment,169705
202512,A25914,investment,274029.6
202512,A25915,investment,0
202512,A25916,chequing,14249.94
202512,A25917,lending,23166.81
202512,A25918,investment,986320.35
202512,A25919,investment,106516.2
202512,A25920,saving,8469.44
202512,A25921,chequing,12237.35
202512,A25922,saving,14622.73
202512,A25923,investment,770371.21
202512,A25924,investment,889254.63
202512,A25925,chequing,5686.09
202512,A25926,investment,83179.09
202512,A25927,chequing,12654.66
202512,A25928,investment,60057.27
202512,A25929,investment,87681.46
202512,A25930,investment,669627.13
202512,A25931,lending,2613.91
202512,A25932,investment,599267.41
202512,A25933,mortgage,79593.4
202512,A25934,chequing,18356.58
202512,A25935,card,-1684.99
202512,A25936,card,0
202512,A25937,saving,816.21
202512,A25938,investment,309074.7
202512,A25939,investment,61909.95
202512,A25940,investment,0
202512,A25941,investment,884331.66
202512,A25942,investment,572832.55
202512,A25943,investment,615183.67
202512,A25944,lending,13772.99
202512,A25945,saving,8040.73
202512,A25946,investment,896427.46
202512,A25947,investment,163131.56
202512,A25948,card,-1214.97
202512,A25949,investment,605439.51
202512,A25950,chequing,11367.23
202512,A25951,saving,42612.39
202512,A25952,mortgage,121551.58
202512,A25953,investment,0
202512,A25954,investment,37248.05
202512,A25955,investment,92171.47
202512,A25956,investment,503500.17
202512,A25957,investment,0
202512,A25958,saving,6329.36
202512,A25959,investment,630979.74
202512,A25960,investment,88039.85
202512,A25961,investment,941341.47
202512,A25962,investment,22392.87
202512,A25963,investment,804680.41
202512,A25964,investment,857527.47
202512,A25965,saving,19642.71
202512,A25966,saving,15478.34
202512,A25967,chequing,18879.09
202512,A25968,card,-3968.24
202512,A25969,investment,554561.79
202512,A25970,investment,3105.67
202512,A25971,lending,14187.76
202512,A25972,saving,44510.51
202512,A25973,investment,34677.45
202512,A25974,investment,509962.73
202512,A25975,investment,0
202512,A25976,investment,773857.31
202512,A25977,chequing,17812.4
202512,A25978,saving,19615.82
202512,A25979,investment,809347.73
202512,A25980,chequing,7858.6
202512,A25981,saving,11871.13
202512,A25982,saving,0
202512,A25983,investment,993057.94
202512,A25984,investment,819217.35
202512,A25985,chequing,7772.18
202512,A25986,mortgage,366430.75
202512,A25987,saving,0
202512,A25988,card,-1009.32
202512,A25989,lending,26945.79
202512,A25990,investment,134195.61
202512,A25991,card,-3222.1
202512,A25992,investment,18594.21
202512,A25993,investment,628521.08
202512,A25994,card,-1325.29
202512,A25995,saving,17304.28
202512,A25996,chequing,8396.8
202512,A25997,mortgage,220062.75
202512,A25998,investment,209238.12
202512,A25999,card,0
202512,A26000,chequing,10401.18
202512,A26001,mortgage,416622.81
202512,A26002,chequing,11351.21
202512,A26003,saving,17014.04
202512,A26004,saving,6353.14
202512,A26005,investment,645136.35
202512,A26006,mortgage,341015.42
202512,A26007,mortgage,241830.64
202512,A26008,card,0
202512,A26009,investment,370333.72
202512,A26010,investment,89511.51
202512,A26011,investment,633639.13
202512,A26012,saving,0
202512,A26013,investment,565787.59
202512,A26014,mortgage,244688.01
202512,A26015,investment,438356.34
202512,A26016,chequing,12937.45
202512,A26017,mortgage,462527.64
202512,A26018,investment,0
202512,A26019,chequing,1034.41
202512,A26020,saving,11660.26
202512,A26021,investment,809386.78
202512,A26022,chequing,4125.82
202512,A26023,chequing,7056.74
202512,A26024,investment,145687.85
202512,A26025,saving,49269.17
202512,A26026,mortgage,477192.64
202512,A26027,investment,774184.52
202512,A26028,investment,36418.48
202512,A26029,mortgage,471332.08
202512,A26030,investment,495272.09
202512,A26031,chequing,4218.2
202512,A26032,investment,629245.62
202512,A26033,investment,146326.36
202512,A26034,investment,77816.6
202512,A26035,investment,466464.09
202512,A26036,chequing,13736.82
202512,A26037,card,-3257.58
202512,A26038,mortgage,234985.42
202512,A26039,investment,641375.05
202512,A26040,investment,21525.36
202512,A26041,lending,44153.29
202512,A26042,mortgage,317311.96
202512,A26043,investment,140245.77
202512,A26044,saving,1006.67
202512,A26045,mortgage,111818.59
202512,A26046,saving,49663.19
202512,A26047,mortgage,101304.65
202512,A26048,investment,64894.31
202512,A26049,chequing,12948.58
202512,A26050,card,0
202512,A26051,chequing,7862.2
202512,A26052,investment,743494.45
202512,A26053,investment,45854.63
202512,A26054,chequing,12400.32
202512,A26055,chequing,0
202512,A26056,investment,724235.27
202512,A26057,investment,51641.19
202512,A26058,mortgage,98895.86
202512,A26059,mortgage,229754
202512,A26060,investment,806791.43
202512,A26061,investment,411597.93
202512,A26062,mortgage,0
202512,A26063,investment,75810.42
202512,A26064,chequing,8303.61
202512,A26065,chequing,14231.47
202512,A26066,card,-2204.89
202512,A26067,investment,167903.76
202512,A26068,investment,978122.18
202512,A26069,investment,350509.52
202512,A26070,mortgage,123741.37
202512,A26071,chequing,8529.21
202512,A26072,saving,12814.18
202512,A26073,saving,10261.32
202512,A26074,lending,40947.84
202512,A26075,mortgage,382603.8
202512,A26076,card,-3958.35
202512,A26077,investment,27233.55
202512,A26078,chequing,3133.39
202512,A26079,investment,54355.2
202512,A26080,lending,40186.14
202512,A26081,chequing,4732.9
202512,A26082,chequing,9239.79
202512,A26083,lending,38994.76
202512,A26084,investment,425718.84
202512,A26085,mortgage,162731.57
202512,A26086,investment,293261.19
202512,A26087,investment,178331.24
202512,A26088,investment,627592.4
202512,A26089,investment,565609.65
202512,A26090,chequing,19284.37
202512,A26091,saving,18127.96
202512,A26092,mortgage,155278.34
202512,A26093,saving,9644.25
202512,A26094,mortgage,240385.31
202512,A26095,investment,584872
202512,A26096,card,-1762.31
202512,A26097,card,-3096.22
202512,A26098,saving,18644.14
202512,A26099,card,-3747.38
202512,A26100,investment,48609.04
202512,A26101,saving,22234.58
202512,A26102,mortgage,0
202512,A26103,investment,308777.77
202512,A26104,chequing,5268.38
202512,A26105,investment,943418.5
202512,A26106,investment,547335.35
202512,A26107,investment,657576.01
202512,A26108,investment,687352.18
202512,A26109,investment,48263.5
202512,A26110,lending,5092.85
202512,A26111,saving,6090.26
202512,A26112,investment,930552.78
202512,A26113,saving,34839.58
202512,A26114,card,-4969.02
202512,A26115,saving,18354.16
202512,A26116,investment,445142.4
202512,A26117,chequing,7862.57
202512,A26118,mortgage,107867.31
202512,A26119,investment,345394.89
202512,A26120,saving,16986.52
202512,A26121,investment,694725.47
202512,A26122,investment,466616.2
202512,A26123,saving,18138.64
202512,A26124,card,-746.55
202512,A26125,investment,20844.5
202512,A26126,card,0
202512,A26127,saving,1788.04
202512,A26128,investment,713250.78
202512,A26129,saving,3107.37
202512,A26130,investment,3295.57
202512,A26131,investment,174061
202512,A26132,chequing,14934.43
202512,A26133,lending,20025.02
202512,A26134,investment,383573.6
202512,A26135,saving,2886.77
202512,A26136,investment,10625.82
202512,A26137,mortgage,363931.97
202512,A26138,investment,527090.31
202512,A26139,lending,2819.87
202512,A26140,chequing,6472.35
202512,A26141,saving,11015.53
202512,A26142,investment,185044.21
202512,A26143,saving,13996.89
202512,A26144,investment,442187.62
202512,A26145,investment,346031.69
202512,A26146,investment,0
202512,A26147,chequing,18989.28
202512,A26148,investment,58749.98
202512,A26149,investment,866601.98
202512,A26150,card,-3990.96
202512,A26151,investment,857725.43
202512,A26152,mortgage,275522.58
202512,A26153,investment,76762.28
202512,A26154,mortgage,152004.94
202512,A26155,investment,110224.78
202512,A26156,investment,595280.97
202512,A26157,investment,54606.27
202512,A26158,chequing,8014.72
202512,A26159,investment,114074.63
202512,A26160,card,-386.49
202512,A26161,chequing,8700.02
202512,A26162,mortgage,0
202512,A26163,mortgage,197306.14
202512,A26164,investment,825143.08
202512,A26165,investment,17061.29
202512,A26166,mortgage,331837.13
202512,A26167,investment,983466.23
202512,A26168,investment,619617.82
202512,A26169,saving,27689.18
202512,A26170,chequing,8917.94
202512,A26171,investment,383632.07
202512,A26172,chequing,0
202512,A26173,investment,0
202512,A26174,lending,48418.7
202512,A26175,card,-2647.28
202512,A26176,investment,488260.02
202512,A26177,investment,709225.65
202512,A26178,lending,18537.65
202512,A26179,chequing,9360.9
202512,A26180,investment,62544.98
202512,A26181,lending,22291.1
202512,A26182,lending,35299.77
202512,A26183,mortgage,133722.18
202512,A26184,investment,103648.67
202512,A26185,investment,95472.81
202512,A26186,investment,380200.41
202512,A26187,investment,386451.32
202512,A26188,investment,674175.15
202512,A26189,mortgage,108622.64
202512,A26190,mortgage,209454.74
202512,A26191,investment,26805.68
202512,A26192,saving,7573.34
202512,A26193,investment,313269.2
202512,A26194,investment,574440.08
202512,A26195,card,-982.49
202512,A26196,lending,33545.84
202512,A26197,lending,6368.41
202512,A26198,investment,701710.17
202512,A26199,saving,8612.81
202512,A26200,mortgage,338366.12
202512,A26201,mortgage,239027.38
202512,A26202,lending,40889.12
202512,A26203,investment,62416.61
202512,A26204,investment,551470.03
202512,A26205,card,-1339.82
202512,A26206,investment,0
202512,A26207,lending,0
202512,A26208,saving,0
202512,A26209,lending,21385.14
202512,A26210,investment,578592.84
202512,A26211,investment,170250.47
202512,A26212,saving,9569
202512,A26213,investment,2486.34
202512,A26214,mortgage,211952.3
202512,A26215,mortgage,494448.77
202512,A26216,investment,803297.77
202512,A26217,chequing,2895.82
202512,A26218,investment,841867.73
202512,A26219,card,-464.38
202512,A26220,lending,45191.15
202512,A26221,card,-4209.66
202512,A26222,chequing,1699.47
202512,A26223,investment,374355.63
202512,A26224,chequing,17067.45
202512,A26225,mortgage,52756.05
202512,A26226,investment,763361.61
202512,A26227,chequing,0
202512,A26228,investment,694632.09
202512,A26229,chequing,18699.44
202512,A26230,mortgage,274390.78
202512,A26231,mortgage,74393.59
202512,A26232,lending,9529.92
202512,A26233,investment,988561.83
202512,A26234,saving,9667.7
202512,A26235,lending,8320.68
202512,A26236,saving,2584.42
202512,A26237,saving,16062.19
202512,A26238,investment,903146.39
202512,A26239,investment,579160.53
202512,A26240,investment,0
202512,A26241,investment,281101.64
202512,A26242,saving,10433.11
202512,A26243,card,0
202512,A26244,investment,507521.75
202512,A26245,investment,592510.38
202512,A26246,lending,16736.68
202512,A26247,investment,87885.61
202512,A26248,mortgage,312740.12
202512,A26249,investment,706428.92
202512,A26250,investment,969459.65
202512,A26251,investment,385145.02
202512,A26252,chequing,1952.63
202512,A26253,lending,12968.78
202512,A26254,mortgage,193609.99
202512,A26255,investment,17179.06
202512,A26256,chequing,6525.96
202512,A26257,chequing,2048.72
202512,A26258,lending,14440
202512,A26259,saving,48020.88
202512,A26260,chequing,3384.94
202512,A26261,investment,352226.91
202512,A26262,investment,96922.52
202512,A26263,investment,91000.22
202512,A26264,investment,170329.77
202512,A26265,investment,925752.7
202512,A26266,investment,64828.8
202512,A26267,lending,16178.41
202512,A26268,investment,862701.49
202512,A26269,chequing,8626.68
202512,A26270,investment,174856.87
202512,A26271,saving,45722.29
202512,A26272,lending,19853.26
202512,A26273,investment,595882.53
202512,A26274,investment,561108.19
202512,A26275,card,-1165.82
202512,A26276,chequing,9747.03
202512,A26277,saving,9789.8
202512,A26278,mortgage,413374.58
202512,A26279,mortgage,58030.56
202512,A26280,investment,882721.75
202512,A26281,saving,1801.42
202512,A26282,saving,14859.67
202512,A26283,chequing,3294.57
202512,A26284,mortgage,266085.95
202512,A26285,chequing,8617.3
202512,A26286,saving,5852.81
202512,A26287,saving,10127.66
202512,A26288,chequing,1997.59
202512,A26289,saving,32506.58
202512,A26290,investment,386353.64
202512,A26291,lending,31861.95
202512,A26292,card,-2910.87
202512,A26293,lending,1858.5
202512,A26294,chequing,13209.63
202512,A26295,chequing,18636.9
202512,A26296,investment,11216.1
202512,A26297,saving,6506.38
202512,A26298,saving,7979
202512,A26299,card,-640.89
202512,A26300,investment,879936.07
202512,A26301,lending,8028.01
202512,A26302,saving,2599.84
202512,A26303,investment,836083.37
202512,A26304,investment,129453.59
202512,A26305,saving,8968.02
202512,A26306,investment,70120.37
202512,A26307,chequing,5860.42
202512,A26308,saving,21071.9
202512,A26309,card,-4352.98
202512,A26310,investment,141290.36
202512,A26311,card,-3583.18
202512,A26312,chequing,16502.66
202512,A26313,mortgage,214087.08
202512,A26314,card,-926.84
202512,A26315,investment,123856.59
202512,A26316,lending,47757.64
202512,A26317,investment,117040.22
202512,A26318,lending,0
202512,A26319,chequing,9080.19
202512,A26320,investment,32579.1
202512,A26321,investment,312786.19
202512,A26322,investment,0
202512,A26323,investment,388667.85
202512,A26324,mortgage,393335.75
202512,A26325,saving,18184.44
202512,A26326,investment,813659.77
202512,A26327,chequing,6394.98
202512,A26328,investment,896725.06
202512,A26329,investment,363642.74
202512,A26330,investment,270168.81
202512,A26331,chequing,16094.45
202512,A26332,saving,538.11
202512,A26333,investment,85566.05
202512,A26334,mortgage,497633.92
202512,A26335,chequing,14461.75
202512,A26336,chequing,5110.66
202512,A26337,lending,43649.65
202512,A26338,investment,808948.98
202512,A26339,saving,19487.22
202512,A26340,chequing,0
202512,A26341,investment,731051.19
202512,A26342,mortgage,278840.79
202512,A26343,investment,589731.48
202512,A26344,mortgage,0
202512,A26345,investment,33926.09
202512,A26346,chequing,4919.26
202512,A26347,investment,398447.36
202512,A26348,investment,0
202512,A26349,chequing,0
202512,A26350,saving,11618.41
202512,A26351,chequing,5281.15
202512,A26352,investment,868188.7
202512,A26353,chequing,4574.9
202512,A26354,card,-2394.34
202512,A26355,mortgage,0
202512,A26356,card,-4494.54
202512,A26357,investment,58241.3
202512,A26358,chequing,12800.65
202512,A26359,investment,54407.81
202512,A26360,investment,0
202512,A26361,investment,18738.64
202512,A26362,chequing,2478.05
202512,A26363,investment,32483.89
202512,A26364,lending,13530.38
202512,A26365,saving,3110.82
202512,A26366,investment,57226.52
202512,A26367,investment,95156.26
202512,A26368,investment,912491.98
202512,A26369,lending,24787.13
202512,A26370,investment,925347.1
202512,A26371,investment,11771.42
202512,A26372,investment,733992.9
202512,A26373,investment,560334.19
202512,A26374,investment,764127.98
202512,A26375,mortgage,472444.89
202512,A26376,mortgage,448853.93
202512,A26377,chequing,9474.8
202512,A26378,investment,167544.43
202512,A26379,chequing,6601.76
202512,A26380,chequing,491.11
202512,A26381,saving,15066.83
202512,A26382,chequing,5911
202512,A26383,investment,388450.78
202512,A26384,investment,33703.05
202512,A26385,investment,308830.94
202512,A26386,saving,7092.57
202512,A26387,saving,15517.43
202512,A26388,chequing,18761.62
202512,A26389,mortgage,313131.04
202512,A26390,investment,766047.76
202512,A26391,card,-1142.6
202512,A26392,investment,875952.7
202512,A26393,saving,28328.57
202512,A26394,saving,6446.2
202512,A26395,chequing,9800.92
202512,A26396,lending,6536.92
202512,A26397,lending,27094.56
202512,A26398,investment,996492.83
202512,A26399,lending,35828.77
202512,A26400,investment,675699.27
202512,A26401,lending,25107.21
202512,A26402,investment,955710.37
202512,A26403,investment,909057.35
202512,A26404,investment,958711.08
202512,A26405,investment,473182.83
202512,A26406,investment,0
202512,A26407,card,-2742.34
202512,A26408,investment,634198.04
202512,A26409,investment,665443.55
202512,A26410,chequing,1049.57
202512,A26411,lending,45970.97
202512,A26412,investment,37971.64
202512,A26413,investment,253979.81
202512,A26414,saving,3950.03
202512,A26415,mortgage,497666.64
202512,A26416,investment,19032.05
202512,A26417,investment,216794.19
202512,A26418,saving,2326.87
202512,A26419,lending,36141.84
202512,A26420,investment,680591.48
202512,A26421,saving,15772.69
202512,A26422,lending,40959.89
202512,A26423,investment,66949.06
202512,A26424,investment,863345.55
202512,A26425,chequing,989.88
202512,A26426,chequing,2581.51
202512,A26427,investment,311584.83
202512,A26428,investment,0
202512,A26429,investment,521539.62
202512,A26430,saving,13309.97
202512,A26431,investment,495676.49
202512,A26432,investment,208104.32
202512,A26433,investment,273870.05
202512,A26434,investment,628850.71
202512,A26435,lending,4973.59
202512,A26436,investment,591227.33
202512,A26437,saving,5105.1
202512,A26438,mortgage,141811
202512,A26439,chequing,17869.11
202512,A26440,mortgage,301207.17
202512,A26441,chequing,11326.16
202512,A26442,investment,102612.61
202512,A26443,mortgage,0
202512,A26444,chequing,8252.5
202512,A26445,saving,3122.04
202512,A26446,lending,10328.75
202512,A26447,lending,15585.96
202512,A26448,investment,451353.86
202512,A26449,investment,802063.93
202512,A26450,chequing,7533.09
202512,A26451,card,-2094.32
202512,A26452,saving,47273.35
202512,A26453,investment,40528.24
202512,A26454,saving,11863.28
202512,A26455,lending,0
202512,A26456,chequing,7592.18
202512,A26457,chequing,9912.02
202512,A26458,card,-4634.11
202512,A26459,mortgage,411839.51
202512,A26460,investment,66540.15
202512,A26461,investment,856039.19
202512,A26462,investment,515330.01
202512,A26463,lending,22978
202512,A26464,investment,593230.5
202512,A26465,investment,32470
202512,A26466,card,-166.44
202512,A26467,investment,92952.54
202512,A26468,investment,424161.5
202512,A26469,card,-2473.75
202512,A26470,investment,621398.2
202512,A26471,investment,515521.46
202512,A26472,investment,770786.25
202512,A26473,investment,579941.33
202512,A26474,investment,18632.73
202512,A26475,chequing,17364.02
202512,A26476,investment,810015.79
202512,A26477,investment,659469.68
202512,A26478,card,-181.39
202512,A26479,lending,22202.32
202512,A26480,saving,19944.93
202512,A26481,investment,32783.93
202512,A26482,lending,12834.19
202512,A26483,chequing,14445.59
202512,A26484,investment,385193.02
202512,A26485,chequing,11416.81
202512,A26486,card,-4345.01
202512,A26487,investment,571241.56
202512,A26488,investment,533684.53
202512,A26489,chequing,11694.38
202512,A26490,lending,42395.52
202512,A26491,mortgage,217235.5
202512,A26492,chequing,7327.14
202512,A26493,investment,967221.56
202512,A26494,investment,199879.64
202512,A26495,chequing,4902.17
202512,A26496,investment,25984.98
202512,A26497,chequing,7210.68
202512,A26498,investment,215555.56
202512,A26499,lending,22907.7
202512,A26500,investment,78010.53
202512,A26501,saving,16830.16
202512,A26502,investment,790780.47
202512,A26503,investment,478344.08
202512,A26504,lending,40417.25
202512,A26505,saving,14962.13
202512,A26506,card,-1262.09
202512,A26507,mortgage,70919.84
202512,A26508,card,-1398.96
202512,A26509,investment,249853.03
202512,A26510,investment,443010.53
202512,A26511,investment,17912.5
202512,A26512,card,0
202512,A26513,investment,161309.28
202512,A26514,card,-4691.82
202512,A26515,investment,400210.1
202512,A26516,investment,893213.82
202512,A26517,mortgage,205552.82
202512,A26518,saving,18979.23
202512,A26519,mortgage,235864.88
202512,A26520,saving,0
202512,A26521,lending,46496.58
202512,A26522,card,-529.33
202512,A26523,lending,8171.06
202512,A26524,investment,679773.42
202512,A26525,chequing,3106.12
202512,A26526,mortgage,204156.97
202512,A26527,chequing,2948.39
202512,A26528,investment,741548.1
202512,A26529,mortgage,461513.78
202512,A26530,investment,410117.71
202512,A26531,lending,22106.98
202512,A26532,chequing,7649.82
202512,A26533,investment,0
202512,A26534,saving,24651.99
202512,A26535,chequing,13860.6
202512,A26536,saving,5894.93
202512,A26537,investment,588826.82
202512,A26538,chequing,5769.37
202512,A26539,card,-4135.45
202512,A26540,saving,36409.22
202512,A26541,mortgage,279528.29
202512,A26542,investment,485347.57
202512,A26543,investment,485712.49
202512,A26544,investment,969788.46
202512,A26545,investment,0
202512,A26546,lending,20576.35
202512,A26547,investment,798079.06
202512,A26548,investment,44943.65
202512,A26549,investment,28729.88
202512,A26550,chequing,7239.64
202512,A26551,card,-3782.27
202512,A26552,chequing,19326.69
202512,A26553,mortgage,0
202512,A26554,saving,22965.63
202512,A26555,investment,261395.41
202512,A26556,mortgage,0
202512,A26557,investment,0
202512,A26558,investment,573717.05
202512,A26559,chequing,12715.98
202512,A26560,chequing,0
202512,A26561,investment,228924.7
202512,A26562,chequing,15531.8
202512,A26563,investment,284463.27
202512,A26564,chequing,447.64
202512,A26565,investment,34997.77
202512,A26566,investment,909940.4
202512,A26567,investment,0
202512,A26568,saving,10606.81
202512,A26569,investment,305810.08
202512,A26570,lending,43910.52
202512,A26571,investment,888503.22
202512,A26572,investment,737508.78
202512,A26573,chequing,9141.1
202512,A26574,investment,409040.77
202512,A26575,investment,716941.01
202512,A26576,chequing,11851.93
202512,A26577,saving,0
202512,A26578,card,-3703.67
202512,A26579,card,-4091.73
202512,A26580,mortgage,393766.35
202512,A26581,investment,50925.84
202512,A26582,investment,219936.22
202512,A26583,chequing,16732.86
202512,A26584,mortgage,158519.2
202512,A26585,saving,0
202512,A26586,lending,0
202512,A26587,mortgage,0
202512,A26588,chequing,12092.47
202512,A26589,investment,22039.5
202512,A26590,mortgage,222378.18
202512,A26591,saving,7702.99
202512,A26592,investment,0
202512,A26593,saving,1140.39
202512,A26594,investment,90337.41
202512,A26595,investment,185522.04
202512,A26596,chequing,8915.37
202512,A26597,card,-1622.53
202512,A26598,chequing,11012.05
202512,A26599,chequing,0
202512,A26600,investment,49532.32
202512,A26601,lending,9079.35
202512,A26602,mortgage,470034.33
202512,A26603,investment,840627.34
202512,A26604,saving,4405.59
202512,A26605,investment,616425.78
202512,A26606,investment,23357.27
202512,A26607,investment,480196.01
202512,A26608,investment,887514.72
202512,A26609,lending,13266.48
202512,A26610,investment,750348.34
202512,A26611,mortgage,199323.93
202512,A26612,saving,7148.31
202512,A26613,investment,140993.93
202512,A26614,investment,523243.32
202512,A26615,card,-1943.3
202512,A26616,saving,0
202512,A26617,investment,553539.36
202512,A26618,saving,45586.65
202512,A26619,investment,17439.73
202512,A26620,saving,45941.41
202512,A26621,chequing,6772.04
202512,A26622,chequing,5897
202512,A26623,mortgage,409775.48
202512,A26624,chequing,7794.14
202512,A26625,card,-3319.57
202512,A26626,investment,935621.85
202512,A26627,lending,0
202512,A26628,chequing,11727.11
202512,A26629,lending,6827.98
202512,A26630,chequing,6465.54
202512,A26631,investment,0
202512,A26632,card,-4981.79
202512,A26633,lending,21058.16
202512,A26634,mortgage,409706.79
202512,A26635,investment,709566.71
202512,A26636,chequing,9705.94
202512,A26637,chequing,11517.5
202512,A26638,investment,916435.9
202512,A26639,chequing,14581.62
202512,A26640,saving,4805.46
202512,A26641,investment,227228.08
202512,A26642,lending,6417.84
202512,A26643,chequing,3361.08
202512,A26644,investment,780742.51
202512,A26645,saving,9284.94
202512,A26646,investment,137441.98
202512,A26647,card,-3992.28
202512,A26648,lending,37865.42
202512,A26649,investment,972057.49
202512,A26650,saving,17167.19
202512,A26651,mortgage,442976.8
202512,A26652,investment,688992.02
202512,A26653,investment,435269.46
202512,A26654,saving,17918.74
202512,A26655,lending,25205.93
202512,A26656,investment,74093.87
202512,A26657,chequing,7229.04
202512,A26658,investment,830026.09
202512,A26659,card,-2582.08
202512,A26660,investment,452660.46
202512,A26661,investment,772251.81
202512,A26662,chequing,10737.94
202512,A26663,investment,0
202512,A26664,investment,114821.46
202512,A26665,investment,183650.62
202512,A26666,card,-5.14
202512,A26667,mortgage,89097.86
202512,A26668,investment,43853.11
202512,A26669,card,-4201.27
202512,A26670,saving,46728.82
202512,A26671,card,-4735.95
202512,A26672,chequing,12267.63
202512,A26673,lending,37628.42
202512,A26674,lending,23713.17
202512,A26675,saving,4964.69
202512,A26676,investment,0
202512,A26677,saving,5495.29
202512,A26678,saving,19863.4
202512,A26679,investment,139346.95
202512,A26680,investment,803828.39
202512,A26681,chequing,5108.39
202512,A26682,chequing,4692.89
202512,A26683,investment,0
202512,A26684,investment,833138.03
202512,A26685,investment,0
202512,A26686,investment,54776.12
202512,A26687,investment,0
202512,A26688,investment,0
202512,A26689,chequing,6176.03
202512,A26690,mortgage,377912.05
202512,A26691,investment,662824.68
202512,A26692,investment,0
202512,A26693,investment,0
202512,A26694,investment,74693.43
202512,A26695,investment,394637.9
202512,A26696,mortgage,0
202512,A26697,investment,89923.37
202512,A26698,chequing,18538.39
202512,A26699,investment,727256.9
202512,A26700,saving,0
202512,A26701,investment,688396.86
202512,A26702,saving,18228.59
202512,A26703,investment,884206.81
202512,A26704,card,-1995.84
202512,A26705,investment,757315.37
202512,A26706,card,-2955.38
202512,A26707,investment,0
202512,A26708,investment,991905.29
202512,A26709,chequing,11039.6
202512,A26710,investment,797719.36
202512,A26711,lending,17411.61
202512,A26712,investment,548295.25
202512,A26713,investment,0
202512,A26714,investment,148581.18
202512,A26715,card,-3078.09
202512,A26716,investment,463738.97
202512,A26717,saving,14728.17
202512,A26718,chequing,2681.55
202512,A26719,investment,591330.95
202512,A26720,lending,15605.72
202512,A26721,mortgage,276948.37
202512,A26722,saving,8728.23
202512,A26723,investment,514587.45
202512,A26724,investment,386509.02
202512,A26725,investment,800803.61
202512,A26726,chequing,17064.86
202512,A26727,saving,1573.14
202512,A26728,mortgage,269611.03
202512,A26729,chequing,3611.44
202512,A26730,card,-3027.7
202512,A26731,mortgage,287186.2
202512,A26732,mortgage,190816.13
202512,A26733,investment,0
202512,A26734,chequing,2382.22
202512,A26735,investment,997867.24
202512,A26736,chequing,4634.8
202512,A26737,investment,626337.65
202512,A26738,saving,16299.14
202512,A26739,chequing,2560.51
202512,A26740,investment,519646.9
202512,A26741,investment,883735.32
202512,A26742,investment,0
202512,A26743,investment,130463.48
202512,A26744,saving,18868.62
202512,A26745,investment,550171.31
202512,A26746,investment,0
202512,A26747,saving,0
202512,A26748,saving,0
202512,A26749,card,-4593.47
202512,A26750,chequing,16176.31
202512,A26751,card,0
202512,A26752,investment,737572.5
202512,A26753,investment,8462.36
202512,A26754,lending,10484.1
202512,A26755,lending,47572.05
202512,A26756,card,-4585.55
202512,A26757,saving,47847.33
202512,A26758,lending,5035.63
202512,A26759,chequing,0
202512,A26760,chequing,6333.39
202512,A26761,investment,64302.57
202512,A26762,lending,1942.46
202512,A26763,lending,28622.87
202512,A26764,investment,98242.38
202512,A26765,investment,787525.74
202512,A26766,investment,588456.03
202512,A26767,investment,34826.04
202512,A26768,saving,13243.69
202512,A26769,saving,3366.6
202512,A26770,investment,992984.99
202512,A26771,investment,368469.41
202512,A26772,mortgage,252659.75
202512,A26773,investment,49604.54
202512,A26774,investment,714366.22
202512,A26775,investment,66912.91
202512,A26776,investment,906050.16
202512,A26777,card,-2012.17
202512,A26778,saving,17903.18
202512,A26779,chequing,17580.09
202512,A26780,investment,732918.3
202512,A26781,card,-435.84
202512,A26782,investment,85108.93
202512,A26783,investment,44959.51
202512,A26784,chequing,1026.59
202512,A26785,chequing,18853.9
202512,A26786,mortgage,284146.3
202512,A26787,mortgage,474021.8
202512,A26788,investment,947940.45
202512,A26789,investment,718784.67
202512,A26790,investment,807548.42
202512,A26791,investment,702444.01
202512,A26792,chequing,5287.29
202512,A26793,chequing,19398.52
202512,A26794,lending,5827.02
202512,A26795,investment,51502.23
202512,A26796,chequing,15861.14
202512,A26797,lending,2080.23
202512,A26798,investment,0
202512,A26799,chequing,9636.9
202512,A26800,lending,8284.83
202512,A26801,chequing,19675.78
202512,A26802,investment,140066.65
202512,A26803,investment,133282.49
202512,A26804,investment,31345.14
202512,A26805,saving,10039.83
202512,A26806,investment,995533.67
202512,A26807,chequing,13971.39
202512,A26808,card,-947.54
202512,A26809,investment,404993.87
202512,A26810,investment,390313.21
202512,A26811,investment,25932.84
202512,A26812,card,-4505.36
202512,A26813,investment,581270.91
202512,A26814,saving,42971.5
202512,A26815,investment,24257.09
202512,A26816,mortgage,433487.48
202512,A26817,card,-2813.76
202512,A26818,saving,9199.64
202512,A26819,investment,985762.99
202512,A26820,chequing,9122.78
202512,A26821,mortgage,0
202512,A26822,lending,43501.98
202512,A26823,investment,84024.81
202512,A26824,investment,218680.2
202512,A26825,chequing,15960.1
202512,A26826,chequing,7982.43
202512,A26827,chequing,3209.24
202512,A26828,mortgage,216005.18
202512,A26829,chequing,18602.12
202512,A26830,saving,13830.19
202512,A26831,card,-1386.9
202512,A26832,investment,749069.56
202512,A26833,investment,937137.73
202512,A26834,chequing,9780.3
202512,A26835,investment,379448.51
202512,A26836,chequing,14359.84
202512,A26837,saving,14954.38
202512,A26838,investment,379960.91
202512,A26839,saving,35346.61
202512,A26840,chequing,5210.73
202512,A26841,card,-411.75
202512,A26842,mortgage,0
202512,A26843,chequing,8251.48
202512,A26844,lending,37567.09
202512,A26845,investment,889830.04
202512,A26846,mortgage,258143.33
202512,A26847,investment,973624.79
202512,A26848,saving,5088.82
202512,A26849,card,-1459.52
202512,A26850,investment,699264.22
202512,A26851,investment,625275.84
202512,A26852,lending,0
202512,A26853,investment,99320.02
202512,A26854,investment,99268.55
202512,A26855,investment,169848.48
202512,A26856,saving,0
202512,A26857,lending,27751.8
202512,A26858,card,-2242.96
202512,A26859,investment,0
202512,A26860,saving,18436.16
202512,A26861,investment,0
202512,A26862,saving,32639.72
202512,A26863,investment,669651.41
202512,A26864,investment,20336.6
202512,A26865,chequing,8185.45
202512,A26866,investment,11872
202512,A26867,card,-1503.42
202512,A26868,investment,135088.38
202512,A26869,investment,198126.03
202512,A26870,lending,32321.17
202512,A26871,investment,93217.57
202512,A26872,mortgage,292487
202512,A26873,investment,793809.26
202512,A26874,chequing,0
202512,A26875,saving,15665.39
202512,A26876,saving,18206.17
202512,A26877,lending,26027.04
202512,A26878,investment,208528.85
202512,A26879,mortgage,59004.71
202512,A26880,chequing,2332.71
202512,A26881,investment,666594.82
202512,A26882,chequing,5540.59
202512,A26883,chequing,15191.83
202512,A26884,investment,618462.41
202512,A26885,card,-228.22
202512,A26886,investment,114014.23
202512,A26887,mortgage,462228.99
202512,A26888,investment,476731.54
202512,A26889,card,-3341.38
202512,A26890,investment,42179.44
202512,A26891,investment,71565.79
202512,A26892,investment,74008.3
202512,A26893,mortgage,0
202512,A26894,chequing,5877.49
202512,A26895,investment,455455.17
202512,A26896,investment,97427.29
202512,A26897,investment,616239.09
202512,A26898,chequing,15916.18
202512,A26899,lending,47501.42
202512,A26900,mortgage,134117.65
202512,A26901,investment,324281.69
202512,A26902,investment,73772.14
202512,A26903,mortgage,272437.11
202512,A26904,investment,262745.49
202512,A26905,chequing,3543.05
202512,A26906,chequing,15705.8
202512,A26907,investment,453022.96
202512,A26908,investment,421249.61
202512,A26909,investment,25960.6
202512,A26910,investment,24336.94
202512,A26911,chequing,14487.16
202512,A26912,saving,15346.26
202512,A26913,card,-2180.98
202512,A26914,saving,9227.52
202512,A26915,saving,18697.98
202512,A26916,chequing,6903.49
202512,A26917,chequing,5444.49
202512,A26918,investment,971037.68
202512,A26919,investment,912690.76
202512,A26920,chequing,6515
202512,A26921,chequing,0
202512,A26922,chequing,184.14
202512,A26923,investment,577129.27
202512,A26924,card,-3610.39
202512,A26925,investment,964212.75
202512,A26926,card,-3879.28
202512,A26927,lending,24170.9
202512,A26928,investment,424109.79
202512,A26929,card,-3811.44
202512,A26930,saving,3720.66
202512,A26931,saving,2761.81
202512,A26932,chequing,3526.89
202512,A26933,investment,939607.22
202512,A26934,mortgage,290821.2
202512,A26935,saving,6837.47
202512,A26936,lending,22113.98
202512,A26937,investment,223137.04
202512,A26938,investment,122244.81
202512,A26939,investment,691324.77
202512,A26940,saving,6024.53
202512,A26941,mortgage,436529.51
202512,A26942,investment,68635.52
202512,A26943,card,-1172.51
202512,A26944,investment,656396.92
202512,A26945,chequing,6793.52
202512,A26946,saving,9759.13
202512,A26947,chequing,0
202512,A26948,card,-3968.54
202512,A26949,mortgage,231220.41
202512,A26950,investment,806989.33
202512,A26951,investment,948349.1
202512,A26952,chequing,2073.89
202512,A26953,investment,21658.52
202512,A26954,card,-1043.85
202512,A26955,investment,67853.17
202512,A26956,investment,528158.84
202512,A26957,saving,0
202512,A26958,chequing,11304.55
202512,A26959,mortgage,288168.5
202512,A26960,chequing,6545.23
202512,A26961,investment,50130.37
202512,A26962,chequing,4638.18
202512,A26963,lending,34173.16
202512,A26964,investment,366542.61
202512,A26965,investment,598007.29
202512,A26966,investment,979371.5
202512,A26967,saving,1341.97
202512,A26968,chequing,6636.83
202512,A26969,chequing,6287.71
202512,A26970,card,-2254.6
202512,A26971,card,0
202512,A26972,card,0
202512,A26973,investment,34200.63
202512,A26974,chequing,9885.6
202512,A26975,chequing,0
202512,A26976,investment,901437.54
202512,A26977,lending,23803.25
202512,A26978,investment,724288.73
202512,A26979,investment,550833.21
202512,A26980,saving,5185.52
202512,A26981,chequing,8316.81
202512,A26982,lending,44039.79
202512,A26983,mortgage,354177.46
202512,A26984,chequing,2166.5
202512,A26985,mortgage,0
202512,A26986,mortgage,476928.91
202512,A26987,chequing,2591.06
202512,A26988,investment,576039.18
202512,A26989,investment,0
202512,A26990,chequing,18110.48
202512,A26991,saving,13282.9
202512,A26992,investment,481676.25
202512,A26993,investment,201272.62
202512,A26994,chequing,0
202512,A26995,investment,0
202512,A26996,lending,34671.77
202512,A26997,mortgage,285240.94
202512,A26998,saving,3104.05
202512,A26999,investment,872030.98
202512,A27000,card,-1989.15
202512,A27001,chequing,11129.53
202512,A27002,card,-4023.38
202512,A27003,investment,53155.97
202512,A27004,saving,3898.33
202512,A27005,investment,776444.94
202512,A27006,lending,8336.67
202512,A27007,investment,0
202512,A27008,chequing,9783.99
202512,A27009,investment,826281.32
202512,A27010,card,-2161.37
202512,A27011,chequing,10390.98
202512,A27012,investment,919591.74
202512,A27013,chequing,14276.36
202512,A27014,investment,48555.04
202512,A27015,chequing,7965.17
202512,A27016,investment,343530.9
202512,A27017,lending,35156.5
202512,A27018,saving,13876.16
202512,A27019,investment,30277.01
202512,A27020,lending,0
202512,A27021,saving,40442.43
202512,A27022,investment,516931.4
202512,A27023,lending,47161.88
202512,A27024,saving,4276.43
202512,A27025,mortgage,166293.21
202512,A27026,investment,873953.1
202512,A27027,saving,36039.51
202512,A27028,chequing,14256.56
202512,A27029,investment,260481.2
202512,A27030,investment,884895.41
202512,A27031,saving,27214.66
202512,A27032,card,-596.47
202512,A27033,chequing,10863.68
202512,A27034,investment,464941.33
202512,A27035,mortgage,445464.35
202512,A27036,chequing,0
202512,A27037,investment,140266.64
202512,A27038,chequing,10411.77
202512,A27039,chequing,15678.23
202512,A27040,investment,837959.12
202512,A27041,chequing,6428.57
202512,A27042,investment,683623.98
202512,A27043,saving,14503.48
202512,A27044,investment,721037.19
202512,A27045,mortgage,298884.02
202512,A27046,lending,0
202512,A27047,lending,28321.91
202512,A27048,chequing,8143.08
202512,A27049,chequing,2246.91
202512,A27050,card,-4212.67
202512,A27051,chequing,0
202512,A27052,chequing,12450.23
202512,A27053,saving,0
202512,A27054,mortgage,499805.74
202512,A27055,chequing,4288.44
202512,A27056,investment,735003.25
202512,A27057,card,-1692.58
202512,A27058,lending,8341.78
202512,A27059,investment,337100.92
202512,A27060,investment,22053.73
202512,A27061,investment,88800.04
202512,A27062,saving,19926.84
202512,A27063,investment,681924.85
202512,A27064,investment,256443.13
202512,A27065,card,-2274.73
202512,A27066,lending,6169.65
202512,A27067,mortgage,155762.56
202512,A27068,investment,186382.58
202512,A27069,mortgage,400685.09
202512,A27070,chequing,826.1
202512,A27071,chequing,5794.76
202512,A27072,investment,126846.94
202512,A27073,chequing,15661.52
202512,A27074,investment,0
202512,A27075,chequing,0
202512,A27076,mortgage,136122.18
202512,A27077,investment,0
202512,A27078,chequing,15633.74
202512,A27079,investment,0
202512,A27080,investment,906868.69
202512,A27081,saving,8096.37
202512,A27082,saving,18615.18
202512,A27083,saving,9082.97
202512,A27084,lending,42293.69
202512,A27085,investment,728231.82
202512,A27086,investment,242216.52
202512,A27087,card,-3341.69
202512,A27088,chequing,0
202512,A27089,saving,11362.23
202512,A27090,mortgage,344504.43
202512,A27091,investment,693782.15
202512,A27092,investment,591277.99
202512,A27093,investment,655375.24
202512,A27094,card,0
202512,A27095,saving,0
202512,A27096,investment,438584.49
202512,A27097,saving,11842.43
202512,A27098,investment,348855.06
202512,A27099,saving,35483.47
202512,A27100,investment,366555.52
202512,A27101,card,0
202512,A27102,investment,249321.91
202512,A27103,investment,25782.64
202512,A27104,saving,31000.94
202512,A27105,chequing,7480.64
202512,A27106,investment,0
202512,A27107,mortgage,168885.53
202512,A27108,investment,108116.27
202512,A27109,chequing,737.57
202512,A27110,investment,0
202512,A27111,saving,39437.78
202512,A27112,chequing,3004.72
202512,A27113,investment,736745.14
202512,A27114,investment,307162.37
202512,A27115,chequing,9672.63
202512,A27116,card,-3661.02
202512,A27117,chequing,10924.07
202512,A27118,saving,18279.32
202512,A27119,investment,0
202512,A27120,investment,475547.46
202512,A27121,card,-1103.1
202512,A27122,saving,11129.36
202512,A27123,card,-42.11
202512,A27124,investment,433348.66
202512,A27125,investment,634462.7
202512,A27126,chequing,16312.31
202512,A27127,chequing,17728.87
202512,A27128,investment,15181.9
202512,A27129,chequing,10048.27
202512,A27130,chequing,9995.93
202512,A27131,mortgage,102338.95
202512,A27132,investment,516117.01
202512,A27133,chequing,4862.58
202512,A27134,lending,43412.71
202512,A27135,chequing,7132.33
202512,A27136,investment,650921.33
202512,A27137,investment,590011.48
202512,A27138,chequing,4626.36
202512,A27139,investment,892599.82
202512,A27140,investment,673968.29
202512,A27141,card,-4341.16
202512,A27142,lending,42549.15
202512,A27143,saving,14256.36
202512,A27144,investment,184992.48
202512,A27145,card,-1130.09
202512,A27146,mortgage,249055.58
202512,A27147,card,-2303.05
202512,A27148,chequing,9047.35
202512,A27149,card,-2604.14
202512,A27150,investment,142979.69
202512,A27151,chequing,4678.53
202512,A27152,saving,14972.65
202512,A27153,chequing,0
202512,A27154,lending,0
202512,A27155,investment,492286.48
202512,A27156,card,-1985.77
202512,A27157,mortgage,231237.88
202512,A27158,investment,735793.72
202512,A27159,investment,0
202512,A27160,mortgage,176437.32
202512,A27161,card,-913.96
202512,A27162,mortgage,79992.66
202512,A27163,saving,9796.99
202512,A27164,lending,33136.1
202512,A27165,chequing,7784
202512,A27166,investment,729988.49
202512,A27167,card,0
202512,A27168,mortgage,182680.14
202512,A27169,mortgage,247291.69
202512,A27170,investment,669029.9
202512,A27171,card,-4776.67
202512,A27172,card,-815.97
202512,A27173,investment,483627.17
202512,A27174,investment,587317.48
202512,A27175,saving,1857.13
202512,A27176,investment,76430.68
202512,A27177,lending,32273.26
202512,A27178,chequing,5691.27
202512,A27179,investment,370842.67
202512,A27180,investment,621955.38
202512,A27181,investment,973709.84
202512,A27182,mortgage,328712.35
202512,A27183,investment,682254.83
202512,A27184,investment,496580.07
202512,A27185,investment,265202.3
202512,A27186,investment,1264.49
202512,A27187,saving,1734.65
202512,A27188,investment,650935.09
202512,A27189,saving,14129.44
202512,A27190,lending,10285.12
202512,A27191,investment,67020.47
202512,A27192,saving,10370.33
202512,A27193,mortgage,227800.81
202512,A27194,lending,19397.89
202512,A27195,investment,24185.08
202512,A27196,saving,10087.64
202512,A27197,saving,10019.45
202512,A27198,card,-3469.92
202512,A27199,chequing,18736.42
202512,A27200,chequing,9607.4
202512,A27201,investment,50217.35
202512,A27202,investment,918644.97
202512,A27203,chequing,16876.97
202512,A27204,investment,131080.18
202512,A27205,saving,7452.75
202512,A27206,saving,10753.53
202512,A27207,lending,16099.87
202512,A27208,investment,0
202512,A27209,investment,239023.93
202512,A27210,lending,27783.1
202512,A27211,lending,1297.68
202512,A27212,card,-2865.98
202512,A27213,investment,0
202512,A27214,card,-1966.03
202512,A27215,saving,40858.87
202512,A27216,saving,11473.24
202512,A27217,saving,28528.56
202512,A27218,chequing,6657.65
202512,A27219,investment,71356.66
202512,A27220,chequing,18567.38
202512,A27221,mortgage,355817.24
202512,A27222,investment,807434.89
202512,A27223,chequing,0
202512,A27224,card,-3453.45
202512,A27225,investment,121883.23
202512,A27226,investment,129477.68
202512,A27227,chequing,8347.92
202512,A27228,chequing,10023.55
202512,A27229,investment,175737.72
202512,A27230,lending,21292.95
202512,A27231,chequing,1225.9
202512,A27232,investment,879865.47
202512,A27233,investment,299928.72
202512,A27234,saving,42118.55
202512,A27235,investment,878321.58
202512,A27236,saving,41466.42
202512,A27237,card,-3536.83
202512,A27238,saving,4788.89
202512,A27239,chequing,6045.94
202512,A27240,chequing,8745.3
202512,A27241,card,-4465.25
202512,A27242,mortgage,0
202512,A27243,saving,1204.82
202512,A27244,lending,34709.77
202512,A27245,investment,951510.97
202512,A27246,lending,22959.76
202512,A27247,chequing,13468.69
202512,A27248,investment,410141.9
202512,A27249,card,-4447.46
202512,A27250,chequing,2269.33
202512,A27251,investment,584465.09
202512,A27252,investment,580906.21
202512,A27253,card,-3148.47
202512,A27254,lending,35156.39
202512,A27255,investment,0
202512,A27256,mortgage,381358.42
202512,A27257,investment,774367.69
202512,A27258,saving,16787.15
202512,A27259,saving,17028.55
202512,A27260,chequing,0
202512,A27261,investment,471454.95
202512,A27262,mortgage,272627.04
202512,A27263,investment,699339.53
202512,A27264,investment,754492.55
202512,A27265,mortgage,0
202512,A27266,mortgage,168488.34
202512,A27267,saving,14837.84
202512,A27268,investment,845541.51
202512,A27269,mortgage,369932.39
202512,A27270,lending,7751.94
202512,A27271,chequing,10083.66
202512,A27272,investment,234217.45
202512,A27273,card,-4728.86
202512,A27274,investment,320577.56
202512,A27275,chequing,5241.09
202512,A27276,chequing,6468.93
202512,A27277,lending,6004.99
202512,A27278,chequing,6976.2
202512,A27279,investment,19491.93
202512,A27280,investment,81962.97
202512,A27281,mortgage,371969.78
202512,A27282,investment,505363.68
202512,A27283,card,-1062.42
202512,A27284,card,-1177.86
202512,A27285,chequing,8992.87
202512,A27286,investment,222540.21
202512,A27287,investment,640230.75
202512,A27288,card,-3411.11
202512,A27289,investment,79625.7
202512,A27290,investment,445645.66
202512,A27291,investment,540505.03
202512,A27292,lending,10307.47
202512,A27293,chequing,12382.67
202512,A27294,chequing,16419.68
202512,A27295,saving,20433.66
202512,A27296,chequing,0
202512,A27297,investment,574605.69
202512,A27298,mortgage,172581.58
202512,A27299,investment,0
202512,A27300,investment,500233.56
202512,A27301,lending,41837.8
202512,A27302,investment,893222.6
202512,A27303,investment,310644.5
202512,A27304,investment,7976.84
202512,A27305,investment,458279.6
202512,A27306,mortgage,84747.23
202512,A27307,lending,21997.76
202512,A27308,chequing,6777.73
202512,A27309,investment,254479.38
202512,A27310,investment,25098.04
202512,A27311,card,-3661.93
202512,A27312,investment,585818.95
202512,A27313,investment,408641.75
202512,A27314,investment,336294.3
202512,A27315,chequing,6273.94
202512,A27316,lending,24459.56
202512,A27317,investment,2223.16
202512,A27318,investment,238509.63
202512,A27319,investment,50427.99
202512,A27320,investment,873795.31
202512,A27321,card,-1813.29
202512,A27322,lending,13810.16
202512,A27323,chequing,17032.05
202512,A27324,investment,350898.23
202512,A27325,saving,11249.35
202512,A27326,chequing,3910.95
202512,A27327,investment,740041.61
202512,A27328,chequing,17171.07
202512,A27329,chequing,10917.78
202512,A27330,lending,13583.35
202512,A27331,saving,3866.03
202512,A27332,card,0
202512,A27333,investment,256360.95
202512,A27334,saving,29389.3
202512,A27335,lending,0
202512,A27336,investment,490968.56
202512,A27337,card,-1694.07
202512,A27338,card,0
202512,A27339,investment,321187.04
202512,A27340,saving,0
202512,A27341,investment,87837.03
202512,A27342,mortgage,0
202512,A27343,lending,19531.87
202512,A27344,investment,71777.42
202512,A27345,saving,8513.6
202512,A27346,mortgage,0
202512,A27347,investment,0
202512,A27348,saving,17656.45
202512,A27349,saving,6773.19
202512,A27350,lending,29398.24
202512,A27351,investment,23193.9
202512,A27352,mortgage,233756.03
202512,A27353,investment,32979.26
202512,A27354,chequing,9826.19
202512,A27355,card,-4402.71
202512,A27356,investment,708966.4
202512,A27357,investment,0
202512,A27358,mortgage,238908.77
202512,A27359,mortgage,272604.64
202512,A27360,investment,884116.71
202512,A27361,card,-4385.49
202512,A27362,lending,28958.57
202512,A27363,investment,64747.47
202512,A27364,investment,288324.1
202512,A27365,chequing,3987.4
202512,A27366,lending,48612.16
202512,A27367,card,-2386.07
202512,A27368,mortgage,194336.34
202512,A27369,investment,124868.17
202512,A27370,saving,25215.21
202512,A27371,investment,948276.25
202512,A27372,investment,591512.75
202512,A27373,saving,10367.69
202512,A27374,investment,235402.31
202512,A27375,card,-3648.12
202512,A27376,lending,27665.47
202512,A27377,saving,7596.56
202512,A27378,investment,392524.38
202512,A27379,investment,53748.64
202512,A27380,investment,0
202512,A27381,investment,738846.03
202512,A27382,mortgage,335765.83
202512,A27383,investment,1665.78
202512,A27384,card,-3221.37
202512,A27385,saving,5694.14
202512,A27386,card,0
202512,A27387,lending,22630.94
202512,A27388,chequing,1974.39
202512,A27389,card,-3456.13
202512,A27390,investment,893468.92
202512,A27391,chequing,15010.88
202512,A27392,investment,62134.59
202512,A27393,saving,1174.53
202512,A27394,investment,362906.93
202512,A27395,lending,5291.76
202512,A27396,chequing,11030.42
202512,A27397,lending,18950.59
202512,A27398,card,-757.33
202512,A27399,lending,21503.9
202512,A27400,investment,58296.91
202512,A27401,investment,0
202512,A27402,lending,28979.61
202512,A27403,card,-4468.28
202512,A27404,saving,9918.2
202512,A27405,card,-2809.96
202512,A27406,investment,0
202512,A27407,card,-1661.22
202512,A27408,saving,29354.04
202512,A27409,card,-3905.93
202512,A27410,chequing,3049.28
202512,A27411,investment,517687.64
202512,A27412,investment,94900.65
202512,A27413,mortgage,231803.89
202512,A27414,lending,16700.55
202512,A27415,chequing,7483.6
202512,A27416,saving,19427.25
202512,A27417,investment,789842.99
202512,A27418,chequing,5428.96
202512,A27419,chequing,11355.08
202512,A27420,chequing,8405.07
202512,A27421,mortgage,169896.06
202512,A27422,saving,2865.55
202512,A27423,chequing,0
202512,A27424,card,-1282.21
202512,A27425,investment,146807.27
202512,A27426,saving,15187.9
202512,A27427,lending,8839.65
202512,A27428,lending,20468.99
202512,A27429,saving,15363.19
202512,A27430,mortgage,222828.62
202512,A27431,lending,46979.46
202512,A27432,saving,3540.25
202512,A27433,card,-3816.1
202512,A27434,investment,760625.33
202512,A27435,investment,446854.28
202512,A27436,investment,10839.91
202512,A27437,saving,39915.92
202512,A27438,investment,835390.36
202512,A27439,lending,41743.54
202512,A27440,chequing,1418.03
202512,A27441,investment,74691.32
202512,A27442,chequing,1572.77
202512,A27443,investment,308510.9
202512,A27444,saving,4737.33
202512,A27445,mortgage,446397.25
202512,A27446,investment,0
202512,A27447,card,-95.01
202512,A27448,investment,58522.75
202512,A27449,investment,1470.29
202512,A27450,investment,419331
202512,A27451,chequing,1440.41
202512,A27452,investment,25361.43
202512,A27453,investment,56462.51
202512,A27454,mortgage,385046.97
202512,A27455,saving,13691.1
202512,A27456,investment,421928.81
202512,A27457,mortgage,147807.12
202512,A27458,investment,810381.02
202512,A27459,investment,413348.04
202512,A27460,saving,9424.91
202512,A27461,investment,391745.81
202512,A27462,mortgage,355562.82
202512,A27463,investment,753139.81
202512,A27464,investment,961650.97
202512,A27465,saving,14679.87
202512,A27466,investment,755899.05
202512,A27467,investment,532743.74
202512,A27468,mortgage,0
202512,A27469,chequing,14321.5
202512,A27470,investment,950282.07
202512,A27471,investment,218707.38
202512,A27472,mortgage,0
202512,A27473,lending,14784.61
202512,A27474,saving,19772.81
202512,A27475,saving,18334.72
202512,A27476,card,-1414.98
202512,A27477,mortgage,131678.25
202512,A27478,saving,18491.1
202512,A27479,saving,41416.3
202512,A27480,chequing,18351.99
202512,A27481,mortgage,126222.49
202512,A27482,card,-2836.5
202512,A27483,saving,11848.92
202512,A27484,investment,141321.74
202512,A27485,investment,361081.26
202512,A27486,investment,937570
202512,A27487,saving,15146.43
202512,A27488,investment,726961.78
202512,A27489,mortgage,0
202512,A27490,investment,545197.44
202512,A27491,investment,0
202512,A27492,saving,3836.3
202512,A27493,investment,386329.03
202512,A27494,mortgage,404048.71
202512,A27495,investment,346028.13
202512,A27496,investment,418785.83
202512,A27497,card,-4832.85
202512,A27498,lending,27709.23
202512,A27499,lending,8853.16
202512,A27500,chequing,6592.51
202512,A27501,investment,916785.32
202512,A27502,card,0
202512,A27503,investment,0
202512,A27504,investment,0
202512,A27505,investment,0
202512,A27506,card,-1932.42
202512,A27507,investment,0
202512,A27508,investment,874128.8
202512,A27509,mortgage,282580.04
202512,A27510,chequing,6953.44
202512,A27511,mortgage,427405.54
202512,A27512,investment,401670.36
202512,A27513,investment,583381.5
202512,A27514,investment,10877.17
202512,A27515,investment,28402.59
202512,A27516,lending,15062.18
202512,A27517,saving,12621.81
202512,A27518,card,-214.44
202512,A27519,saving,4965.3
202512,A27520,saving,17355.07
202512,A27521,saving,11209.42
202512,A27522,card,-1390.35
202512,A27523,investment,300222.43
202512,A27524,chequing,840.08
202512,A27525,chequing,13816.22
202512,A27526,investment,21633.89
202512,A27527,chequing,13210.29
202512,A27528,investment,0
202512,A27529,card,-4854.11
202512,A27530,investment,915387.34
202512,A27531,investment,469069.45
202512,A27532,lending,39308.92
202512,A27533,investment,208459.75
202512,A27534,investment,202908.08
202512,A27535,card,-1440.09
202512,A27536,investment,947066.2
202512,A27537,mortgage,454838.8
202512,A27538,saving,19013.26
202512,A27539,card,-856.49
202512,A27540,investment,45427.04
202512,A27541,saving,6168.17
202512,A27542,saving,3149.52
202512,A27543,saving,7338.53
202512,A27544,saving,16875.2
202512,A27545,lending,0
202512,A27546,investment,995966.25
202512,A27547,investment,931870.96
202512,A27548,investment,859698.43
202512,A27549,mortgage,309754.86
202512,A27550,investment,832166.96
202512,A27551,investment,71950.96
202512,A27552,saving,16295.65
202512,A27553,chequing,7404.09
202512,A27554,investment,709971
202512,A27555,investment,948712.06
202512,A27556,investment,274755.26
202512,A27557,saving,1553.9
202512,A27558,investment,606854.22
202512,A27559,lending,13511
202512,A27560,investment,553894.65
202512,A27561,lending,22350.29
202512,A27562,saving,40402.66
202512,A27563,card,-3389.76
202512,A27564,investment,426834.77
202512,A27565,mortgage,145463.56
202512,A27566,lending,41802.78
202512,A27567,saving,9301.93
202512,A27568,card,-2967.02
202512,A27569,investment,358758.92
202512,A27570,saving,10428.6
202512,A27571,chequing,0
202512,A27572,lending,3863.56
202512,A27573,saving,15964.31
202512,A27574,investment,688164.05
202512,A27575,lending,31556.31
202512,A27576,investment,522129.25
202512,A27577,saving,18326.72
202512,A27578,investment,755886.82
202512,A27579,saving,8086.61
202512,A27580,saving,15606.97
202512,A27581,saving,13614.89
202512,A27582,card,-2604.57
202512,A27583,investment,158569.57
202512,A27584,investment,668590.21
202512,A27585,saving,1601.86
202512,A27586,saving,0
202512,A27587,mortgage,139378.7
202512,A27588,investment,348260.19
202512,A27589,investment,297281.68
202512,A27590,investment,0
202512,A27591,chequing,5475.11
202512,A27592,card,-3865.79
202512,A27593,lending,13261.55
202512,A27594,investment,846278.19
202512,A27595,investment,844401.9
202512,A27596,investment,781640.09
202512,A27597,lending,3062.34
202512,A27598,saving,14161.15
202512,A27599,chequing,16344.43
202512,A27600,investment,507478.87
202512,A27601,saving,39513.23
202512,A27602,mortgage,443472.62
202512,A27603,saving,19452.53
202512,A27604,chequing,19163.16
202512,A27605,chequing,5635.09
202512,A27606,investment,275993.42
202512,A27607,saving,1603.57
202512,A27608,chequing,18473.13
202512,A27609,chequing,6861.08
202512,A27610,investment,357013.1
202512,A27611,chequing,7362.89
202512,A27612,investment,0
202512,A27613,lending,35003.37
202512,A27614,card,-2970.54
202512,A27615,investment,70179.11
202512,A27616,lending,23343.35
202512,A27617,chequing,18357.58
202512,A27618,chequing,13668.52
202512,A27619,investment,536148.53
202512,A27620,card,-1162.69
202512,A27621,investment,77191.96
202512,A27622,lending,35572.04
202512,A27623,investment,224035
202512,A27624,chequing,17544.94
202512,A27625,investment,808824.55
202512,A27626,investment,543596.79
202512,A27627,saving,9394.11
202512,A27628,chequing,9505.47
202512,A27629,saving,10363.19
202512,A27630,chequing,9449.61
202512,A27631,investment,0
202512,A27632,investment,707722.84
202512,A27633,investment,572164.12
202512,A27634,investment,7939.62
202512,A27635,investment,0
202512,A27636,lending,23742.84
202512,A27637,investment,0
202512,A27638,chequing,16475.07
202512,A27639,saving,17816.02
202512,A27640,chequing,7513.59
202512,A27641,chequing,0
202512,A27642,mortgage,381775.77
202512,A27643,chequing,8212.29
202512,A27644,investment,527148.9
202512,A27645,card,-1920.63
202512,A27646,investment,730379.01
202512,A27647,saving,2131.14
202512,A27648,investment,482500.13
202512,A27649,saving,14372.75
202512,A27650,investment,117385.38
202512,A27651,investment,119058.55
202512,A27652,mortgage,370980.61
202512,A27653,lending,22368.22
202512,A27654,chequing,9621.75
202512,A27655,investment,464623.46
202512,A27656,card,-2982.48
202512,A27657,investment,528779.35
202512,A27658,lending,22129.19
202512,A27659,investment,298129.11
202512,A27660,investment,234123.01
202512,A27661,saving,9721.92
202512,A27662,chequing,5019.83
202512,A27663,card,-2811.53
202512,A27664,investment,642346.9
202512,A27665,investment,25304.11
202512,A27666,mortgage,399296.12
202512,A27667,investment,786307.07
202512,A27668,chequing,6690.32
202512,A27669,chequing,2573.44
202512,A27670,investment,56646.97
202512,A27671,card,-1074.97
202512,A27672,card,-982.16
202512,A27673,mortgage,0
202512,A27674,lending,0
202512,A27675,mortgage,333338.53
202512,A27676,card,-968.38
202512,A27677,saving,30256.51
202512,A27678,investment,590885.25
202512,A27679,card,-4787.11
202512,A27680,saving,7015.72
202512,A27681,investment,179498.78
202512,A27682,investment,21627.34
202512,A27683,card,-1584.23
202512,A27684,investment,480178.91
202512,A27685,investment,607351.11
202512,A27686,saving,8063.99
202512,A27687,lending,25170.85
202512,A27688,investment,876901.37
202512,A27689,lending,37083.5
202512,A27690,investment,883640.65
202512,A27691,investment,294720.05
202512,A27692,investment,809729.41
202512,A27693,chequing,19336.49
202512,A27694,investment,735393.54
202512,A27695,investment,534948.39
202512,A27696,investment,884869.91
202512,A27697,chequing,9831.39
202512,A27698,saving,0
202512,A27699,investment,638230.02
202512,A27700,chequing,0
202512,A27701,lending,39301.5
202512,A27702,card,-1709.51
202512,A27703,saving,19128.1
202512,A27704,investment,38403.23
202512,A27705,investment,94575.73
202512,A27706,mortgage,0
202512,A27707,investment,53766.93
202512,A27708,card,-443.88
202512,A27709,investment,821220.24
202512,A27710,mortgage,50400.49
202512,A27711,investment,31987.49
202512,A27712,lending,35021.23
202512,A27713,mortgage,50189.47
202512,A27714,investment,89045.44
202512,A27715,investment,996809.44
202512,A27716,saving,18404.41
202512,A27717,chequing,2409.18
202512,A27718,card,-4102.52
202512,A27719,investment,19702.01
202512,A27720,investment,85584.5
202512,A27721,saving,0
202512,A27722,investment,605353.29
202512,A27723,chequing,16621.9
202512,A27724,mortgage,304559.74
202512,A27725,investment,69343.91
202512,A27726,lending,37534.07
202512,A27727,lending,10495.74
202512,A27728,investment,320806.41
202512,A27729,card,-3995.66
202512,A27730,chequing,0
202512,A27731,saving,15181.15
202512,A27732,chequing,0
202512,A27733,card,-1120.62
202512,A27734,chequing,0
202512,A27735,saving,14126.21
202512,A27736,investment,297566.27
202512,A27737,mortgage,380657.35
202512,A27738,investment,922581.85
202512,A27739,saving,17092.29
202512,A27740,lending,45670.23
202512,A27741,saving,3907.49
202512,A27742,investment,82806.02
202512,A27743,investment,49294.24
202512,A27744,investment,52371.64
202512,A27745,investment,799939.72
202512,A27746,saving,17920.59
202512,A27747,investment,557305.58
202512,A27748,card,-4543.97
202512,A27749,card,-3288.91
202512,A27750,chequing,0
202512,A27751,card,-1923.64
202512,A27752,lending,10977.01
202512,A27753,lending,31172.78
202512,A27754,mortgage,269071.92
202512,A27755,saving,0
202512,A27756,chequing,888.27
202512,A27757,chequing,15062.43
202512,A27758,card,-2411.14
202512,A27759,card,-284.79
202512,A27760,saving,38263.2
202512,A27761,saving,19848.24
202512,A27762,investment,65118.8
202512,A27763,lending,25920.79
202512,A27764,card,-2704.96
202512,A27765,mortgage,127009.63
202512,A27766,investment,829558.98
202512,A27767,investment,174048.25
202512,A27768,investment,0
202512,A27769,investment,522166.41
202512,A27770,investment,842589.95
202512,A27771,saving,9029.84
202512,A27772,card,-469.59
202512,A27773,investment,59552.48
202512,A27774,mortgage,242514.98
202512,A27775,saving,9144.17
202512,A27776,saving,2052.92
202512,A27777,investment,485712.9
202512,A27778,saving,5971.66
202512,A27779,lending,28611.84
202512,A27780,card,-688.27
202512,A27781,chequing,7268.99
202512,A27782,investment,682152.2
202512,A27783,saving,14767.22
202512,A27784,lending,11533.05
202512,A27785,investment,190541.85
202512,A27786,mortgage,415954.97
202512,A27787,investment,639737.02
202512,A27788,investment,78939.49
202512,A27789,card,-4044.46
202512,A27790,investment,454836.69
202512,A27791,investment,54917.18
202512,A27792,investment,64029.88
202512,A27793,saving,17238.29
202512,A27794,card,-2921.12
202512,A27795,investment,149245.46
202512,A27796,chequing,8439.74
202512,A27797,lending,20188.39
202512,A27798,investment,95199.06
202512,A27799,chequing,19710.2
202512,A27800,card,-2273.37
202512,A27801,investment,23797.27
202512,A27802,chequing,19367.14
202512,A27803,mortgage,158107.19
202512,A27804,investment,361754.18
202512,A27805,investment,870892.95
202512,A27806,investment,126303.29
202512,A27807,investment,895719.91
202512,A27808,mortgage,411334.19
202512,A27809,mortgage,150972.37
202512,A27810,investment,258749.29
202512,A27811,chequing,5495.29
202512,A27812,investment,436985.78
202512,A27813,mortgage,0
202512,A27814,mortgage,472428.3
202512,A27815,saving,15995.83
202512,A27816,investment,429467.79
202512,A27817,saving,18829.04
202512,A27818,saving,10280.74
202512,A27819,chequing,10196.49
202512,A27820,investment,150264.74
202512,A27821,investment,0
202512,A27822,lending,13959.91
202512,A27823,investment,692317.78
202512,A27824,investment,550937.81
202512,A27825,mortgage,425070.53
202512,A27826,chequing,1433.04
202512,A27827,investment,84636.94
202512,A27828,lending,46743.74
202512,A27829,investment,992433.3
202512,A27830,saving,18045.54
202512,A27831,investment,496229.27
202512,A27832,chequing,14300.96
202512,A27833,mortgage,309862.09
202512,A27834,investment,356980.51
202512,A27835,investment,130196.36
202512,A27836,card,-820.06
202512,A27837,mortgage,329437.26
202512,A27838,investment,112965.7
202512,A27839,chequing,7662.15
202512,A27840,chequing,5463.64
202512,A27841,chequing,18679.79
202512,A27842,lending,4332.52
202512,A27843,chequing,12620.9
202512,A27844,chequing,18757.06
202512,A27845,lending,0
202512,A27846,chequing,10670.95
202512,A27847,chequing,4340.07
202512,A27848,card,-1132.52
202512,A27849,card,-4005.98
202512,A27850,mortgage,238278.12
202512,A27851,chequing,14755.42
202512,A27852,saving,17173.81
202512,A27853,saving,7004.54
202512,A27854,investment,97685.35
202512,A27855,investment,686928.47
202512,A27856,investment,0
202512,A27857,mortgage,196552.89
202512,A27858,card,-146.97
202512,A27859,chequing,0
202512,A27860,chequing,5635.94
202512,A27861,chequing,6855.02
202512,A27862,card,-333.02
202512,A27863,chequing,16665.7
202512,A27864,card,-4724.6
202512,A27865,mortgage,73706.8
202512,A27866,lending,23376.52
202512,A27867,investment,659942.07
202512,A27868,investment,8324.25
202512,A27869,card,-75.28
202512,A27870,lending,14486.1
202512,A27871,investment,163744.89
202512,A27872,investment,509593.44
202512,A27873,investment,791179.39
202512,A27874,saving,0
202512,A27875,investment,886218.35
202512,A27876,investment,171798.57
202512,A27877,investment,9334.35
202512,A27878,card,-3601.86
202512,A27879,mortgage,94538.55
202512,A27880,chequing,0
202512,A27881,investment,672721.45
202512,A27882,card,-4356.06
202512,A27883,investment,634914.48
202512,A27884,investment,479841.64
202512,A27885,chequing,4573.14
202512,A27886,chequing,9801.16
202512,A27887,investment,335667.7
202512,A27888,card,-638.23
202512,A27889,mortgage,364894.26
202512,A27890,investment,904147.79
202512,A27891,lending,49043.22
202512,A27892,investment,540909.43
202512,A27893,investment,301121.43
202512,A27894,saving,4458.8
202512,A27895,investment,337823.99
202512,A27896,lending,0
202512,A27897,chequing,11717.36
202512,A27898,chequing,6322.04
202512,A27899,chequing,1763.05
202512,A27900,chequing,136.52
202512,A27901,saving,38492.58
202512,A27902,lending,7496.42
202512,A27903,investment,525307.16
202512,A27904,chequing,4791.22
202512,A27905,investment,895821.5
202512,A27906,chequing,2582.67
202512,A27907,saving,0
202512,A27908,investment,504406.95
202512,A27909,card,-547.43
202512,A27910,mortgage,0
202512,A27911,investment,70124.88
202512,A27912,investment,85530.64
202512,A27913,mortgage,319782.89
202512,A27914,saving,22814.54
202512,A27915,lending,18339.49
202512,A27916,mortgage,0
202512,A27917,investment,507854.61
202512,A27918,investment,59128.1
202512,A27919,investment,888218.83
202512,A27920,investment,687130.51
202512,A27921,investment,999171.59
202512,A27922,chequing,18869.39
202512,A27923,investment,978700.1
202512,A27924,mortgage,461817.53
202512,A27925,mortgage,247310.55
202512,A27926,card,-4852.21
202512,A27927,investment,0
202512,A27928,saving,5858.9
202512,A27929,card,-2633.71
202512,A27930,lending,45980.7
202512,A27931,investment,623367.48
202512,A27932,investment,793881.83
202512,A27933,chequing,7437.58
202512,A27934,chequing,0
202512,A27935,investment,0
202512,A27936,lending,47967.58
202512,A27937,chequing,13198.83
202512,A27938,lending,1882.97
202512,A27939,card,-3651.72
202512,A27940,card,-4286.63
202512,A27941,chequing,8332.75
202512,A27942,chequing,8111.06
202512,A27943,saving,22738.28
202512,A27944,investment,0
202512,A27945,lending,37351.6
202512,A27946,chequing,2147.83
202512,A27947,investment,329497.61
202512,A27948,investment,4146.87
202512,A27949,investment,804065
202512,A27950,chequing,8827.13
202512,A27951,lending,9304.6
202512,A27952,chequing,6503.82
202512,A27953,card,-1009.29
202512,A27954,saving,25823.87
202512,A27955,investment,58823.86
202512,A27956,investment,627632.92
202512,A27957,mortgage,469388.2
202512,A27958,chequing,11330.9
202512,A27959,investment,213878.94
202512,A27960,chequing,7918.72
202512,A27961,lending,23022.21
202512,A27962,investment,618635.09
202512,A27963,investment,0
202512,A27964,card,-1748.9
202512,A27965,investment,489341.44
202512,A27966,saving,2682.28
202512,A27967,investment,332090.96
202512,A27968,lending,6169.72
202512,A27969,mortgage,466518.81
202512,A27970,lending,4031.2
202512,A27971,saving,4597.1
202512,A27972,investment,0
202512,A27973,mortgage,0
202512,A27974,chequing,8495.87
202512,A27975,investment,483842.15
202512,A27976,investment,516248.87
202512,A27977,investment,695646.03
202512,A27978,lending,46440.66
202512,A27979,mortgage,383236.15
202512,A27980,saving,8719.42
202512,A27981,chequing,3358.18
202512,A27982,card,-632.59
202512,A27983,investment,546350.03
202512,A27984,mortgage,60795.4
202512,A27985,chequing,5624.48
202512,A27986,lending,47949.52
202512,A27987,mortgage,257991.54
202512,A27988,chequing,425.71
202512,A27989,investment,58387.09
202512,A27990,investment,245048.05
202512,A27991,chequing,8858.02
202512,A27992,chequing,7538.67
202512,A27993,chequing,5414.22
202512,A27994,investment,954279.77
202512,A27995,investment,17988.81
202512,A27996,investment,847396.73
202512,A27997,chequing,6628.55
202512,A27998,mortgage,354888.43
202512,A27999,investment,71626.11
202512,A28000,saving,0
202512,A28001,card,-1272.79
202512,A28002,saving,5954.77
202512,A28003,saving,37381.24
202512,A28004,lending,15891.9
202512,A28005,investment,827121.89
202512,A28006,saving,29436.56
202512,A28007,lending,7424.83
202512,A28008,chequing,5289.53
202512,A28009,lending,39822.63
202512,A28010,investment,243940.4
202512,A28011,saving,861.45
202512,A28012,saving,0
202512,A28013,investment,0
202512,A28014,chequing,5668.39
202512,A28015,lending,22542.71
202512,A28016,investment,0
202512,A28017,lending,8165.82
202512,A28018,lending,0
202512,A28019,chequing,1591.51
202512,A28020,mortgage,0
202512,A28021,investment,0
202512,A28022,investment,524459.95
202512,A28023,investment,8151.8
202512,A28024,investment,546290.29
202512,A28025,investment,0
202512,A28026,card,-3777.02
202512,A28027,saving,7832.42
202512,A28028,investment,901664.99
202512,A28029,mortgage,451987.27
202512,A28030,card,-4699.38
202512,A28031,card,-2852.58
202512,A28032,chequing,10017.3
202512,A28033,chequing,15548.17
202512,A28034,investment,422711.52
202512,A28035,mortgage,440936.9
202512,A28036,mortgage,309133.68
202512,A28037,lending,39900.69
202512,A28038,card,-771.67
202512,A28039,chequing,3470.07
202512,A28040,mortgage,348719.35
202512,A28041,chequing,7124.31
202512,A28042,chequing,0
202512,A28043,chequing,6398.81
202512,A28044,card,-2834.24
202512,A28045,mortgage,257665.63
202512,A28046,investment,620373.1
202512,A28047,investment,909943.39
202512,A28048,saving,11052.9
202512,A28049,lending,45725.78
202512,A28050,investment,308293.78
202512,A28051,mortgage,330322.17
202512,A28052,chequing,9123.09
202512,A28053,card,-3114.32
202512,A28054,chequing,7371.77
202512,A28055,lending,24704.87
202512,A28056,saving,13671.57
202512,A28057,card,-1259.12
202512,A28058,chequing,4623.38
202512,A28059,chequing,15919.13
202512,A28060,saving,11498.68
202512,A28061,investment,7405.51
202512,A28062,investment,452247.83
202512,A28063,investment,88033.95
202512,A28064,chequing,0
202512,A28065,investment,0
202512,A28066,card,-3598.12
202512,A28067,chequing,0
202512,A28068,chequing,0
202512,A28069,saving,11103.2
202512,A28070,card,-1491.42
202512,A28071,mortgage,309313.82
202512,A28072,investment,688977.58
202512,A28073,mortgage,142800.76
202512,A28074,mortgage,109927.11
202512,A28075,chequing,7287.49
202512,A28076,saving,46333.4
202512,A28077,mortgage,235420.88
202512,A28078,investment,629194.54
202512,A28079,saving,41795.39
202512,A28080,investment,286663.5
202512,A28081,investment,88154.28
202512,A28082,investment,323077.08
202512,A28083,investment,220968.84
202512,A28084,card,-3899.92
202512,A28085,investment,418547.13
202512,A28086,investment,909430.58
202512,A28087,investment,0
202512,A28088,saving,12545.86
202512,A28089,chequing,471.9
202512,A28090,card,-4840.36
202512,A28091,card,-4872.27
202512,A28092,card,-2993.9
202512,A28093,investment,29698.22
202512,A28094,investment,0
202512,A28095,lending,9002.58
202512,A28096,saving,589.25
202512,A28097,saving,15985.66
202512,A28098,lending,35996.88
202512,A28099,mortgage,198411.79
202512,A28100,investment,938466.29
202512,A28101,investment,277441.25
202512,A28102,mortgage,475099.63
202512,A28103,saving,11862.61
202512,A28104,card,-1820.34
202512,A28105,chequing,16525.18
202512,A28106,saving,0
202512,A28107,investment,350971.59
202512,A28108,investment,589441.35
202512,A28109,investment,98340.31
202512,A28110,chequing,0
202512,A28111,saving,18717.77
202512,A28112,investment,111101.4
202512,A28113,saving,17906.1
202512,A28114,mortgage,109922.19
202512,A28115,mortgage,209237.58
202512,A28116,investment,0
202512,A28117,lending,0
202512,A28118,investment,32782.14
202512,A28119,saving,14923.61
202512,A28120,lending,46231.67
202512,A28121,chequing,19973.69
202512,A28122,saving,11754.72
202512,A28123,saving,6502.65
202512,A28124,mortgage,91972.69
202512,A28125,investment,938476.42
202512,A28126,lending,35888.88
202512,A28127,card,-3366.32
202512,A28128,lending,28152.97
202512,A28129,card,-4736.98
202512,A28130,investment,76725.93
202512,A28131,saving,11978.27
202512,A28132,chequing,5173.09
202512,A28133,saving,28436.3
202512,A28134,investment,753248.88
202512,A28135,investment,42674.87
202512,A28136,saving,12765.18
202512,A28137,investment,254647.74
202512,A28138,chequing,6282.05
202512,A28139,saving,6184.66
202512,A28140,investment,295139.3
202512,A28141,saving,17572.16
202512,A28142,card,-352.1
202512,A28143,chequing,14226.19
202512,A28144,mortgage,359828.77
202512,A28145,chequing,334.91
202512,A28146,lending,40144.53
202512,A28147,saving,6006.84
202512,A28148,mortgage,254318.95
202512,A28149,saving,15350.87
202512,A28150,chequing,0
202512,A28151,saving,15980.07
202512,A28152,investment,46387.89
202512,A28153,chequing,6605.81
202512,A28154,lending,15057.33
202512,A28155,saving,6401.66
202512,A28156,investment,79007.64
202512,A28157,investment,496574.97
202512,A28158,saving,8059.14
202512,A28159,investment,691694.58
202512,A28160,saving,0
202512,A28161,investment,57047.03
202512,A28162,investment,961610.58
202512,A28163,card,-4838.72
202512,A28164,investment,919232.51
202512,A28165,chequing,17415.74
202512,A28166,chequing,6248.18
202512,A28167,lending,38428.8
202512,A28168,chequing,15055.86
202512,A28169,investment,585415.53
202512,A28170,chequing,5226.3
202512,A28171,card,-1284.21
202512,A28172,mortgage,149719.52
202512,A28173,investment,0
202512,A28174,lending,26057.32
202512,A28175,card,-110.42
202512,A28176,investment,310974.48
202512,A28177,card,-785.02
202512,A28178,investment,583805.05
202512,A28179,lending,3524.37
202512,A28180,investment,0
202512,A28181,investment,724740.58
202512,A28182,saving,0
202512,A28183,saving,15860.02
202512,A28184,saving,9734.5
202512,A28185,card,-3429.72
202512,A28186,chequing,6235.98
202512,A28187,lending,17489.87
202512,A28188,saving,12242.04
202512,A28189,chequing,7093.15
202512,A28190,investment,927109.67
202512,A28191,saving,6867.32
202512,A28192,chequing,10433.08
202512,A28193,card,-147.49
202512,A28194,chequing,7505.13
202512,A28195,investment,978800.89
202512,A28196,investment,729243.81
202512,A28197,card,-2085.83
202512,A28198,mortgage,230698.41
202512,A28199,mortgage,92683.43
202512,A28200,chequing,4693.33
202512,A28201,mortgage,68781.31
202512,A28202,investment,31944.77
202512,A28203,saving,0
202512,A28204,saving,18824.37
202512,A28205,chequing,6848.1
202512,A28206,saving,2008.98
202512,A28207,lending,21786.95
202512,A28208,investment,43007.63
202512,A28209,chequing,0
202512,A28210,investment,454282.95
202512,A28211,investment,6863.59
202512,A28212,chequing,5279.35
202512,A28213,mortgage,72834.61
202512,A28214,investment,120062.47
202512,A28215,investment,984151.05
202512,A28216,mortgage,369000.4
202512,A28217,investment,831436.61
202512,A28218,mortgage,0
202512,A28219,investment,335186.22
202512,A28220,saving,15119.08
202512,A28221,investment,261798.69
202512,A28222,mortgage,494761.35
202512,A28223,saving,39670.45
202512,A28224,card,-3585.06
202512,A28225,investment,107172.83
202512,A28226,investment,0
202512,A28227,investment,169766.54
202512,A28228,investment,168565.17
202512,A28229,saving,0
202512,A28230,lending,42319.99
202512,A28231,investment,0
202512,A28232,investment,18115.44
202512,A28233,investment,615495.82
202512,A28234,investment,205106.37
202512,A28235,saving,34220.2
202512,A28236,chequing,13915.06
202512,A28237,investment,846171.07
202512,A28238,saving,46943.67
202512,A28239,investment,93702.81
202512,A28240,investment,428592.26
202512,A28241,investment,428824.22
202512,A28242,chequing,16520.79
202512,A28243,chequing,8230.26
202512,A28244,saving,2953.01
202512,A28245,investment,272610.41
202512,A28246,investment,0
202512,A28247,chequing,9752.23
202512,A28248,card,-4509.56
202512,A28249,investment,0
202512,A28250,chequing,3923.41
202512,A28251,investment,1406.68
202512,A28252,investment,255090.13
202512,A28253,card,-2329.52
202512,A28254,investment,845197.23
202512,A28255,lending,48043.39
202512,A28256,investment,28021.94
202512,A28257,investment,395004.12
202512,A28258,chequing,4422.27
202512,A28259,investment,71224.44
202512,A28260,lending,27944.11
202512,A28261,mortgage,140496.5
202512,A28262,investment,212100.46
202512,A28263,saving,17114.34
202512,A28264,investment,679330.95
202512,A28265,investment,22109
202512,A28266,investment,887223.69
202512,A28267,investment,165118.72
202512,A28268,chequing,5283.16
202512,A28269,mortgage,192872.98
202512,A28270,investment,0
202512,A28271,chequing,0
202512,A28272,investment,711473.78
202512,A28273,card,-4665.68
202512,A28274,card,-4441.52
202512,A28275,investment,0
202512,A28276,chequing,16473.57
202512,A28277,investment,400427.48
202512,A28278,investment,802381.64
202512,A28279,investment,846357.58
202512,A28280,saving,0
202512,A28281,card,-4262.45
202512,A28282,investment,373806.29
202512,A28283,investment,463437.11
202512,A28284,investment,856567.23
202512,A28285,saving,10128.64
202512,A28286,mortgage,199052.47
202512,A28287,investment,494728.88
202512,A28288,chequing,13291.75
202512,A28289,card,-4043.38
202512,A28290,investment,409255.55
202512,A28291,lending,48142.38
202512,A28292,chequing,861.78
202512,A28293,saving,47711.94
202512,A28294,lending,12858.05
202512,A28295,chequing,3388.45
202512,A28296,lending,18308.72
202512,A28297,investment,662497.47
202512,A28298,chequing,4335.41
202512,A28299,investment,920911.58
202512,A28300,investment,351701.53
202512,A28301,investment,147179.38
202512,A28302,investment,0
202512,A28303,chequing,4433.9
202512,A28304,chequing,9059.09
202512,A28305,saving,18530.61
202512,A28306,saving,2931.64
202512,A28307,saving,33312.03
202512,A28308,card,-1140.22
202512,A28309,mortgage,223283.57
202512,A28310,investment,367777.13
202512,A28311,investment,239263.62
202512,A28312,investment,437852.92
202512,A28313,investment,332456.17
202512,A28314,investment,102459.48
202512,A28315,card,-3293.93
202512,A28316,mortgage,184062.29
202512,A28317,card,-3707.41
202512,A28318,chequing,13232.79
202512,A28319,mortgage,133277.61
202512,A28320,investment,359008.27
202512,A28321,lending,45195.19
202512,A28322,lending,10526.67
202512,A28323,saving,16892.79
202512,A28324,chequing,14586.95
202512,A28325,investment,35888.87
202512,A28326,saving,14285.26
202512,A28327,investment,676934
202512,A28328,investment,716668.64
202512,A28329,mortgage,497226.6
202512,A28330,mortgage,321834.19
202512,A28331,lending,0
202512,A28332,mortgage,0
202512,A28333,chequing,17543.79
202512,A28334,investment,309673.79
202512,A28335,card,0
202512,A28336,investment,368156.75
202512,A28337,investment,479688.25
202512,A28338,chequing,14202.97
202512,A28339,chequing,14646.75
202512,A28340,chequing,1653.59
202512,A28341,mortgage,0
202512,A28342,chequing,4758.75
202512,A28343,chequing,5616.73
202512,A28344,lending,43846.03
202512,A28345,card,-478.43
202512,A28346,lending,20026.73
202512,A28347,lending,6569.01
202512,A28348,chequing,8907.69
202512,A28349,saving,1308.28
202512,A28350,card,-3381.61
202512,A28351,chequing,260.48
202512,A28352,mortgage,0
202512,A28353,lending,48710.37
202512,A28354,card,-4672.94
202512,A28355,lending,43672.27
202512,A28356,chequing,8502
202512,A28357,saving,16696.15
202512,A28358,investment,511772.78
202512,A28359,investment,301619.88
202512,A28360,lending,15714.13
202512,A28361,investment,16292.78
202512,A28362,investment,577942
202512,A28363,card,-1331.9
202512,A28364,mortgage,348202.6
202512,A28365,chequing,5940.93
202512,A28366,chequing,4884.61
202512,A28367,investment,70350.08
202512,A28368,card,-635.13
202512,A28369,mortgage,416397.9
202512,A28370,investment,966943.8
202512,A28371,saving,5079.24
202512,A28372,chequing,18865.97
202512,A28373,chequing,9784.39
202512,A28374,investment,785616.46
202512,A28375,lending,17475.09
202512,A28376,investment,0
202512,A28377,investment,0
202512,A28378,saving,18073.16
202512,A28379,investment,234273.19
202512,A28380,saving,25113.23
202512,A28381,investment,82813.93
202512,A28382,lending,0
202512,A28383,investment,0
202512,A28384,lending,18838.27
202512,A28385,lending,2112.74
202512,A28386,investment,277275.07
202512,A28387,chequing,6907.73
202512,A28388,saving,30483.28
202512,A28389,saving,14040.93
202512,A28390,lending,12397.1
202512,A28391,mortgage,68956.81
202512,A28392,investment,0
202512,A28393,saving,17168.27
202512,A28394,investment,732513.18
202512,A28395,card,-524.26
202512,A28396,investment,312849.53
202512,A28397,saving,10190.97
202512,A28398,saving,0
202512,A28399,investment,418949.15
202512,A28400,investment,83285.07
202512,A28401,investment,36133.04
202512,A28402,chequing,6553.49
202512,A28403,investment,396176.45
202512,A28404,chequing,6924.51
202512,A28405,investment,0
202512,A28406,saving,6088.64
202512,A28407,investment,0
202512,A28408,investment,198134.78
202512,A28409,investment,424165.9
202512,A28410,mortgage,395906.02
202512,A28411,investment,432777.35
202512,A28412,investment,547727.47
202512,A28413,mortgage,120930.56
202512,A28414,investment,53230.64
202512,A28415,investment,0
202512,A28416,investment,49056.78
202512,A28417,mortgage,52930.87
202512,A28418,saving,4589.83
202512,A28419,saving,4573.57
202512,A28420,investment,434398.83
202512,A28421,investment,84380.27
202512,A28422,investment,98829.19
202512,A28423,investment,57262.68
202512,A28424,investment,579533.01
202512,A28425,investment,754199.59
202512,A28426,lending,29249.75
202512,A28427,lending,2350.83
202512,A28428,mortgage,209957.93
202512,A28429,investment,246633.22
202512,A28430,mortgage,408173.94
202512,A28431,investment,31237.75
202512,A28432,chequing,9389.88
202512,A28433,lending,43227.24
202512,A28434,lending,1766.27
202512,A28435,card,-1159.35
202512,A28436,card,-2791.98
202512,A28437,saving,0
202512,A28438,chequing,10647.3
202512,A28439,investment,0
202512,A28440,saving,3316.39
202512,A28441,chequing,11867
202512,A28442,saving,0
202512,A28443,saving,34681.96
202512,A28444,investment,181251.84
202512,A28445,investment,200742.96
202512,A28446,investment,986882.35
202512,A28447,chequing,0
202512,A28448,card,-1198.34
202512,A28449,chequing,6311.68
202512,A28450,mortgage,113192.19
202512,A28451,investment,22782.11
202512,A28452,investment,654326.66
202512,A28453,lending,49281.06
202512,A28454,chequing,18887.45
202512,A28455,chequing,0
202512,A28456,lending,22186.35
202512,A28457,investment,975923.07
202512,A28458,saving,9649.7
202512,A28459,investment,771065.74
202512,A28460,mortgage,212093.82
202512,A28461,investment,0
202512,A28462,chequing,9987.81
202512,A28463,saving,18848.58
202512,A28464,card,-1727.13
202512,A28465,saving,6568.35
202512,A28466,chequing,451.4
202512,A28467,investment,59051.48
202512,A28468,saving,13174.17
202512,A28469,investment,56724.68
202512,A28470,investment,84942.63
202512,A28471,card,-1928.1
202512,A28472,chequing,2388.51
202512,A28473,card,-2680.62
202512,A28474,investment,510007.81
202512,A28475,card,-341.03
202512,A28476,chequing,3518.54
202512,A28477,lending,27384.31
202512,A28478,chequing,206.67
202512,A28479,investment,0
202512,A28480,lending,33958.23
202512,A28481,investment,544007.53
202512,A28482,investment,296700.47
202512,A28483,saving,0
202512,A28484,mortgage,482603.48
202512,A28485,investment,509640.6
202512,A28486,chequing,9654.35
202512,A28487,investment,453239.65
202512,A28488,investment,484893.05
202512,A28489,saving,6465.64
202512,A28490,investment,747548.09
202512,A28491,chequing,8062.65
202512,A28492,saving,17825.69
202512,A28493,chequing,9662.5
202512,A28494,investment,732445.58
202512,A28495,card,-1871.95
202512,A28496,lending,18151.87
202512,A28497,saving,15877.21
202512,A28498,chequing,13893.48
202512,A28499,investment,183236.07
202512,A28500,investment,570947.74
202512,A28501,investment,579052.21
202512,A28502,mortgage,0
202512,A28503,chequing,1463.31
202512,A28504,investment,6679.76
202512,A28505,investment,593300.64
202512,A28506,investment,799914.31
202512,A28507,investment,227111.31
202512,A28508,card,-2642.69
202512,A28509,card,0
202512,A28510,investment,13533.45
202512,A28511,chequing,10226.78
202512,A28512,chequing,6363.34
202512,A28513,investment,293478.54
202512,A28514,lending,29582.19
202512,A28515,saving,3566.64
202512,A28516,investment,24696.68
202512,A28517,investment,602167.61
202512,A28518,saving,25890.48
202512,A28519,investment,229411.65
202512,A28520,mortgage,84065.79
202512,A28521,chequing,0
202512,A28522,chequing,965.68
202512,A28523,investment,535981.49
202512,A28524,lending,31751.07
202512,A28525,investment,312193.4
202512,A28526,saving,45324.38
202512,A28527,chequing,19757.19
202512,A28528,investment,996534.23
202512,A28529,chequing,5151.45
202512,A28530,investment,798838.32
202512,A28531,chequing,12981.28
202512,A28532,chequing,5899.08
202512,A28533,investment,686620.89
202512,A28534,investment,170670.73
202512,A28535,lending,38726.07
202512,A28536,investment,0
202512,A28537,saving,1569.09
202512,A28538,chequing,5582.11
202512,A28539,investment,528276.11
202512,A28540,mortgage,281582.41
202512,A28541,investment,80777.44
202512,A28542,investment,280885.2
202512,A28543,saving,1926.86
202512,A28544,card,-197.27
202512,A28545,investment,43652.97
202512,A28546,investment,163566.1
202512,A28547,investment,0
202512,A28548,investment,950712.76
202512,A28549,chequing,11999.83
202512,A28550,lending,8335.96
202512,A28551,card,0
202512,A28552,investment,0
202512,A28553,investment,853379.73
202512,A28554,investment,70573.35
202512,A28555,card,-1259.85
202512,A28556,lending,30001.31
202512,A28557,card,-3499.96
202512,A28558,investment,379315.81
202512,A28559,investment,834851.32
202512,A28560,mortgage,456378.48
202512,A28561,chequing,109.67
202512,A28562,chequing,9041.38
202512,A28563,saving,15731.85
202512,A28564,investment,855581.68
202512,A28565,chequing,7273.24
202512,A28566,investment,563862.37
202512,A28567,chequing,9049.12
202512,A28568,investment,297623.72
202512,A28569,investment,31962.91
202512,A28570,card,0
202512,A28571,investment,49622.48
202512,A28572,chequing,6785.02
202512,A28573,investment,668520.11
202512,A28574,investment,373990.08
202512,A28575,investment,851734.88
202512,A28576,investment,946912.93
202512,A28577,investment,57663.44
202512,A28578,chequing,5895.95
202512,A28579,lending,44123.37
202512,A28580,saving,10938.35
202512,A28581,investment,144821.38
202512,A28582,lending,34800.61
202512,A28583,chequing,8205.67
202512,A28584,investment,0
202512,A28585,mortgage,416228.8
202512,A28586,investment,0
202512,A28587,investment,45228.56
202512,A28588,investment,752469.27
202512,A28589,investment,0
202512,A28590,investment,397129.08
202512,A28591,investment,474355.81
202512,A28592,investment,227872.47
202512,A28593,saving,13190.97
202512,A28594,chequing,14156.06
202512,A28595,chequing,9140.84
202512,A28596,chequing,14155.06
202512,A28597,lending,8179.01
202512,A28598,chequing,13683.8
202512,A28599,investment,652568.65
202512,A28600,chequing,9438.66
202512,A28601,lending,46868.65
202512,A28602,lending,32798.46
202512,A28603,saving,14876.99
202512,A28604,investment,92261.4
202512,A28605,lending,49574.58
202512,A28606,mortgage,420056.24
202512,A28607,investment,0
202512,A28608,saving,39868.78
202512,A28609,investment,179662.43
202512,A28610,investment,609357.58
202512,A28611,investment,568343.75
202512,A28612,chequing,5368.05
202512,A28613,investment,683445.84
202512,A28614,investment,607290.25
202512,A28615,chequing,1719.69
202512,A28616,saving,23046.14
202512,A28617,investment,0
202512,A28618,card,-1071.5
202512,A28619,card,-2636.19
202512,A28620,investment,94630.43
202512,A28621,saving,15679.88
202512,A28622,mortgage,374808.15
202512,A28623,lending,23209.48
202512,A28624,saving,12986.97
202512,A28625,card,-297.29
202512,A28626,lending,22028.6
202512,A28627,chequing,7289.65
202512,A28628,investment,19965.83
202512,A28629,investment,792368.16
202512,A28630,investment,831532.56
202512,A28631,investment,684552.08
202512,A28632,chequing,7699.78
202512,A28633,lending,6892.21
202512,A28634,investment,0
202512,A28635,investment,176014.5
202512,A28636,investment,85119.09
202512,A28637,investment,593834.73
202512,A28638,chequing,8516.5
202512,A28639,lending,16735.13
202512,A28640,lending,49013.68
202512,A28641,saving,12568.78
202512,A28642,saving,30293.54
202512,A28643,saving,32161.49
202512,A28644,investment,151253.87
202512,A28645,investment,992543.56
202512,A28646,investment,77278.78
202512,A28647,investment,314151.73
202512,A28648,investment,841945.4
202512,A28649,investment,430881.24
202512,A28650,investment,691467.19
202512,A28651,chequing,7008.57
202512,A28652,saving,8201.16
202512,A28653,lending,0
202512,A28654,saving,49740.84
202512,A28655,saving,12115.3
202512,A28656,saving,0
202512,A28657,chequing,5285.58
202512,A28658,chequing,10473.59
202512,A28659,lending,31974.35
202512,A28660,mortgage,189471.25
202512,A28661,investment,594001.63
202512,A28662,mortgage,401636.01
202512,A28663,investment,529054.23
202512,A28664,mortgage,112653.98
202512,A28665,investment,835762.68
202512,A28666,investment,741875.83
202512,A28667,investment,135495.04
202512,A28668,chequing,11835.18
202512,A28669,investment,497722.09
202512,A28670,investment,964780.03
202512,A28671,investment,242348.39
202512,A28672,chequing,8040.51
202512,A28673,investment,85580.43
202512,A28674,card,-3125.31
202512,A28675,investment,203691.8
202512,A28676,investment,346661.75
202512,A28677,investment,0
202512,A28678,saving,16988.81
202512,A28679,card,-2769.84
202512,A28680,chequing,10725.74
202512,A28681,chequing,14924.92
202512,A28682,investment,342525.59
202512,A28683,chequing,0
202512,A28684,investment,0
202512,A28685,investment,130015
202512,A28686,saving,21871.1
202512,A28687,investment,0
202512,A28688,investment,938175.38
202512,A28689,investment,0
202512,A28690,mortgage,0
202512,A28691,investment,3378.17
202512,A28692,card,0
202512,A28693,investment,868762.2
202512,A28694,mortgage,439697.28
202512,A28695,chequing,11199.79
202512,A28696,investment,814028.54
202512,A28697,investment,0
202512,A28698,investment,152266.41
202512,A28699,card,-3837.12
202512,A28700,investment,70750.8
202512,A28701,chequing,15391.44
202512,A28702,mortgage,430226.55
202512,A28703,investment,0
202512,A28704,chequing,8102.64
202512,A28705,investment,106720.74
202512,A28706,mortgage,446325.91
202512,A28707,investment,41019.14
202512,A28708,lending,36543.99
202512,A28709,chequing,9020.17
202512,A28710,investment,489772.59
202512,A28711,lending,49485.57
202512,A28712,saving,6813.97
202512,A28713,saving,19498.07
202512,A28714,card,-1420.81
202512,A28715,card,-3930.3
202512,A28716,investment,92275.57
202512,A28717,saving,11750.05
202512,A28718,investment,41834.5
202512,A28719,investment,928303.85
202512,A28720,card,-3055.21
202512,A28721,saving,4353.45
202512,A28722,chequing,14535.73
202512,A28723,investment,929697.62
202512,A28724,card,-4990.75
202512,A28725,investment,480087.26
202512,A28726,saving,4785.35
202512,A28727,card,-739.23
202512,A28728,investment,781222.11
202512,A28729,chequing,0
202512,A28730,lending,27008.23
202512,A28731,investment,50641.59
202512,A28732,investment,492512.39
202512,A28733,investment,495066.41
202512,A28734,mortgage,87652.76
202512,A28735,investment,95321.84
202512,A28736,investment,879824.75
202512,A28737,saving,17994.05
202512,A28738,chequing,17735.03
202512,A28739,investment,671908.71
202512,A28740,lending,14481.56
202512,A28741,mortgage,498694.66
202512,A28742,investment,780630.61
202512,A28743,saving,9821.33
202512,A28744,mortgage,245739.6
202512,A28745,investment,386813.21
202512,A28746,investment,343944.29
202512,A28747,card,-2880.17
202512,A28748,card,-1910.64
202512,A28749,investment,88249.46
202512,A28750,mortgage,371621.75
202512,A28751,card,-2542.16
202512,A28752,card,-3356.62
202512,A28753,investment,382685.5
202512,A28754,chequing,5505.47
202512,A28755,chequing,0
202512,A28756,investment,270248.26
202512,A28757,investment,527698.66
202512,A28758,saving,19284.42
202512,A28759,investment,947253.63
202512,A28760,investment,2259.95
202512,A28761,investment,696999.68
202512,A28762,investment,977030.45
202512,A28763,mortgage,227637.38
202512,A28764,investment,266515.73
202512,A28765,investment,0
202512,A28766,investment,452377.35
202512,A28767,investment,0
202512,A28768,card,-370.97
202512,A28769,card,-715.57
202512,A28770,investment,406902.01
202512,A28771,saving,18468.78
202512,A28772,saving,16224.62
202512,A28773,saving,18110.52
202512,A28774,card,-1673.52
202512,A28775,chequing,9838.17
202512,A28776,chequing,2077.07
202512,A28777,investment,53068.46
202512,A28778,investment,201992.17
202512,A28779,investment,48823.6
202512,A28780,investment,930481.65
202512,A28781,mortgage,186002.09
202512,A28782,investment,191523.12
202512,A28783,investment,0
202512,A28784,saving,0
202512,A28785,chequing,17936.06
202512,A28786,investment,34599.58
202512,A28787,chequing,6100.77
202512,A28788,investment,773588.32
202512,A28789,mortgage,373704.85
202512,A28790,investment,446582.04
202512,A28791,investment,34315.35
202512,A28792,chequing,9613.17
202512,A28793,saving,0
202512,A28794,mortgage,487347.23
202512,A28795,saving,8201.17
202512,A28796,card,-1102.34
202512,A28797,saving,9579.78
202512,A28798,mortgage,106382.84
202512,A28799,card,-3444.97
202512,A28800,investment,107041.46
202512,A28801,saving,12928.23
202512,A28802,investment,0
202512,A28803,investment,51001.45
202512,A28804,investment,352826.36
202512,A28805,card,-2514.52
202512,A28806,chequing,10274.25
202512,A28807,investment,989819.22
202512,A28808,investment,204211.81
202512,A28809,saving,6212.62
202512,A28810,investment,382845.24
202512,A28811,investment,254851.22
202512,A28812,card,-4299.2
202512,A28813,chequing,9856.43
202512,A28814,saving,16189.55
202512,A28815,investment,206029.44
202512,A28816,lending,29685.34
202512,A28817,lending,47152.04
202512,A28818,mortgage,122132.6
202512,A28819,saving,6310.91
202512,A28820,chequing,4018.88
202512,A28821,chequing,19566.7
202512,A28822,saving,16338.5
202512,A28823,chequing,9409.26
202512,A28824,lending,0
202512,A28825,investment,270787.73
202512,A28826,mortgage,169861.14
202512,A28827,card,-4799.71
202512,A28828,mortgage,71241.65
202512,A28829,saving,0
202512,A28830,card,-2177.61
202512,A28831,investment,887250.9
202512,A28832,card,-1649.08
202512,A28833,chequing,6623.34
202512,A28834,chequing,12229.28
202512,A28835,mortgage,244850.34
202512,A28836,investment,0
202512,A28837,chequing,0
202512,A28838,investment,0
202512,A28839,chequing,12451.81
202512,A28840,saving,19028.54
202512,A28841,chequing,671.1
202512,A28842,saving,17675.51
202512,A28843,chequing,8846.4
202512,A28844,investment,0
202512,A28845,investment,29846.38
202512,A28846,investment,0
202512,A28847,investment,846493.04
202512,A28848,saving,34443.41
202512,A28849,saving,8445.35
202512,A28850,investment,285219.83
202512,A28851,chequing,14017.02
202512,A28852,chequing,946.65
202512,A28853,investment,110325.73
202512,A28854,mortgage,346542.28
202512,A28855,saving,0
202512,A28856,investment,0
202512,A28857,investment,926269.6
202512,A28858,investment,686090.08
202512,A28859,investment,491268.85
202512,A28860,saving,12119.66
202512,A28861,investment,16520.56
202512,A28862,investment,762787.75
202512,A28863,investment,776968.02
202512,A28864,investment,301939.63
202512,A28865,saving,8437.29
202512,A28866,mortgage,0
202512,A28867,investment,345383.79
202512,A28868,investment,0
202512,A28869,investment,635802.8
202512,A28870,investment,833787.84
202512,A28871,lending,7610.73
202512,A28872,card,-4579.34
202512,A28873,chequing,4953.26
202512,A28874,saving,11782.79
202512,A28875,investment,2993.75
202512,A28876,investment,461049.92
202512,A28877,chequing,6507.64
202512,A28878,investment,859350.76
202512,A28879,investment,37820.89
202512,A28880,investment,972360.89
202512,A28881,investment,102322.8
202512,A28882,mortgage,496666.62
202512,A28883,lending,15822.31
202512,A28884,chequing,9896.41
202512,A28885,lending,2246.44
202512,A28886,lending,38435.52
202512,A28887,investment,1078.6
202512,A28888,investment,740467.27
202512,A28889,lending,32305.2
202512,A28890,saving,2050.92
202512,A28891,investment,545530.74
202512,A28892,chequing,17067.16
202512,A28893,chequing,434.23
202512,A28894,saving,1303.56
202512,A28895,mortgage,399553.43
202512,A28896,investment,655369.77
202512,A28897,chequing,5490.29
202512,A28898,chequing,4414.73
202512,A28899,investment,419610.64
202512,A28900,investment,459565.55
202512,A28901,investment,398743.3
202512,A28902,investment,17767.14
202512,A28903,investment,712994.84
202512,A28904,saving,6031.58
202512,A28905,chequing,0
202512,A28906,saving,1136.41
202512,A28907,chequing,18032.4
202512,A28908,investment,523499.45
202512,A28909,investment,849251.32
202512,A28910,saving,17652.33
202512,A28911,mortgage,179866.15
202512,A28912,investment,20584.14
202512,A28913,saving,16772.08
202512,A28914,investment,755301.57
202512,A28915,investment,777965.51
202512,A28916,lending,29116.23
202512,A28917,chequing,9292.14
202512,A28918,saving,19391.12
202512,A28919,investment,959557.62
202512,A28920,card,0
202512,A28921,investment,969316.88
202512,A28922,chequing,5890.9
202512,A28923,investment,98504.34
202512,A28924,card,-4938.77
202512,A28925,card,-3320.4
202512,A28926,card,0
202512,A28927,chequing,1229.9
202512,A28928,investment,146278.56
202512,A28929,saving,26264.84
202512,A28930,investment,20978.35
202512,A28931,saving,9201.39
202512,A28932,chequing,19901.21
202512,A28933,mortgage,93545.08
202512,A28934,lending,27546.81
202512,A28935,saving,27696.72
202512,A28936,investment,343158.26
202512,A28937,card,-3463.64
202512,A28938,investment,562216.23
202512,A28939,chequing,8011.47
202512,A28940,investment,262957.55
202512,A28941,mortgage,130644.26
202512,A28942,chequing,9869.61
202512,A28943,investment,652807.45
202512,A28944,card,-1472.6
202512,A28945,investment,878825.27
202512,A28946,investment,883788.39
202512,A28947,investment,93930.91
202512,A28948,saving,8513.51
202512,A28949,saving,0
202512,A28950,investment,151499.36
202512,A28951,saving,41629.51
202512,A28952,card,-3122.73
202512,A28953,chequing,5894.33
202512,A28954,investment,654053.91
202512,A28955,investment,619183.33
202512,A28956,investment,318533.37
202512,A28957,mortgage,481259.02
202512,A28958,investment,330136.68
202512,A28959,mortgage,467259.4
202512,A28960,lending,34838.32
202512,A28961,chequing,7870.54
202512,A28962,investment,641678.74
202512,A28963,chequing,9201.42
202512,A28964,investment,15206.23
202512,A28965,investment,669749.38
202512,A28966,lending,11537.48
202512,A28967,investment,860623.96
202512,A28968,investment,322988.09
202512,A28969,card,-4689.33
202512,A28970,mortgage,193170.86
202512,A28971,chequing,18014.49
202512,A28972,investment,943385.37
202512,A28973,investment,45022.07
202512,A28974,lending,45234.42
202512,A28975,saving,17827.22
202512,A28976,card,-4311.55
202512,A28977,lending,4211.81
202512,A28978,mortgage,135540.11
202512,A28979,investment,134779.22
202512,A28980,saving,2252.62
202512,A28981,card,-1035.81
202512,A28982,investment,50010.19
202512,A28983,saving,24932.21
202512,A28984,investment,352552.18
202512,A28985,investment,680200.67
202512,A28986,investment,0
202512,A28987,investment,472095.51
202512,A28988,investment,24922.18
202512,A28989,card,-2408.15
202512,A28990,lending,10989.78
202512,A28991,chequing,2484.42
202512,A28992,lending,22450.9
202512,A28993,mortgage,459146.79
202512,A28994,investment,130314.32
202512,A28995,card,-4481.57
202512,A28996,investment,577495.32
202512,A28997,saving,6891.74
202512,A28998,saving,8454.8
202512,A28999,investment,34398.39
202512,A29000,investment,742102.05
202512,A29001,investment,144087.82
202512,A29002,saving,12625.42
202512,A29003,chequing,9554.71
202512,A29004,chequing,9442.96
202512,A29005,saving,17136.4
202512,A29006,lending,0
202512,A29007,chequing,5422.44
202512,A29008,investment,465056.62
202512,A29009,mortgage,422620.33
202512,A29010,investment,490486.34
202512,A29011,investment,239529.58
202512,A29012,investment,296856.38
202512,A29013,investment,6928.43
202512,A29014,card,-4000.48
202512,A29015,investment,82878.65
202512,A29016,chequing,14077.91
202512,A29017,chequing,0
202512,A29018,investment,61268.54
202512,A29019,chequing,7489.16
202512,A29020,investment,987882.88
202512,A29021,investment,599501.32
202512,A29022,investment,73929.65
202512,A29023,card,-882.59
202512,A29024,chequing,9189.16
202512,A29025,saving,1506.69
202512,A29026,investment,201021.34
202512,A29027,investment,643932.55
202512,A29028,investment,700280.02
202512,A29029,chequing,12748.53
202512,A29030,lending,32010.11
202512,A29031,investment,681168.37
202512,A29032,investment,808291.28
202512,A29033,investment,856633.69
202512,A29034,investment,934760.27
202512,A29035,chequing,5345.99
202512,A29036,saving,898
202512,A29037,investment,177759.27
202512,A29038,investment,609800.29
202512,A29039,investment,336627.71
202512,A29040,card,-4183.45
202512,A29041,investment,0
202512,A29042,chequing,12746.78
202512,A29043,chequing,17839.57
202512,A29044,saving,42704.83
202512,A29045,chequing,2062.36
202512,A29046,mortgage,87715.89
202512,A29047,investment,960658.7
202512,A29048,chequing,8001
202512,A29049,investment,45498.97
202512,A29050,chequing,9671.99
202512,A29051,investment,87962.12
202512,A29052,chequing,14840.77
202512,A29053,saving,21030.19
202512,A29054,lending,41031.03
202512,A29055,saving,30844.62
202512,A29056,investment,62021.57
202512,A29057,investment,77933.54
202512,A29058,investment,0
202512,A29059,mortgage,115045.65
202512,A29060,chequing,8933.07
202512,A29061,lending,0
202512,A29062,investment,0
202512,A29063,chequing,6228.86
202512,A29064,investment,689302.65
202512,A29065,chequing,111.22
202512,A29066,chequing,9149.91
202512,A29067,chequing,7169.74
202512,A29068,chequing,1910.71
202512,A29069,chequing,15512.91
202512,A29070,chequing,3909.91
202512,A29071,saving,48074.17
202512,A29072,investment,392047.32
202512,A29073,investment,904209.49
202512,A29074,chequing,7771.96
202512,A29075,mortgage,75412.73
202512,A29076,investment,662024.49
202512,A29077,chequing,14258.62
202512,A29078,lending,44497.04
202512,A29079,investment,574127.56
202512,A29080,saving,3659.08
202512,A29081,investment,946006.52
202512,A29082,saving,16459.57
202512,A29083,chequing,8049.52
202512,A29084,investment,612676.75
202512,A29085,card,-3870.88
202512,A29086,card,-3384.17
202512,A29087,mortgage,364390.68
202512,A29088,chequing,8630.4
202512,A29089,investment,832437.41
202512,A29090,investment,771336.45
202512,A29091,investment,471959.7
202512,A29092,card,-4527.1
202512,A29093,card,-282.14
202512,A29094,chequing,7337.48
202512,A29095,investment,359885.67
202512,A29096,saving,18540.13
202512,A29097,investment,0
202512,A29098,investment,0
202512,A29099,mortgage,454356.92
202512,A29100,investment,806141.98
202512,A29101,chequing,8743.88
202512,A29102,card,-2928.71
202512,A29103,investment,808116.9
202512,A29104,investment,922304.92
202512,A29105,card,0
202512,A29106,saving,2737.57
202512,A29107,card,0
202512,A29108,mortgage,410557.47
202512,A29109,investment,0
202512,A29110,investment,127986.07
202512,A29111,investment,934903.27
202512,A29112,investment,291760.29
202512,A29113,investment,704271.03
202512,A29114,mortgage,344373.06
202512,A29115,investment,88890.52
202512,A29116,chequing,7134.34
202512,A29117,chequing,9253.88
202512,A29118,investment,603559.43
202512,A29119,investment,83338.86
202512,A29120,lending,36357.23
202512,A29121,chequing,8183.91
202512,A29122,mortgage,294088.47
202512,A29123,chequing,14257.95
202512,A29124,investment,352488.64
202512,A29125,chequing,19566.58
202512,A29126,chequing,11116.76
202512,A29127,investment,704922.03
202512,A29128,mortgage,64640.6
202512,A29129,investment,25194.39
202512,A29130,investment,272393.16
202512,A29131,chequing,7920.83
202512,A29132,investment,942765.07
202512,A29133,investment,431549.69
202512,A29134,investment,910793.92
202512,A29135,card,-4265.52
202512,A29136,investment,791271.35
202512,A29137,saving,7809.75
202512,A29138,chequing,8599.7
202512,A29139,saving,19553.91
202512,A29140,saving,5294.14
202512,A29141,investment,741745.8
202512,A29142,saving,38183.02
202512,A29143,investment,64601.73
202512,A29144,investment,655143.08
202512,A29145,card,0
202512,A29146,investment,385785.55
202512,A29147,mortgage,87273.2
202512,A29148,card,-4247.21
202512,A29149,chequing,224.4
202512,A29150,chequing,6381.64
202512,A29151,investment,82259.26
202512,A29152,chequing,4835.86
202512,A29153,investment,554712.47
202512,A29154,investment,623776.69
202512,A29155,mortgage,297510.17
202512,A29156,lending,44934.97
202512,A29157,mortgage,265812.47
202512,A29158,mortgage,371521.34
202512,A29159,investment,0
202512,A29160,investment,367174.35
202512,A29161,saving,31021.18
202512,A29162,saving,632.83
202512,A29163,card,-495.24
202512,A29164,investment,28928.64
202512,A29165,investment,934603.25
202512,A29166,card,-543.41
202512,A29167,investment,80466.56
202512,A29168,lending,0
202512,A29169,card,-4652.97
202512,A29170,saving,7326.95
202512,A29171,lending,8098.38
202512,A29172,investment,149267.79
202512,A29173,saving,8239.92
202512,A29174,investment,0
202512,A29175,saving,2560.59
202512,A29176,saving,11131.65
202512,A29177,investment,75962.2
202512,A29178,card,-2398.69
202512,A29179,mortgage,466780.43
202512,A29180,investment,0
202512,A29181,investment,633629.44
202512,A29182,saving,0
202512,A29183,investment,555702.29
202512,A29184,saving,13774.61
202512,A29185,chequing,10433.65
202512,A29186,investment,578884.83
202512,A29187,mortgage,263493.2
202512,A29188,investment,659647.74
202512,A29189,card,-1909.55
202512,A29190,chequing,15051.33
202512,A29191,saving,10178.14
202512,A29192,saving,12618.87
202512,A29193,saving,12758.2
202512,A29194,saving,1342.6
202512,A29195,chequing,0
202512,A29196,investment,970335.46
202512,A29197,investment,86655.55
202512,A29198,chequing,6747.85
202512,A29199,chequing,0
202512,A29200,investment,862904.51
202512,A29201,chequing,9072.47
202512,A29202,mortgage,196932.37
202512,A29203,investment,167192.18
202512,A29204,investment,169592.56
202512,A29205,investment,69212.54
202512,A29206,investment,250933.98
202512,A29207,saving,2128.13
202512,A29208,investment,791578.66
202512,A29209,mortgage,55097.51
202512,A29210,investment,833907.08
202512,A29211,card,-154.22
202512,A29212,investment,0
202512,A29213,lending,47722.23
202512,A29214,lending,17674.06
202512,A29215,lending,48679.71
202512,A29216,mortgage,123122.15
202512,A29217,chequing,4681.45
202512,A29218,investment,968339.64
202512,A29219,chequing,9023.98
202512,A29220,card,-2742.36
202512,A29221,investment,413070.41
202512,A29222,mortgage,82362.91
202512,A29223,investment,757155.48
202512,A29224,card,-1287.36
202512,A29225,mortgage,86335.54
202512,A29226,saving,0
202512,A29227,mortgage,170814.28
202512,A29228,chequing,11846.05
202512,A29229,mortgage,422062.08
202512,A29230,saving,14162.12
202512,A29231,investment,578021.91
202512,A29232,investment,55960.47
202512,A29233,saving,10188.7
202512,A29234,mortgage,458549.88
202512,A29235,investment,3471.89
202512,A29236,card,-360.09
202512,A29237,saving,17735.93
202512,A29238,chequing,0
202512,A29239,chequing,18170.49
202512,A29240,investment,37809.31
202512,A29241,chequing,9531.78
202512,A29242,investment,30317.03
202512,A29243,saving,6745.15
202512,A29244,investment,216916.75
202512,A29245,investment,488863.73
202512,A29246,investment,965050.5
202512,A29247,saving,43623.22
202512,A29248,mortgage,357356.4
202512,A29249,investment,670328.01
202512,A29250,mortgage,0
202512,A29251,lending,0
202512,A29252,investment,465528.74
202512,A29253,investment,538662.92
202512,A29254,investment,371635.1
202512,A29255,investment,501016.36
202512,A29256,saving,7520.52
202512,A29257,investment,223723.32
202512,A29258,investment,894061.29
202512,A29259,investment,0
202512,A29260,investment,76045.75
202512,A29261,investment,279737.44
202512,A29262,saving,6939.96
202512,A29263,mortgage,0
202512,A29264,investment,0
202512,A29265,card,-361.06
202512,A29266,mortgage,135571.68
202512,A29267,chequing,7291.53
202512,A29268,investment,981890.34
202512,A29269,saving,10629.65
202512,A29270,saving,8749.23
202512,A29271,card,-4975.25
202512,A29272,chequing,9263.98
202512,A29273,chequing,1833.92
202512,A29274,investment,185734.98
202512,A29275,saving,1764.5
202512,A29276,investment,905156.43
202512,A29277,chequing,0
202512,A29278,saving,0
202512,A29279,chequing,5267.41
202512,A29280,investment,242191.85
202512,A29281,lending,49282.02
202512,A29282,investment,208548.52
202512,A29283,card,-2627.52
202512,A29284,card,-2485.86
202512,A29285,chequing,4795.34
202512,A29286,chequing,11809.72
202512,A29287,investment,92350.93
202512,A29288,saving,1503.36
202512,A29289,investment,62677.97
202512,A29290,investment,0
202512,A29291,investment,44025.76
202512,A29292,saving,708.65
202512,A29293,saving,15921.4
202512,A29294,saving,0
202512,A29295,investment,918226.51
202512,A29296,investment,592362.25
202512,A29297,chequing,13285.05
202512,A29298,investment,652556.6
202512,A29299,lending,26732.1
202512,A29300,investment,399133.24
202512,A29301,saving,6798.25
202512,A29302,mortgage,142787.77
202512,A29303,saving,33103.95
202512,A29304,chequing,4743.4
202512,A29305,saving,0
202512,A29306,investment,44310.88
202512,A29307,saving,16909.8
202512,A29308,investment,0
202512,A29309,lending,1793.52
202512,A29310,saving,41204.72
202512,A29311,mortgage,384144.61
202512,A29312,lending,41780.62
202512,A29313,saving,3220.16
202512,A29314,chequing,6088.02
202512,A29315,chequing,17844.01
202512,A29316,investment,965308.76
202512,A29317,chequing,15080.33
202512,A29318,card,-1721.97
202512,A29319,card,-4511.37
202512,A29320,lending,16328.08
202512,A29321,card,-3985.84
202512,A29322,investment,58940.05
202512,A29323,investment,765666.8
202512,A29324,investment,0
202512,A29325,card,-2624.01
202512,A29326,saving,35284.48
202512,A29327,card,-2376.43
202512,A29328,investment,244752.81
202512,A29329,investment,327769.58
202512,A29330,card,-4664.64
202512,A29331,chequing,176
202512,A29332,saving,25100.22
202512,A29333,lending,22114.3
202512,A29334,investment,633272.31
202512,A29335,card,-4960.63
202512,A29336,saving,3648.83
202512,A29337,saving,18727.69
202512,A29338,investment,507651.58
202512,A29339,investment,398556.04
202512,A29340,mortgage,206322.29
202512,A29341,chequing,5665.94
202512,A29342,mortgage,237085.99
202512,A29343,lending,47669.43
202512,A29344,investment,29407.24
202512,A29345,saving,35552.73
202512,A29346,investment,254475.69
202512,A29347,investment,491435.92
202512,A29348,investment,981978.47
202512,A29349,chequing,14571.74
202512,A29350,saving,0
202512,A29351,saving,20455.14
202512,A29352,chequing,8860.3
202512,A29353,chequing,9881.16
202512,A29354,card,-1369.21
202512,A29355,investment,489150.79
202512,A29356,mortgage,264065.77
202512,A29357,mortgage,103521.94
202512,A29358,mortgage,50588.32
202512,A29359,investment,912529.42
202512,A29360,mortgage,383332.05
202512,A29361,card,-2493.84
202512,A29362,chequing,6330.76
202512,A29363,saving,7279.09
202512,A29364,investment,48206.3
202512,A29365,investment,0
202512,A29366,chequing,13001.43
202512,A29367,investment,301228.29
202512,A29368,investment,986721.49
202512,A29369,card,-4693.93
202512,A29370,investment,474717.49
202512,A29371,lending,47616.03
202512,A29372,chequing,8803.85
202512,A29373,lending,39679.01
202512,A29374,chequing,7884.32
202512,A29375,chequing,9217.94
202512,A29376,chequing,9327.84
202512,A29377,investment,697387
202512,A29378,card,-294.89
202512,A29379,investment,472345.56
202512,A29380,investment,162257.42
202512,A29381,investment,867044.98
202512,A29382,chequing,7952.76
202512,A29383,investment,725440.68
202512,A29384,chequing,4940.35
202512,A29385,investment,7241.16
202512,A29386,lending,24725.44
202512,A29387,card,0
202512,A29388,saving,44439.73
202512,A29389,lending,36642.26
202512,A29390,chequing,5567.5
202512,A29391,chequing,6104.1
202512,A29392,investment,0
202512,A29393,investment,0
202512,A29394,investment,168345.91
202512,A29395,investment,60969.58
202512,A29396,lending,4135.93
202512,A29397,saving,1233.71
202512,A29398,mortgage,88731.42
202512,A29399,chequing,7478.83
202512,A29400,mortgage,427871.5
202512,A29401,chequing,16948.36
202512,A29402,mortgage,395667.28
202512,A29403,chequing,6836.72
202512,A29404,investment,645737.27
202512,A29405,investment,531481.82
202512,A29406,investment,941720.52
202512,A29407,card,-2132.01
202512,A29408,card,-4013.99
202512,A29409,investment,0
202512,A29410,chequing,5364.99
202512,A29411,investment,755047.02
202512,A29412,mortgage,457143.47
202512,A29413,chequing,9659.74
202512,A29414,mortgage,200460.41
202512,A29415,chequing,2368.06
202512,A29416,saving,11424.01
202512,A29417,investment,86738.45
202512,A29418,investment,422008.11
202512,A29419,chequing,7417.21
202512,A29420,card,-1976.55
202512,A29421,mortgage,328543.66
202512,A29422,investment,624375.9
202512,A29423,lending,0
202512,A29424,saving,6978.4
202512,A29425,investment,613921.44
202512,A29426,card,-2490.8
202512,A29427,chequing,1993.66
202512,A29428,investment,601478.32
202512,A29429,investment,338615.65
202512,A29430,investment,781187.22
202512,A29431,investment,713800.25
202512,A29432,card,-10.65
202512,A29433,investment,497128.74
202512,A29434,saving,27206.55
202512,A29435,investment,562459.96
202512,A29436,chequing,14304.09
202512,A29437,lending,18879.95
202512,A29438,chequing,3726.33
202512,A29439,card,-4390.11
202512,A29440,investment,865533.58
202512,A29441,investment,177391.18
202512,A29442,chequing,2010.24
202512,A29443,investment,992637.03
202512,A29444,lending,31382.51
202512,A29445,investment,564527.07
202512,A29446,chequing,12873.35
202512,A29447,saving,1011.07
202512,A29448,chequing,0
202512,A29449,saving,9939.51
202512,A29450,investment,187876.03
202512,A29451,chequing,14355.39
202512,A29452,investment,674566.61
202512,A29453,investment,794978.98
202512,A29454,investment,34785.5
202512,A29455,saving,18158.35
202512,A29456,mortgage,151425.17
202512,A29457,investment,898544.15
202512,A29458,saving,0
202512,A29459,investment,109950.86
202512,A29460,card,-2030.5
202512,A29461,card,0
202512,A29462,chequing,9587.76
202512,A29463,investment,509408.99
202512,A29464,mortgage,382879.83
202512,A29465,card,-3178.29
202512,A29466,card,-216.66
202512,A29467,chequing,387.21
202512,A29468,investment,0
202512,A29469,card,-380.14
202512,A29470,investment,619461.64
202512,A29471,card,-2755.46
202512,A29472,saving,10049.2
202512,A29473,investment,997783.86
202512,A29474,mortgage,406487.34
202512,A29475,investment,97488.01
202512,A29476,investment,878598.9
202512,A29477,investment,499139.49
202512,A29478,investment,482719.08
202512,A29479,saving,12137.1
202512,A29480,investment,0
202512,A29481,investment,627462.79
202512,A29482,investment,14476.32
202512,A29483,chequing,5279.03
202512,A29484,investment,293947.71
202512,A29485,mortgage,278705.37
202512,A29486,investment,35327.7
202512,A29487,investment,912635.77
202512,A29488,investment,820521.25
202512,A29489,chequing,4561
202512,A29490,chequing,3280.48
202512,A29491,investment,245078.94
202512,A29492,card,-3046.83
202512,A29493,chequing,5207.51
202512,A29494,investment,815501.85
202512,A29495,chequing,2558.7
202512,A29496,chequing,12366.42
202512,A29497,investment,97020.3
202512,A29498,saving,7143.51
202512,A29499,card,0
202512,A29500,investment,198328.45
202512,A29501,chequing,7012.77
202512,A29502,chequing,13413.55
202512,A29503,saving,39648.4
202512,A29504,lending,11633.45
202512,A29505,mortgage,0
202512,A29506,saving,13372.79
202512,A29507,lending,5542.8
202512,A29508,investment,485169.09
202512,A29509,investment,683380.69
202512,A29510,saving,16583.32
202512,A29511,lending,0
202512,A29512,investment,677670.39
202512,A29513,investment,134175.61
202512,A29514,investment,787938.52
202512,A29515,chequing,2238.17
202512,A29516,investment,399250.14
202512,A29517,investment,674683.55
202512,A29518,card,-2835.97
202512,A29519,card,-2847.16
202512,A29520,investment,339266.6
202512,A29521,chequing,5856.64
202512,A29522,investment,0
202512,A29523,chequing,8338.64
202512,A29524,chequing,18873.03
202512,A29525,chequing,19734.46
202512,A29526,investment,501969.28
202512,A29527,investment,53819.34
202512,A29528,chequing,15668.25
202512,A29529,saving,19156.42
202512,A29530,chequing,10845.11
202512,A29531,investment,15959.56
202512,A29532,investment,148660.38
202512,A29533,investment,730773.75
202512,A29534,saving,8560.69
202512,A29535,investment,886846.52
202512,A29536,lending,41515.36
202512,A29537,saving,9481.89
202512,A29538,lending,39882.97
202512,A29539,investment,805891.24
202512,A29540,mortgage,0
202512,A29541,investment,900536.25
202512,A29542,chequing,11336.13
202512,A29543,investment,690915.75
202512,A29544,chequing,8850.51
202512,A29545,saving,15851.81
202512,A29546,saving,11979.56
202512,A29547,mortgage,496756.02
202512,A29548,lending,14416.54
202512,A29549,investment,543110.69
202512,A29550,saving,12519.61
202512,A29551,lending,33518.31
202512,A29552,chequing,5457.85
202512,A29553,mortgage,288180.23
202512,A29554,lending,25395.39
202512,A29555,chequing,0
202512,A29556,mortgage,328176.79
202512,A29557,chequing,9342.32
202512,A29558,lending,44894.36
202512,A29559,lending,0
202512,A29560,investment,760212.06
202512,A29561,chequing,10249.57
202512,A29562,investment,54177.07
202512,A29563,investment,712852.15
202512,A29564,investment,223624.66
202512,A29565,mortgage,170997.82
202512,A29566,chequing,7973.61
202512,A29567,investment,839721.08
202512,A29568,card,-2912.44
202512,A29569,card,-1432.49
202512,A29570,saving,14530.85
202512,A29571,lending,39653.03
202512,A29572,investment,0
202512,A29573,investment,550509.3
202512,A29574,mortgage,283841.22
202512,A29575,mortgage,98714.94
202512,A29576,investment,53677.48
202512,A29577,saving,10690.29
202512,A29578,saving,19004.29
202512,A29579,investment,73261.85
202512,A29580,chequing,5999.98
202512,A29581,saving,5315.21
202512,A29582,chequing,11865.52
202512,A29583,card,-4339.42
202512,A29584,investment,262987
202512,A29585,saving,11678.31
202512,A29586,chequing,4052.99
202512,A29587,saving,16753.86
202512,A29588,chequing,6671.27
202512,A29589,mortgage,148490.91
202512,A29590,chequing,18504.46
202512,A29591,investment,17775.79
202512,A29592,lending,25462.06
202512,A29593,saving,0
202512,A29594,investment,928380.9
202512,A29595,mortgage,447247.11
202512,A29596,chequing,9687.7
202512,A29597,saving,3245.39
202512,A29598,investment,963466.28
202512,A29599,saving,21433.11
202512,A29600,investment,0
202512,A29601,investment,827631.83
202512,A29602,investment,21579.7
202512,A29603,investment,55793.34
202512,A29604,chequing,8123.25
202512,A29605,investment,591679.84
202512,A29606,lending,44042.91
202512,A29607,saving,23850.2
202512,A29608,investment,378172.22
202512,A29609,saving,15401.02
202512,A29610,investment,616785.03
202512,A29611,chequing,6494.21
202512,A29612,investment,0
202512,A29613,card,-3712.96
202512,A29614,investment,165798.65
202512,A29615,saving,5571.3
202512,A29616,saving,10370.06
202512,A29617,chequing,11010.42
202512,A29618,investment,225518.66
202512,A29619,chequing,10340.02
202512,A29620,investment,85112.16
202512,A29621,investment,271560.86
202512,A29622,investment,300235.37
202512,A29623,chequing,1958.37
202512,A29624,saving,11040.53
202512,A29625,saving,10163.19
202512,A29626,lending,27008.09
202512,A29627,investment,76761.65
202512,A29628,saving,13144.24
202512,A29629,saving,0
202512,A29630,investment,563718.25
202512,A29631,investment,122466.35
202512,A29632,lending,13685.93
202512,A29633,investment,98808.21
202512,A29634,saving,19578.47
202512,A29635,saving,15741.83
202512,A29636,chequing,0
202512,A29637,investment,906400.12
202512,A29638,chequing,7384.16
202512,A29639,chequing,14555.25
202512,A29640,mortgage,355985.68
202512,A29641,investment,67559.59
202512,A29642,investment,615713.46
202512,A29643,investment,930854.78
202512,A29644,chequing,9972.62
202512,A29645,card,0
202512,A29646,chequing,7990.68
202512,A29647,investment,0
202512,A29648,saving,3792.93
202512,A29649,card,-2518.92
202512,A29650,investment,130180.56
202512,A29651,mortgage,391137.57
202512,A29652,lending,1978.98
202512,A29653,investment,939584.61
202512,A29654,chequing,9561.33
202512,A29655,investment,783192.49
202512,A29656,chequing,6780.09
202512,A29657,mortgage,324312.34
202512,A29658,chequing,16893.93
202512,A29659,saving,17157.8
202512,A29660,investment,248840.38
202512,A29661,card,-2114.73
202512,A29662,investment,95065.28
202512,A29663,chequing,6358.24
202512,A29664,saving,31851.39
202512,A29665,saving,34680.96
202512,A29666,investment,427788.8
202512,A29667,investment,440091.22
202512,A29668,saving,14089.65
202512,A29669,investment,854007.97
202512,A29670,card,-1712.54
202512,A29671,saving,1677.15
202512,A29672,saving,26723.55
202512,A29673,card,-3392.86
202512,A29674,chequing,10503.61
202512,A29675,investment,902688.05
202512,A29676,investment,21520.17
202512,A29677,investment,77283.24
202512,A29678,investment,235800.7
202512,A29679,investment,200508.64
202512,A29680,investment,88471.15
202512,A29681,card,-2121.43
202512,A29682,saving,18649.38
202512,A29683,investment,518518.04
202512,A29684,card,0
202512,A29685,investment,78999.68
202512,A29686,chequing,0
202512,A29687,investment,0
202512,A29688,chequing,14825.43
202512,A29689,chequing,1457.2
202512,A29690,chequing,0
202512,A29691,investment,171769.44
202512,A29692,investment,934451.54
202512,A29693,chequing,6069.89
202512,A29694,card,-975.65
202512,A29695,investment,143983.85
202512,A29696,mortgage,186565.5
202512,A29697,chequing,10498.68
202512,A29698,investment,691661.43
202512,A29699,chequing,0
202512,A29700,lending,17640
202512,A29701,chequing,8912.56
202512,A29702,investment,963092.17
202512,A29703,card,-3080.31
202512,A29704,card,-629.63
202512,A29705,investment,665641.44
202512,A29706,investment,268556.26
202512,A29707,chequing,1030.52
202512,A29708,investment,933861.29
202512,A29709,mortgage,121121.29
202512,A29710,lending,37970.62
202512,A29711,mortgage,144390.75
202512,A29712,chequing,7126.94
202512,A29713,card,-2233
202512,A29714,mortgage,102706.49
202512,A29715,investment,245540.7
202512,A29716,card,-4585.74
202512,A29717,investment,968617.98
202512,A29718,lending,0
202512,A29719,chequing,7944.46
202512,A29720,investment,512406.53
202512,A29721,mortgage,265959.42
202512,A29722,investment,628829.79
202512,A29723,investment,622428.96
202512,A29724,card,-534.52
202512,A29725,saving,2585.25
202512,A29726,chequing,7480.96
202512,A29727,chequing,16752.11
202512,A29728,investment,0
202512,A29729,chequing,9427.26
202512,A29730,investment,652145.49
202512,A29731,investment,71937.19
202512,A29732,investment,85913.46
202512,A29733,chequing,5629.16
202512,A29734,lending,2662.41
202512,A29735,investment,144036.69
202512,A29736,investment,129022.88
202512,A29737,mortgage,494753.1
202512,A29738,card,-790.57
202512,A29739,lending,32531.46
202512,A29740,chequing,3279.67
202512,A29741,investment,421665.13
202512,A29742,saving,12307.76
202512,A29743,mortgage,455987.27
202512,A29744,investment,764882.56
202512,A29745,investment,253823.33
202512,A29746,mortgage,87881.73
202512,A29747,saving,30162.39
202512,A29748,card,-4003.41
202512,A29749,investment,84137.69
202512,A29750,chequing,6825.7
202512,A29751,chequing,7916.8
202512,A29752,mortgage,91249.81
202512,A29753,mortgage,202186.94
202512,A29754,saving,3226.29
202512,A29755,mortgage,361991.84
202512,A29756,mortgage,73243.19
202512,A29757,mortgage,105478.4
202512,A29758,chequing,11914.95
202512,A29759,card,-959.7
202512,A29760,investment,57449.13
202512,A29761,investment,74572.97
202512,A29762,lending,32828.75
202512,A29763,chequing,11230.2
202512,A29764,chequing,19548.95
202512,A29765,investment,935864.03
202512,A29766,investment,0
202512,A29767,chequing,14631.36
202512,A29768,saving,15946.32
202512,A29769,lending,0
202512,A29770,investment,51786.7
202512,A29771,lending,7627.61
202512,A29772,investment,633114.58
202512,A29773,card,-4403.89
202512,A29774,investment,241351.35
202512,A29775,card,-3729.6
202512,A29776,investment,248516.34
202512,A29777,saving,6602.89
202512,A29778,chequing,5548.95
202512,A29779,chequing,9409.87
202512,A29780,saving,49645.06
202512,A29781,investment,819346.31
202512,A29782,investment,94760.11
202512,A29783,saving,6143.88
202512,A29784,mortgage,248034.5
202512,A29785,mortgage,432878.9
202512,A29786,investment,0
202512,A29787,saving,14364.02
202512,A29788,investment,247239.01
202512,A29789,investment,232600.15
202512,A29790,investment,48641.69
202512,A29791,investment,753559.94
202512,A29792,saving,4485.75
202512,A29793,chequing,9583.85
202512,A29794,saving,44396.77
202512,A29795,mortgage,133079.98
202512,A29796,chequing,14285.15
202512,A29797,chequing,209.82
202512,A29798,saving,2318.98
202512,A29799,investment,586406.59
202512,A29800,chequing,7297.15
202512,A29801,investment,0
202512,A29802,saving,13234.37
202512,A29803,investment,665227.78
202512,A29804,card,-695.3
202512,A29805,investment,664184.16
202512,A29806,lending,1879.02
202512,A29807,investment,887361.24
202512,A29808,chequing,9683.16
202512,A29809,investment,0
202512,A29810,chequing,16199.27
202512,A29811,investment,90593.28
202512,A29812,investment,839365.97
202512,A29813,lending,40915.77
202512,A29814,chequing,18691
202512,A29815,investment,750437.35
202512,A29816,investment,216005.94
202512,A29817,investment,775612.36
202512,A29818,chequing,4490.3
202512,A29819,investment,491841.94
202512,A29820,saving,19649.7
202512,A29821,lending,43271.27
202512,A29822,investment,743252.53
202512,A29823,investment,301297.88
202512,A29824,investment,778419.62
202512,A29825,lending,4452.92
202512,A29826,chequing,7649.09
202512,A29827,lending,16977.7
202512,A29828,investment,443752.12
202512,A29829,saving,0
202512,A29830,investment,8648.5
202512,A29831,chequing,0
202512,A29832,mortgage,405835.97
202512,A29833,investment,410208.77
202512,A29834,mortgage,467999.44
202512,A29835,chequing,4475.15
202512,A29836,card,-2689.11
202512,A29837,saving,27776.32
202512,A29838,investment,27497.28
202512,A29839,investment,662593.26
202512,A29840,investment,918131.38
202512,A29841,lending,0
202512,A29842,saving,5723.9
202512,A29843,saving,18580.71
202512,A29844,chequing,16725.97
202512,A29845,investment,497325.21
202512,A29846,investment,529351.87
202512,A29847,investment,699089.24
202512,A29848,investment,57856.79
202512,A29849,saving,0
202512,A29850,card,-3344.98
202512,A29851,investment,654658.56
202512,A29852,chequing,7791.25
202512,A29853,investment,562826.21
202512,A29854,investment,74258.48
202512,A29855,card,-16.08
202512,A29856,card,-2247.5
202512,A29857,saving,17903.38
202512,A29858,investment,483051.22
202512,A29859,investment,22840.51
202512,A29860,investment,864034.19
202512,A29861,chequing,5689.74
202512,A29862,investment,8322.33
202512,A29863,investment,78084.95
202512,A29864,investment,668104.68
202512,A29865,mortgage,159427.48
202512,A29866,card,-98.12
202512,A29867,chequing,13743.93
202512,A29868,chequing,9514.47
202512,A29869,chequing,4238.99
202512,A29870,saving,39752.39
202512,A29871,investment,15846.6
202512,A29872,mortgage,173030.21
202512,A29873,investment,890059.87
202512,A29874,chequing,10988.56
202512,A29875,investment,389523.28
202512,A29876,saving,12917.1
202512,A29877,investment,557036.94
202512,A29878,investment,207077.88
202512,A29879,investment,418387.56
202512,A29880,investment,814652.36
202512,A29881,investment,202050.67
202512,A29882,saving,19746.01
202512,A29883,chequing,14328.23
202512,A29884,saving,0
202512,A29885,chequing,13734.37
202512,A29886,lending,10517.39
202512,A29887,saving,30017.35
202512,A29888,investment,52210.42
202512,A29889,investment,448616.16
202512,A29890,investment,971516
202512,A29891,chequing,6139.37
202512,A29892,chequing,0
202512,A29893,chequing,6758.78
202512,A29894,mortgage,0
202512,A29895,chequing,0
202512,A29896,chequing,4664.55
202512,A29897,chequing,5668.97
202512,A29898,investment,648732.84
202512,A29899,chequing,15015.23
202512,A29900,lending,11513.62
202512,A29901,mortgage,225200.18
202512,A29902,investment,26662.94
202512,A29903,lending,27683.56
202512,A29904,investment,967174.89
202512,A29905,investment,304712.17
202512,A29906,lending,11919.57
202512,A29907,investment,180726.08
202512,A29908,lending,15956.02
202512,A29909,saving,18453.78
202512,A29910,mortgage,384393.72
202512,A29911,investment,482677.49
202512,A29912,investment,658314.03
202512,A29913,investment,123389.1
202512,A29914,card,-4828.69
202512,A29915,investment,722052.71
202512,A29916,investment,513472.98
202512,A29917,chequing,7375.91
202512,A29918,saving,11619.25
202512,A29919,card,-540.86
202512,A29920,investment,320131.94
202512,A29921,lending,9794.93
202512,A29922,investment,0
202512,A29923,saving,5716.62
202512,A29924,investment,631414.13
202512,A29925,lending,40646.44
202512,A29926,chequing,1991.79
202512,A29927,investment,0
202512,A29928,investment,44913.71
202512,A29929,chequing,8862.85
202512,A29930,investment,516780.71
202512,A29931,investment,35350.27
202512,A29932,investment,432108.71
202512,A29933,investment,900738.82
202512,A29934,investment,99845.74
202512,A29935,investment,6376.14
202512,A29936,card,-2885.91
202512,A29937,chequing,4140.27
202512,A29938,investment,577147.06
202512,A29939,investment,0
202512,A29940,investment,699757.35
202512,A29941,saving,23619.05
202512,A29942,card,-3093.88
202512,A29943,card,-4230.06
202512,A29944,investment,974434.09
202512,A29945,saving,9744.73
202512,A29946,chequing,0
202512,A29947,investment,866871.05
202512,A29948,lending,39868.86
202512,A29949,card,-402.16
202512,A29950,investment,851000.16
202512,A29951,investment,0
202512,A29952,mortgage,398213.35
202512,A29953,card,-4456.03
202512,A29954,lending,33592.02
202512,A29955,investment,283468.25
202512,A29956,chequing,6287.05
202512,A29957,card,0
202512,A29958,investment,869717.76
202512,A29959,lending,35934.55
202512,A29960,saving,15681.67
202512,A29961,lending,44688.85
202512,A29962,card,-3940.52
202512,A29963,mortgage,414412.57
202512,A29964,card,-1525.45
202512,A29965,investment,148258.93
202512,A29966,investment,63121.13
202512,A29967,card,-4559.19
202512,A29968,investment,24018.76
202512,A29969,chequing,9693.44
202512,A29970,chequing,7725.53
202512,A29971,chequing,4348.75
202512,A29972,chequing,6930.34
202512,A29973,chequing,6088.09
202512,A29974,mortgage,244915.6
202512,A29975,lending,2783.44
202512,A29976,investment,699071.44
202512,A29977,mortgage,474873.82
202512,A29978,investment,873372.2
202512,A29979,chequing,0
202512,A29980,chequing,0
202512,A29981,investment,706479.74
202512,A29982,saving,5191.38
202512,A29983,lending,0
202512,A29984,chequing,0
202512,A29985,investment,756656.77
202512,A29986,mortgage,336841.69
202512,A29987,saving,16130.28
202512,A29988,investment,0
202512,A29989,mortgage,202938.99
202512,A29990,investment,636918.88
202512,A29991,chequing,18076.18
202512,A29992,investment,230386.43
202512,A29993,investment,657840.7
202512,A29994,chequing,1803.8
202512,A29995,card,-4112.23
202512,A29996,saving,42677.47
202512,A29997,chequing,19842
202512,A29998,investment,481087.14
202512,A29999,investment,121124.26
202512,A30000,card,-2524.17
