YYYYMM,CLIENT_ID,STATUS,AGE,PORTFOLIO_ID,CLIENT_TENURE
202512,C00001,Existing,45,P0038,165
202512,C00002,Existing,45,P0101,68
202512,C00003,Left,35,P0062,68
202512,C00004,Existing,43,P0121,39
202512,C00005,Left,44,P0048,110
202512,C00006,Existing,43,P0010,112
202512,C00007,Left,50,P0036,11
202512,C00008,Left,51,P0157,39
202512,C00009,Existing,22,P0004,56
202512,C00010,Existing,54,P0044,38
202512,C00011,Existing,22,P0056,34
202512,C00012,Existing,25,P0042,106
202512,C00013,Left,46,P0114,48
202512,C00014,Existing,46,P0141,54
202512,C00015,Existing,43,P0174,80
202512,C00016,Existing,36,P0161,179
202512,C00017,Existing,37,P0021,3
202512,C00018,Existing,40,P0079,78
202512,C00019,Existing,45,P0185,67
202512,C00020,Existing,43,P0069,106
202512,C00021,Left,23,P0070,88
202512,C00022,Existing,47,P0067,76
202512,C00023,Left,35,P0048,74
202512,C00024,Existing,44,P0161,153
202512,C00025,Existing,44,P0036,57
202512,C00026,Existing,45,P0161,164
202512,C00027,Existing,38,P0159,140
202512,C00028,Existing,48,P0149,163
202512,C00029,Existing,44,P0027,93
202512,C00030,Existing,41,P0072,150
202512,C00031,Existing,36,P0101,138
202512,C00032,Existing,47,P0190,109
202512,C00033,Existing,21,P0096,45
202512,C00034,Existing,33,P0128,74
202512,C00035,Existing,59,P0026,15
202512,C00036,Existing,48,P0066,27
202512,C00037,Existing,39,P0140,99
202512,C00038,Existing,42,P0022,108
202512,C00039,Existing,38,P0017,134
202512,C00040,Left,37,P0007,78
202512,C00041,Existing,22,P0107,36
202512,C00042,Existing,55,P0068,11
202512,C00043,Existing,35,P0128,55
202512,C00044,Existing,48,P0037,101
202512,C00045,Existing,50,P0038,143
202512,C00046,Existing,26,P0096,14
202512,C00047,Existing,48,P0139,64
202512,C00048,Existing,38,P0001,113
202512,C00049,Existing,49,P0153,149
202512,C00050,Existing,49,P0042,24
202512,C00051,Existing,37,P0180,159
202512,C00052,Left,40,P0152,73
202512,C00053,Existing,36,P0181,139
202512,C00054,Existing,29,P0184,71
202512,C00055,Existing,34,P0063,96
202512,C00056,Existing,26,P0081,80
202512,C00057,Left,36,P0008,87
202512,C00058,Existing,50,P0187,57
202512,C00059,Existing,51,P0173,93
202512,C00060,Existing,45,P0027,61
202512,C00061,Existing,56,P0052,20
202512,C00062,Existing,44,P0146,164
202512,C00063,Existing,48,P0091,166
202512,C00064,Existing,48,P0086,178
202512,C00065,Existing,49,P0016,75
202512,C00066,Existing,46,P0066,88
202512,C00067,Existing,36,P0005,104
202512,C00068,Existing,23,P0082,12
202512,C00069,Left,41,P0131,63
202512,C00070,Existing,50,P0118,156
202512,C00071,Existing,38,P0081,112
202512,C00072,Left,53,P0070,88
202512,C00073,Left,42,P0115,5
202512,C00074,Existing,38,P0007,113
202512,C00075,Existing,39,P0050,98
202512,C00076,Existing,38,P0142,168
202512,C00077,Existing,20,P0166,85
202512,C00078,Existing,39,P0111,126
202512,C00079,Existing,45,P0047,140
202512,C00080,Existing,47,P0112,106
202512,C00081,Left,38,P0161,169
202512,C00082,Existing,49,P0043,103
202512,C00083,Existing,41,P0091,164
202512,C00084,Existing,62,P0029,10
202512,C00085,Existing,32,P0128,78
202512,C00086,Existing,36,P0185,162
202512,C00087,Existing,49,P0133,127
202512,C00088,Existing,56,P0096,73
202512,C00089,Existing,63,P0188,94
202512,C00090,Left,29,P0117,51
202512,C00091,Existing,33,P0070,40
202512,C00092,Existing,39,P0130,4
202512,C00093,Left,58,P0070,5
202512,C00094,Existing,40,P0110,73
202512,C00095,Existing,33,P0171,12
202512,C00096,Existing,40,P0132,149
202512,C00097,Existing,29,P0056,16
202512,C00098,Existing,27,P0187,105
202512,C00099,Left,39,P0089,81
202512,C00100,Existing,58,P0137,65
202512,C00101,Existing,48,P0131,14
202512,C00102,Existing,47,P0176,157
202512,C00103,Existing,52,P0171,29
202512,C00104,Existing,37,P0100,105
202512,C00105,Existing,49,P0129,160
202512,C00106,Existing,39,P0057,147
202512,C00107,Existing,49,P0181,89
202512,C00108,Existing,50,P0144,132
202512,C00109,Existing,61,P0051,26
202512,C00110,Existing,42,P0112,77
202512,C00111,Left,51,P0104,93
202512,C00112,Existing,37,P0127,71
202512,C00113,Left,52,P0055,50
202512,C00114,Existing,38,P0001,176
202512,C00115,Existing,50,P0090,102
202512,C00116,Existing,40,P0156,104
202512,C00117,Existing,55,P0053,65
202512,C00118,Existing,56,P0186,45
202512,C00119,Existing,42,P0073,161
202512,C00120,Existing,48,P0188,101
202512,C00121,Existing,44,P0187,10
202512,C00122,Existing,44,P0108,91
202512,C00123,Existing,45,P0150,71
202512,C00124,Existing,45,P0008,67
202512,C00125,Left,48,P0177,65
202512,C00126,Existing,39,P0042,57
202512,C00127,Existing,47,P0155,112
202512,C00128,Existing,39,P0167,136
202512,C00129,Existing,51,P0025,114
202512,C00130,Existing,36,P0038,161
202512,C00131,Existing,46,P0085,136
202512,C00132,Existing,41,P0152,136
202512,C00133,Existing,39,P0024,92
202512,C00134,Existing,37,P0060,141
202512,C00135,Existing,42,P0178,125
202512,C00136,Left,46,P0111,151
202512,C00137,Existing,64,P0066,47
202512,C00138,Existing,36,P0142,153
202512,C00139,Left,63,P0053,101
202512,C00140,Existing,52,P0160,2
202512,C00141,Existing,45,P0106,145
202512,C00142,Left,39,P0096,26
202512,C00143,Existing,47,P0176,167
202512,C00144,Existing,56,P0039,72
202512,C00145,Existing,38,P0168,81
202512,C00146,Existing,51,P0042,17
202512,C00147,Existing,39,P0111,82
202512,C00148,Existing,32,P0104,32
202512,C00149,Left,26,P0077,22
202512,C00150,Existing,33,P0008,16
202512,C00151,Left,40,P0026,114
202512,C00152,Existing,61,P0140,42
202512,C00153,Existing,37,P0043,60
202512,C00154,Left,56,P0179,71
202512,C00155,Existing,35,P0110,126
202512,C00156,Existing,49,P0100,125
202512,C00157,Existing,50,P0063,117
202512,C00158,Left,50,P0049,47
202512,C00159,Left,29,P0115,116
202512,C00160,Existing,38,P0155,46
202512,C00161,Existing,20,P0137,96
202512,C00162,Existing,43,P0167,140
202512,C00163,Existing,47,P0065,161
202512,C00164,Existing,51,P0199,96
202512,C00165,Existing,25,P0071,89
202512,C00166,Existing,36,P0007,177
202512,C00167,Existing,62,P0200,3
202512,C00168,Left,42,P0080,113
202512,C00169,Existing,50,P0067,98
202512,C00170,Left,55,P0138,92
202512,C00171,Left,53,P0199,80
202512,C00172,Existing,36,P0181,129
202512,C00173,Existing,41,P0101,93
202512,C00174,Left,48,P0095,68
202512,C00175,Existing,44,P0087,103
202512,C00176,Existing,45,P0185,142
202512,C00177,Existing,38,P0091,114
202512,C00178,Existing,48,P0103,117
202512,C00179,Left,35,P0126,82
202512,C00180,Left,20,P0155,1
202512,C00181,Left,47,P0182,119
202512,C00182,Existing,29,P0113,50
202512,C00183,Left,51,P0004,33
202512,C00184,Existing,45,P0088,42
202512,C00185,Existing,60,P0151,57
202512,C00186,Existing,36,P0176,129
202512,C00187,Existing,31,P0170,54
202512,C00188,Existing,34,P0003,19
202512,C00189,Existing,50,P0091,61
202512,C00190,Existing,56,P0003,59
202512,C00191,Existing,42,P0156,97
202512,C00192,Existing,39,P0191,101
202512,C00193,Existing,31,P0081,10
202512,C00194,Left,39,P0159,92
202512,C00195,Existing,56,P0138,101
202512,C00196,Existing,48,P0177,6
202512,C00197,Left,51,P0094,42
202512,C00198,Left,30,P0126,26
202512,C00199,Existing,38,P0113,57
202512,C00200,Existing,45,P0149,121
202512,C00201,Existing,50,P0100,162
202512,C00202,Existing,34,P0053,30
202512,C00203,Existing,20,P0087,29
202512,C00204,Left,49,P0089,104
202512,C00205,Left,29,P0054,91
202512,C00206,Existing,37,P0185,95
202512,C00207,Existing,37,P0020,95
202512,C00208,Existing,55,P0113,89
202512,C00209,Existing,64,P0049,117
202512,C00210,Left,44,P0135,112
202512,C00211,Left,50,P0029,70
202512,C00212,Left,23,P0048,104
202512,C00213,Existing,20,P0013,109
202512,C00214,Left,29,P0003,23
202512,C00215,Existing,43,P0002,13
202512,C00216,Existing,48,P0016,150
202512,C00217,Existing,29,P0094,31
202512,C00218,Existing,43,P0102,97
202512,C00219,Existing,47,P0134,93
202512,C00220,Left,50,P0045,126
202512,C00221,Existing,27,P0071,96
202512,C00222,Existing,50,P0133,89
202512,C00223,Left,51,P0056,11
202512,C00224,Existing,60,P0199,18
202512,C00225,Existing,37,P0127,37
202512,C00226,Existing,38,P0032,170
202512,C00227,Existing,24,P0049,6
202512,C00228,Existing,61,P0013,56
202512,C00229,Existing,23,P0158,116
202512,C00230,Existing,63,P0025,15
202512,C00231,Existing,45,P0060,132
202512,C00232,Existing,47,P0059,86
202512,C00233,Existing,44,P0156,131
202512,C00234,Existing,39,P0058,80
202512,C00235,Existing,40,P0020,117
202512,C00236,Left,47,P0162,6
202512,C00237,Left,50,P0133,159
202512,C00238,Existing,36,P0188,73
202512,C00239,Existing,31,P0171,118
202512,C00240,Existing,43,P0057,111
202512,C00241,Left,37,P0185,157
202512,C00242,Existing,60,P0054,64
202512,C00243,Existing,47,P0112,68
202512,C00244,Existing,46,P0173,105
202512,C00245,Existing,36,P0086,174
202512,C00246,Existing,35,P0037,167
202512,C00247,Existing,48,P0084,118
202512,C00248,Existing,26,P0048,66
202512,C00249,Left,40,P0118,175
202512,C00250,Left,44,P0182,99
202512,C00251,Existing,54,P0048,116
202512,C00252,Existing,43,P0112,144
202512,C00253,Existing,40,P0110,131
202512,C00254,Existing,42,P0006,167
202512,C00255,Existing,42,P0162,4
202512,C00256,Left,40,P0191,153
202512,C00257,Existing,39,P0078,144
202512,C00258,Existing,35,P0176,140
202512,C00259,Existing,42,P0023,145
202512,C00260,Existing,33,P0126,98
202512,C00261,Existing,44,P0084,62
202512,C00262,Existing,21,P0013,22
202512,C00263,Existing,35,P0047,97
202512,C00264,Existing,25,P0044,73
202512,C00265,Existing,50,P0105,26
202512,C00266,Left,47,P0160,5
202512,C00267,Existing,37,P0154,15
202512,C00268,Existing,35,P0181,64
202512,C00269,Existing,40,P0014,145
202512,C00270,Existing,49,P0180,76
202512,C00271,Existing,64,P0121,63
202512,C00272,Existing,41,P0036,21
202512,C00273,Existing,24,P0008,82
202512,C00274,Existing,40,P0168,66
202512,C00275,Existing,42,P0150,99
202512,C00276,Existing,37,P0016,110
202512,C00277,Left,49,P0091,91
202512,C00278,Existing,36,P0120,112
202512,C00279,Left,41,P0188,35
202512,C00280,Existing,39,P0060,110
202512,C00281,Existing,45,P0010,6
202512,C00282,Left,50,P0153,84
202512,C00283,Existing,57,P0031,102
202512,C00284,Left,24,P0021,75
202512,C00285,Existing,33,P0081,109
202512,C00286,Existing,49,P0033,103
202512,C00287,Existing,24,P0031,102
202512,C00288,Left,39,P0149,177
202512,C00289,Existing,53,P0036,75
202512,C00290,Existing,28,P0193,70
202512,C00291,Existing,44,P0132,170
202512,C00292,Left,31,P0068,109
202512,C00293,Existing,23,P0090,106
202512,C00294,Existing,50,P0132,166
202512,C00295,Left,58,P0009,51
202512,C00296,Existing,47,P0030,79
202512,C00297,Left,60,P0115,44
202512,C00298,Existing,41,P0045,177
202512,C00299,Existing,58,P0004,87
202512,C00300,Existing,43,P0069,146
202512,C00301,Existing,50,P0023,121
202512,C00302,Existing,50,P0016,121
202512,C00303,Existing,42,P0022,144
202512,C00304,Existing,43,P0072,109
202512,C00305,Left,55,P0048,26
202512,C00306,Existing,38,P0190,127
202512,C00307,Existing,21,P0188,93
202512,C00308,Left,62,P0107,100
202512,C00309,Existing,39,P0133,81
202512,C00310,Existing,45,P0007,85
202512,C00311,Existing,63,P0051,5
202512,C00312,Existing,40,P0065,127
202512,C00313,Existing,35,P0009,80
202512,C00314,Left,41,P0082,107
202512,C00315,Existing,50,P0045,147
202512,C00316,Existing,37,P0122,81
202512,C00317,Existing,64,P0175,52
202512,C00318,Existing,44,P0195,124
202512,C00319,Existing,40,P0152,155
202512,C00320,Existing,36,P0010,76
202512,C00321,Existing,46,P0073,89
202512,C00322,Existing,26,P0048,106
202512,C00323,Left,57,P0163,71
202512,C00324,Existing,48,P0182,71
202512,C00325,Left,37,P0087,46
202512,C00326,Existing,39,P0111,156
202512,C00327,Existing,35,P0199,54
202512,C00328,Existing,35,P0016,144
202512,C00329,Existing,45,P0053,97
202512,C00330,Existing,45,P0040,37
202512,C00331,Existing,35,P0100,70
202512,C00332,Left,39,P0020,125
202512,C00333,Existing,36,P0069,149
202512,C00334,Existing,48,P0045,128
202512,C00335,Existing,44,P0006,111
202512,C00336,Existing,31,P0197,75
202512,C00337,Existing,28,P0177,74
202512,C00338,Existing,34,P0039,42
202512,C00339,Existing,25,P0102,33
202512,C00340,Left,49,P0130,21
202512,C00341,Left,41,P0107,46
202512,C00342,Left,59,P0039,11
202512,C00343,Existing,37,P0118,163
202512,C00344,Existing,40,P0149,115
202512,C00345,Existing,43,P0168,91
202512,C00346,Left,45,P0082,50
202512,C00347,Existing,52,P0054,50
202512,C00348,Existing,35,P0110,98
202512,C00349,Left,51,P0012,41
202512,C00350,Existing,49,P0165,65
202512,C00351,Existing,38,P0110,141
202512,C00352,Existing,38,P0038,132
202512,C00353,Existing,52,P0143,91
202512,C00354,Existing,35,P0007,103
202512,C00355,Existing,39,P0078,138
202512,C00356,Existing,47,P0178,151
202512,C00357,Existing,47,P0065,133
202512,C00358,Existing,58,P0102,60
202512,C00359,Existing,49,P0195,96
202512,C00360,Existing,38,P0101,133
202512,C00361,Existing,44,P0044,53
202512,C00362,Left,32,P0031,15
202512,C00363,Left,25,P0171,52
202512,C00364,Left,51,P0077,75
202512,C00365,Existing,21,P0048,55
202512,C00366,Existing,55,P0082,69
202512,C00367,Existing,29,P0127,17
202512,C00368,Existing,43,P0189,74
202512,C00369,Existing,37,P0084,110
202512,C00370,Existing,22,P0010,104
202512,C00371,Left,63,P0029,78
202512,C00372,Existing,27,P0048,101
202512,C00373,Existing,49,P0190,142
202512,C00374,Existing,47,P0116,7
202512,C00375,Existing,49,P0013,82
202512,C00376,Existing,44,P0172,174
202512,C00377,Existing,37,P0047,108
202512,C00378,Existing,45,P0103,170
202512,C00379,Left,45,P0192,108
202512,C00380,Existing,45,P0091,111
202512,C00381,Existing,29,P0053,26
202512,C00382,Existing,33,P0092,100
202512,C00383,Existing,42,P0077,85
202512,C00384,Existing,28,P0044,88
202512,C00385,Existing,35,P0156,101
202512,C00386,Existing,22,P0002,85
202512,C00387,Existing,48,P0101,98
202512,C00388,Existing,49,P0057,134
202512,C00389,Existing,39,P0057,105
202512,C00390,Existing,23,P0034,84
202512,C00391,Existing,45,P0058,173
202512,C00392,Existing,36,P0180,98
202512,C00393,Existing,55,P0157,18
202512,C00394,Existing,54,P0035,39
202512,C00395,Existing,25,P0075,8
202512,C00396,Existing,35,P0176,72
202512,C00397,Existing,39,P0033,168
202512,C00398,Existing,26,P0115,60
202512,C00399,Existing,32,P0075,54
202512,C00400,Existing,40,P0073,73
202512,C00401,Existing,45,P0078,117
202512,C00402,Existing,56,P0009,41
202512,C00403,Existing,29,P0048,81
202512,C00404,Left,48,P0067,103
202512,C00405,Existing,37,P0164,83
202512,C00406,Existing,63,P0199,86
202512,C00407,Left,61,P0119,54
202512,C00408,Left,38,P0172,155
202512,C00409,Existing,44,P0188,87
202512,C00410,Existing,43,P0191,153
202512,C00411,Existing,43,P0133,150
202512,C00412,Left,56,P0119,7
202512,C00413,Existing,37,P0086,165
202512,C00414,Existing,43,P0106,70
202512,C00415,Existing,41,P0076,98
202512,C00416,Left,30,P0040,60
202512,C00417,Existing,34,P0019,38
202512,C00418,Left,36,P0047,147
202512,C00419,Existing,40,P0065,62
202512,C00420,Existing,47,P0195,91
202512,C00421,Existing,35,P0146,105
202512,C00422,Existing,43,P0178,162
202512,C00423,Existing,45,P0030,169
202512,C00424,Existing,26,P0126,57
202512,C00425,Existing,41,P0066,48
202512,C00426,Existing,44,P0005,144
202512,C00427,Left,20,P0093,98
202512,C00428,Existing,55,P0097,27
202512,C00429,Existing,25,P0170,95
202512,C00430,Left,62,P0094,60
202512,C00431,Existing,39,P0106,86
202512,C00432,Existing,50,P0133,94
202512,C00433,Existing,37,P0178,168
202512,C00434,Existing,43,P0085,144
202512,C00435,Existing,41,P0058,178
202512,C00436,Left,50,P0079,81
202512,C00437,Existing,35,P0008,106
202512,C00438,Left,35,P0159,98
202512,C00439,Existing,30,P0012,74
202512,C00440,Existing,40,P0149,147
202512,C00441,Existing,63,P0094,36
202512,C00442,Existing,44,P0190,139
202512,C00444,Existing,38,P0033,84
202512,C00445,Existing,64,P0154,119
202512,C00446,Existing,46,P0100,174
202512,C00447,Existing,40,P0168,100
202512,C00448,Existing,36,P0193,38
202512,C00449,Existing,38,P0187,44
202512,C00450,Existing,35,P0015,89
202512,C00451,Existing,54,P0114,61
202512,C00452,Existing,38,P0129,113
202512,C00453,Existing,36,P0011,63
202512,C00454,Left,46,P0055,89
202512,C00455,Existing,47,P0002,117
202512,C00456,Existing,43,P0065,140
202512,C00457,Existing,40,P0172,103
202512,C00458,Existing,50,P0016,160
202512,C00459,Left,35,P0150,114
202512,C00460,Existing,49,P0106,136
202512,C00461,Existing,39,P0146,125
202512,C00462,Existing,26,P0175,10
202512,C00463,Existing,45,P0030,164
202512,C00464,Existing,62,P0010,67
202512,C00465,Existing,62,P0186,24
202512,C00466,Left,45,P0062,61
202512,C00467,Existing,41,P0085,74
202512,C00468,Existing,50,P0134,166
202512,C00469,Existing,48,P0067,140
202512,C00470,Existing,45,P0041,75
202512,C00471,Existing,57,P0171,34
202512,C00472,Existing,53,P0018,104
202512,C00473,Existing,35,P0058,127
202512,C00474,Existing,38,P0060,130
202512,C00475,Existing,30,P0088,107
202512,C00476,Existing,49,P0027,105
202512,C00477,Existing,53,P0068,114
202512,C00478,Existing,44,P0022,87
202512,C00479,Existing,42,P0152,150
202512,C00480,Left,43,P0040,66
202512,C00481,Existing,50,P0109,124
202512,C00482,Existing,44,P0074,100
202512,C00483,Existing,22,P0066,5
202512,C00484,Existing,37,P0168,156
202512,C00485,Existing,48,P0006,135
202512,C00486,Existing,50,P0112,163
202512,C00487,Left,34,P0018,48
202512,C00488,Existing,53,P0081,36
202512,C00489,Existing,28,P0102,82
202512,C00490,Existing,38,P0110,129
202512,C00491,Existing,50,P0030,139
202512,C00492,Existing,55,P0122,114
202512,C00493,Existing,44,P0149,119
202512,C00494,Existing,39,P0062,113
202512,C00495,Existing,44,P0138,98
202512,C00496,Existing,28,P0120,84
202512,C00497,Existing,48,P0107,109
202512,C00498,Existing,36,P0141,5
202512,C00499,Left,32,P0076,42
202512,C00500,Existing,37,P0009,50
202512,C00501,Existing,45,P0196,72
202512,C00502,Existing,44,P0039,75
202512,C00503,Existing,44,P0024,71
202512,C00504,Existing,45,P0125,176
202512,C00505,Existing,40,P0118,166
202512,C00506,Existing,62,P0034,74
202512,C00507,Existing,47,P0061,82
202512,C00508,Existing,36,P0169,75
202512,C00509,Existing,37,P0133,164
202512,C00510,Existing,40,P0079,163
202512,C00511,Existing,39,P0050,76
202512,C00512,Existing,43,P0132,107
202512,C00513,Existing,32,P0051,50
202512,C00514,Existing,38,P0052,98
202512,C00515,Existing,62,P0122,67
202512,C00516,Left,46,P0167,93
202512,C00517,Existing,38,P0008,106
202512,C00518,Existing,55,P0113,107
202512,C00519,Existing,35,P0045,130
202512,C00520,Existing,37,P0088,110
202512,C00521,Existing,50,P0028,93
202512,C00522,Left,54,P0119,81
202512,C00523,Existing,55,P0107,52
202512,C00524,Existing,42,P0027,133
202512,C00525,Existing,49,P0193,29
202512,C00526,Existing,58,P0162,55
202512,C00527,Existing,60,P0081,118
202512,C00528,Existing,45,P0101,124
202512,C00529,Existing,38,P0062,105
202512,C00530,Existing,47,P0062,119
202512,C00531,Left,52,P0166,3
202512,C00532,Existing,25,P0026,59
202512,C00533,Existing,25,P0121,93
202512,C00534,Existing,43,P0024,164
202512,C00535,Existing,36,P0039,54
202512,C00536,Existing,50,P0124,94
202512,C00537,Left,35,P0021,85
202512,C00538,Existing,43,P0094,98
202512,C00539,Existing,40,P0175,48
202512,C00540,Existing,35,P0115,10
202512,C00541,Existing,38,P0176,149
202512,C00542,Existing,55,P0121,96
202512,C00543,Existing,57,P0013,4
202512,C00544,Existing,54,P0131,55
202512,C00545,Left,28,P0160,2
202512,C00546,Left,63,P0163,48
202512,C00547,Existing,47,P0019,79
202512,C00548,Existing,41,P0142,72
202512,C00549,Existing,42,P0176,131
202512,C00550,Left,49,P0081,81
202512,C00551,Existing,35,P0123,117
202512,C00552,Existing,44,P0068,2
202512,C00553,Existing,58,P0173,115
202512,C00554,Existing,50,P0019,10
202512,C00555,Existing,43,P0064,161
202512,C00556,Existing,48,P0101,93
202512,C00557,Existing,46,P0066,58
202512,C00558,Existing,58,P0066,85
202512,C00559,Left,42,P0075,103
202512,C00560,Existing,49,P0045,138
202512,C00561,Existing,54,P0087,51
202512,C00562,Existing,50,P0067,116
202512,C00563,Existing,35,P0197,97
202512,C00564,Left,31,P0003,103
202512,C00565,Existing,39,P0166,29
202512,C00566,Existing,22,P0170,112
202512,C00567,Existing,36,P0168,146
202512,C00568,Existing,44,P0178,130
202512,C00569,Existing,24,P0163,47
202512,C00570,Existing,44,P0024,90
202512,C00571,Existing,39,P0088,20
202512,C00572,Existing,49,P0017,157
202512,C00573,Left,57,P0040,53
202512,C00574,Existing,48,P0194,72
202512,C00575,Left,47,P0172,77
202512,C00576,Existing,41,P0151,45
202512,C00577,Existing,49,P0006,152
202512,C00578,Left,26,P0194,61
202512,C00579,Left,42,P0149,91
202512,C00580,Existing,51,P0119,96
202512,C00581,Left,37,P0120,103
202512,C00582,Existing,30,P0035,118
202512,C00583,Left,30,P0113,42
202512,C00584,Left,53,P0029,112
202512,C00585,Existing,36,P0007,167
202512,C00586,Existing,45,P0053,3
202512,C00587,Existing,42,P0165,62
202512,C00588,Existing,37,P0023,76
202512,C00589,Existing,41,P0097,95
202512,C00590,Existing,42,P0136,132
202512,C00591,Left,62,P0076,2
202512,C00592,Existing,45,P0176,96
202512,C00593,Existing,23,P0010,14
202512,C00594,Existing,63,P0117,106
202512,C00595,Existing,37,P0024,178
202512,C00596,Existing,51,P0175,78
202512,C00597,Left,39,P0181,114
202512,C00598,Existing,26,P0039,100
202512,C00599,Left,42,P0195,71
202512,C00600,Existing,36,P0066,34
202512,C00602,Existing,24,P0021,30
202512,C00603,Existing,49,P0073,162
202512,C00604,Existing,29,P0074,55
202512,C00605,Existing,43,P0036,92
202512,C00606,Existing,51,P0131,95
202512,C00607,Left,40,P0170,3
202512,C00608,Left,51,P0173,2
202512,C00609,Existing,46,P0044,73
202512,C00610,Existing,41,P0091,73
202512,C00611,Existing,48,P0161,139
202512,C00612,Existing,50,P0060,117
202512,C00613,Left,35,P0093,78
202512,C00614,Existing,36,P0083,85
202512,C00615,Existing,64,P0198,98
202512,C00616,Existing,47,P0083,130
202512,C00617,Existing,58,P0077,21
202512,C00618,Existing,51,P0026,44
202512,C00619,Existing,29,P0021,23
202512,C00620,Existing,34,P0120,55
202512,C00621,Existing,25,P0130,33
202512,C00622,Left,58,P0175,12
202512,C00623,Existing,50,P0108,74
202512,C00624,Left,60,P0158,10
202512,C00625,Existing,43,P0027,137
202512,C00626,Existing,52,P0071,7
202512,C00627,Existing,29,P0148,79
202512,C00628,Existing,38,P0050,63
202512,C00629,Existing,55,P0095,27
202512,C00630,Existing,35,P0023,168
202512,C00631,Existing,25,P0141,54
202512,C00632,Existing,55,P0081,5
202512,C00633,Existing,44,P0132,99
202512,C00634,Existing,46,P0142,153
202512,C00635,Existing,45,P0020,136
202512,C00636,Existing,40,P0124,113
202512,C00637,Left,27,P0013,6
202512,C00638,Existing,60,P0003,69
202512,C00639,Existing,23,P0175,32
202512,C00640,Left,52,P0131,1
202512,C00641,Existing,43,P0129,179
202512,C00642,Existing,60,P0090,8
202512,C00643,Existing,48,P0152,151
202512,C00644,Existing,51,P0035,89
202512,C00645,Left,35,P0014,72
202512,C00646,Existing,42,P0195,162
202512,C00647,Existing,63,P0141,113
202512,C00648,Left,63,P0175,48
202512,C00649,Existing,43,P0050,154
202512,C00650,Existing,43,P0078,120
202512,C00651,Existing,64,P0154,34
202512,C00652,Left,26,P0003,97
202512,C00653,Existing,54,P0179,93
202512,C00654,Existing,24,P0040,76
202512,C00655,Left,38,P0196,96
202512,C00656,Existing,35,P0164,30
202512,C00657,Left,29,P0051,77
202512,C00658,Existing,38,P0001,152
202512,C00659,Existing,23,P0104,46
202512,C00660,Existing,39,P0161,136
202512,C00661,Existing,56,P0135,48
202512,C00662,Existing,38,P0117,17
202512,C00663,Left,42,P0116,40
202512,C00664,Existing,48,P0052,51
202512,C00665,Existing,21,P0120,17
202512,C00666,Existing,47,P0139,90
202512,C00667,Existing,58,P0155,60
202512,C00668,Existing,50,P0142,110
202512,C00669,Existing,36,P0086,73
202512,C00670,Existing,61,P0046,51
202512,C00671,Existing,37,P0076,43
202512,C00672,Existing,39,P0010,61
202512,C00673,Existing,49,P0152,85
202512,C00674,Existing,37,P0061,126
202512,C00675,Left,48,P0018,6
202512,C00676,Existing,38,P0086,83
202512,C00677,Existing,26,P0137,75
202512,C00678,Existing,38,P0145,122
202512,C00679,Existing,24,P0128,88
202512,C00680,Left,58,P0104,112
202512,C00681,Existing,52,P0186,84
202512,C00682,Existing,60,P0141,61
202512,C00683,Left,40,P0178,86
202512,C00684,Existing,40,P0101,163
202512,C00685,Existing,50,P0006,139
202512,C00686,Existing,45,P0085,176
202512,C00687,Existing,40,P0051,102
202512,C00688,Existing,49,P0036,22
202512,C00689,Existing,39,P0071,111
202512,C00690,Existing,42,P0100,98
202512,C00691,Existing,64,P0025,54
202512,C00692,Existing,46,P0139,170
202512,C00693,Existing,36,P0044,90
202512,C00694,Left,44,P0014,78
202512,C00695,Existing,49,P0029,25
202512,C00696,Left,21,P0074,102
202512,C00697,Existing,37,P0050,160
202512,C00698,Existing,45,P0005,69
202512,C00699,Existing,26,P0200,6
202512,C00700,Existing,50,P0110,136
202512,C00701,Existing,38,P0197,114
202512,C00702,Existing,57,P0122,2
202512,C00703,Existing,25,P0088,20
202512,C00704,Left,49,P0057,65
202512,C00705,Existing,30,P0026,8
202512,C00706,Existing,36,P0006,108
202512,C00707,Existing,50,P0144,147
202512,C00708,Existing,35,P0060,95
202512,C00709,Existing,44,P0100,122
202512,C00710,Existing,25,P0012,78
202512,C00711,Left,21,P0075,89
202512,C00712,Existing,32,P0003,18
202512,C00713,Existing,47,P0063,76
202512,C00714,Existing,58,P0192,1
202512,C00715,Existing,39,P0190,60
202512,C00716,Existing,44,P0134,60
202512,C00717,Existing,36,P0019,76
202512,C00718,Existing,22,P0018,50
202512,C00719,Existing,38,P0080,121
202512,C00720,Existing,63,P0171,55
202512,C00721,Left,35,P0073,97
202512,C00722,Left,21,P0131,8
202512,C00723,Existing,54,P0126,106
202512,C00724,Existing,45,P0072,122
202512,C00725,Existing,39,P0038,166
202512,C00726,Left,32,P0068,107
202512,C00727,Existing,35,P0172,174
202512,C00728,Existing,47,P0080,178
202512,C00729,Existing,38,P0191,102
202512,C00730,Existing,29,P0042,81
202512,C00731,Existing,48,P0064,116
202512,C00732,Existing,41,P0182,69
202512,C00733,Existing,48,P0078,142
202512,C00734,Left,22,P0127,89
202512,C00735,Existing,41,P0105,38
202512,C00736,Existing,58,P0199,54
202512,C00738,Existing,42,P0165,149
202512,C00739,Existing,36,P0132,122
202512,C00740,Left,23,P0130,68
202512,C00741,Left,30,P0122,50
202512,C00742,Existing,22,P0044,103
202512,C00743,Left,40,P0195,175
202512,C00744,Existing,50,P0196,139
202512,C00745,Existing,52,P0102,42
202512,C00746,Existing,49,P0062,105
202512,C00747,Left,46,P0001,74
202512,C00748,Existing,43,P0017,101
202512,C00749,Existing,40,P0016,179
202512,C00750,Existing,49,P0009,55
202512,C00751,Existing,38,P0181,113
202512,C00752,Existing,38,P0059,118
202512,C00753,Existing,59,P0119,94
202512,C00754,Existing,33,P0137,10
202512,C00755,Existing,37,P0140,16
202512,C00756,Left,50,P0119,101
202512,C00757,Existing,50,P0041,101
202512,C00758,Existing,32,P0143,113
202512,C00759,Left,36,P0066,15
202512,C00760,Existing,47,P0075,42
202512,C00761,Existing,45,P0011,94
202512,C00762,Left,29,P0008,75
202512,C00763,Left,25,P0183,64
202512,C00764,Existing,40,P0134,103
202512,C00765,Existing,36,P0181,119
202512,C00766,Existing,42,P0148,89
202512,C00767,Existing,41,P0167,174
202512,C00768,Existing,47,P0099,69
202512,C00769,Existing,45,P0072,166
202512,C00770,Left,53,P0113,8
202512,C00771,Existing,25,P0107,1
202512,C00773,Existing,44,P0057,167
202512,C00774,Left,35,P0117,101
202512,C00775,Left,63,P0120,95
202512,C00776,Existing,56,P0147,1
202512,C00777,Left,44,P0071,46
202512,C00778,Existing,37,P0159,97
202512,C00779,Existing,31,P0040,69
202512,C00780,Existing,46,P0142,111
202512,C00781,Existing,35,P0103,177
202512,C00782,Existing,48,P0124,162
202512,C00783,Existing,39,P0123,111
202512,C00784,Existing,35,P0100,72
202512,C00785,Existing,44,P0165,160
202512,C00786,Existing,50,P0172,70
202512,C00787,Existing,25,P0137,74
202512,C00788,Existing,48,P0058,80
202512,C00789,Left,46,P0148,3
202512,C00790,Left,36,P0109,152
202512,C00791,Existing,53,P0121,37
202512,C00792,Left,45,P0092,1
202512,C00793,Existing,38,P0050,162
202512,C00794,Existing,37,P0148,34
202512,C00795,Existing,41,P0105,80
202512,C00796,Left,35,P0164,28
202512,C00797,Existing,41,P0117,70
202512,C00798,Existing,36,P0027,130
202512,C00799,Left,54,P0200,20
202512,C00800,Existing,41,P0032,155
202512,C00801,Existing,46,P0001,68
202512,C00802,Existing,36,P0017,144
202512,C00803,Left,40,P0137,112
202512,C00804,Existing,36,P0084,76
202512,C00805,Left,42,P0045,79
202512,C00806,Existing,44,P0066,87
202512,C00807,Existing,36,P0032,91
202512,C00808,Existing,44,P0045,122
202512,C00809,Existing,22,P0009,89
202512,C00810,Existing,44,P0030,107
202512,C00811,Existing,39,P0084,70
202512,C00812,Existing,46,P0166,119
202512,C00813,Existing,40,P0060,78
202512,C00814,Existing,41,P0001,179
202512,C00815,Left,48,P0005,151
202512,C00816,Existing,29,P0063,96
202512,C00817,Existing,27,P0164,97
202512,C00818,Existing,40,P0065,137
202512,C00819,Existing,47,P0078,167
202512,C00820,Existing,37,P0152,130
202512,C00821,Existing,35,P0132,122
202512,C00822,Existing,46,P0114,107
202512,C00823,Existing,40,P0196,67
202512,C00824,Left,51,P0025,19
202512,C00825,Existing,36,P0135,18
202512,C00826,Existing,42,P0141,48
202512,C00827,Existing,50,P0196,139
202512,C00828,Existing,40,P0043,98
202512,C00829,Existing,47,P0057,114
202512,C00830,Existing,52,P0164,95
202512,C00831,Existing,41,P0142,131
202512,C00832,Existing,39,P0072,84
202512,C00833,Existing,47,P0027,105
202512,C00834,Existing,28,P0128,84
202512,C00835,Existing,45,P0106,99
202512,C00836,Existing,39,P0165,161
202512,C00837,Left,34,P0071,70
202512,C00838,Existing,44,P0153,105
202512,C00839,Existing,45,P0067,116
202512,C00840,Existing,47,P0090,3
202512,C00841,Existing,33,P0004,52
202512,C00842,Existing,40,P0106,106
202512,C00843,Existing,49,P0079,143
202512,C00844,Existing,52,P0096,73
202512,C00845,Existing,23,P0093,16
202512,C00846,Left,28,P0074,57
202512,C00847,Existing,37,P0126,16
202512,C00848,Existing,46,P0016,95
202512,C00849,Existing,57,P0147,97
202512,C00850,Left,62,P0157,3
202512,C00851,Left,36,P0116,114
202512,C00852,Existing,51,P0179,110
202512,C00853,Existing,58,P0018,78
202512,C00854,Existing,34,P0186,44
202512,C00855,Existing,50,P0172,100
202512,C00856,Existing,42,P0016,179
202512,C00857,Existing,24,P0193,5
202512,C00858,Existing,24,P0130,107
202512,C00859,Existing,44,P0056,50
202512,C00860,Existing,48,P0079,149
202512,C00861,Existing,38,P0103,93
202512,C00862,Left,29,P0028,79
202512,C00863,Left,53,P0193,91
202512,C00864,Existing,36,P0005,63
202512,C00865,Existing,46,P0106,172
202512,C00866,Existing,48,P0022,171
202512,C00867,Existing,59,P0117,87
202512,C00868,Existing,37,P0100,116
202512,C00869,Existing,24,P0013,80
202512,C00870,Existing,50,P0065,155
202512,C00871,Existing,50,P0144,72
202512,C00872,Existing,38,P0086,140
202512,C00873,Existing,35,P0064,156
202512,C00874,Existing,39,P0032,130
202512,C00875,Existing,49,P0080,65
202512,C00876,Existing,32,P0051,42
202512,C00877,Existing,45,P0079,85
202512,C00878,Existing,59,P0186,56
202512,C00879,Existing,38,P0174,140
202512,C00880,Left,44,P0180,64
202512,C00881,Existing,37,P0106,127
202512,C00882,Existing,43,P0063,47
202512,C00883,Existing,22,P0076,119
202512,C00884,Existing,38,P0060,142
202512,C00885,Existing,43,P0065,156
202512,C00886,Left,54,P0117,74
202512,C00887,Existing,33,P0081,10
202512,C00888,Left,43,P0105,1
202512,C00889,Left,27,P0128,99
202512,C00890,Left,35,P0183,85
202512,C00891,Existing,39,P0185,104
202512,C00892,Left,26,P0071,112
202512,C00893,Existing,43,P0086,145
202512,C00894,Left,36,P0154,105
202512,C00895,Existing,45,P0140,73
202512,C00896,Existing,52,P0071,4
202512,C00897,Left,23,P0046,16
202512,C00898,Existing,38,P0047,161
202512,C00899,Existing,37,P0079,84
202512,C00900,Existing,37,P0166,114
202512,C00901,Existing,46,P0149,116
202512,C00902,Existing,49,P0142,71
202512,C00903,Existing,54,P0130,27
202512,C00904,Existing,22,P0200,113
202512,C00905,Existing,29,P0127,81
202512,C00906,Existing,47,P0109,81
202512,C00907,Existing,46,P0119,42
202512,C00908,Existing,37,P0198,77
202512,C00909,Left,44,P0101,160
202512,C00910,Existing,41,P0161,70
202512,C00911,Existing,46,P0006,167
202512,C00912,Left,39,P0126,58
202512,C00913,Existing,49,P0103,152
202512,C00914,Existing,50,P0037,132
202512,C00915,Existing,41,P0142,75
202512,C00916,Existing,46,P0037,61
202512,C00917,Left,31,P0008,46
202512,C00918,Existing,57,P0077,37
202512,C00919,Existing,33,P0141,45
202512,C00920,Existing,21,P0040,44
202512,C00921,Existing,46,P0107,48
202512,C00922,Existing,46,P0092,85
202512,C00923,Left,44,P0186,102
202512,C00924,Left,52,P0018,96
202512,C00925,Left,48,P0057,97
202512,C00926,Left,46,P0083,121
202512,C00927,Existing,54,P0166,99
202512,C00928,Left,41,P0032,148
202512,C00929,Existing,34,P0194,25
202512,C00930,Existing,39,P0025,17
202512,C00931,Existing,32,P0186,89
202512,C00932,Existing,43,P0033,101
202512,C00933,Existing,50,P0088,117
202512,C00934,Existing,35,P0194,112
202512,C00935,Existing,49,P0158,3
202512,C00936,Left,62,P0104,29
202512,C00937,Existing,52,P0034,75
202512,C00938,Existing,51,P0102,111
202512,C00939,Existing,39,P0127,52
202512,C00940,Existing,41,P0069,172
202512,C00941,Existing,46,P0176,72
202512,C00942,Left,44,P0040,74
202512,C00943,Existing,57,P0179,84
202512,C00944,Left,50,P0080,162
202512,C00945,Existing,43,P0141,31
202512,C00946,Existing,55,P0031,10
202512,C00947,Left,50,P0116,91
202512,C00948,Existing,42,P0167,106
202512,C00949,Existing,20,P0063,45
202512,C00950,Left,34,P0048,7
202512,C00951,Existing,44,P0087,67
202512,C00952,Existing,33,P0048,116
202512,C00953,Existing,37,P0061,64
202512,C00954,Existing,30,P0140,72
202512,C00955,Existing,46,P0078,171
202512,C00956,Left,29,P0184,50
202512,C00957,Existing,58,P0018,85
202512,C00958,Existing,52,P0155,75
202512,C00959,Existing,20,P0028,53
202512,C00960,Existing,37,P0080,149
202512,C00961,Existing,48,P0180,82
202512,C00962,Existing,42,P0016,67
202512,C00963,Existing,39,P0077,52
202512,C00964,Existing,47,P0186,50
202512,C00965,Left,62,P0137,81
202512,C00966,Existing,26,P0026,46
202512,C00967,Existing,59,P0028,48
202512,C00968,Existing,24,P0105,69
202512,C00969,Existing,26,P0077,119
202512,C00970,Existing,28,P0164,95
202512,C00971,Existing,28,P0009,59
202512,C00972,Left,53,P0175,109
202512,C00973,Existing,31,P0051,36
202512,C00974,Existing,47,P0076,19
202512,C00975,Existing,23,P0122,30
202512,C00976,Existing,48,P0185,86
202512,C00977,Existing,39,P0032,68
202512,C00978,Existing,44,P0195,106
202512,C00979,Existing,35,P0057,114
202512,C00980,Existing,25,P0054,35
202512,C00981,Existing,32,P0116,25
202512,C00982,Existing,35,P0144,108
202512,C00983,Existing,44,P0062,142
202512,C00984,Existing,40,P0084,135
202512,C00985,Existing,62,P0056,20
202512,C00986,Existing,50,P0023,137
202512,C00987,Existing,39,P0017,95
202512,C00988,Existing,38,P0166,25
202512,C00989,Left,64,P0200,53
202512,C00990,Existing,30,P0158,48
202512,C00991,Existing,46,P0186,42
202512,C00992,Existing,49,P0078,105
202512,C00993,Existing,35,P0022,99
202512,C00994,Existing,33,P0108,74
202512,C00995,Existing,44,P0017,121
202512,C00996,Existing,48,P0015,155
202512,C00997,Existing,33,P0114,5
202512,C00998,Existing,51,P0048,109
202512,C00999,Existing,23,P0160,94
202512,C01000,Existing,22,P0113,13
202512,C01001,Existing,38,P0168,77
202512,C01002,Existing,52,P0097,51
202512,C01003,Existing,35,P0185,162
202512,C01004,Existing,24,P0186,48
202512,C01005,Existing,45,P0091,99
202512,C01007,Existing,50,P0156,178
202512,C01008,Existing,35,P0098,77
202512,C01010,Existing,40,P0001,61
202512,C01011,Existing,42,P0041,131
202512,C01012,Existing,51,P0048,4
202512,C01013,Existing,35,P0159,115
202512,C01014,Existing,41,P0164,71
202512,C01015,Left,55,P0108,24
202512,C01016,Existing,48,P0161,137
202512,C01017,Existing,48,P0161,81
202512,C01018,Existing,49,P0103,82
202512,C01019,Existing,46,P0128,109
202512,C01020,Left,38,P0151,52
202512,C01021,Existing,48,P0188,61
202512,C01022,Existing,44,P0030,64
202512,C01023,Existing,41,P0045,100
202512,C01024,Existing,44,P0080,161
202512,C01025,Existing,46,P0039,35
202512,C01026,Existing,47,P0045,132
202512,C01027,Existing,37,P0078,96
202512,C01028,Existing,50,P0081,113
202512,C01029,Existing,35,P0140,28
202512,C01030,Left,47,P0093,11
202512,C01031,Existing,48,P0032,68
202512,C01032,Existing,47,P0184,88
202512,C01033,Existing,36,P0024,92
202512,C01034,Left,41,P0116,29
202512,C01035,Existing,29,P0013,51
202512,C01036,Left,64,P0148,94
202512,C01037,Existing,40,P0079,93
202512,C01038,Left,32,P0056,54
202512,C01039,Existing,40,P0053,1
202512,C01040,Existing,41,P0068,71
202512,C01041,Existing,38,P0182,82
202512,C01042,Existing,39,P0034,76
202512,C01043,Existing,47,P0028,11
202512,C01044,Existing,45,P0050,147
202512,C01045,Existing,60,P0130,35
202512,C01046,Existing,35,P0111,158
202512,C01047,Existing,50,P0094,81
202512,C01048,Existing,42,P0154,63
202512,C01049,Existing,29,P0179,8
202512,C01050,Existing,44,P0047,93
202512,C01051,Left,27,P0026,115
202512,C01052,Existing,43,P0084,83
202512,C01053,Existing,42,P0106,153
202512,C01054,Existing,51,P0092,17
202512,C01055,Existing,24,P0120,11
202512,C01056,Existing,58,P0075,19
202512,C01057,Left,42,P0122,17
202512,C01058,Left,20,P0189,2
202512,C01059,Left,64,P0151,97
202512,C01060,Existing,38,P0165,75
202512,C01061,Existing,43,P0041,172
202512,C01062,Left,21,P0052,67
202512,C01063,Existing,26,P0082,100
202512,C01064,Left,55,P0177,4
202512,C01065,Existing,44,P0155,105
202512,C01066,Existing,49,P0134,151
202512,C01067,Existing,46,P0074,51
202512,C01068,Existing,36,P0066,103
202512,C01069,Existing,50,P0024,82
202512,C01070,Left,28,P0166,33
202512,C01071,Existing,59,P0028,50
202512,C01072,Existing,36,P0156,83
202512,C01073,Left,44,P0117,116
202512,C01074,Existing,57,P0114,25
202512,C01075,Left,30,P0194,69
202512,C01076,Existing,37,P0061,166
202512,C01077,Existing,50,P0174,158
202512,C01078,Existing,44,P0069,157
202512,C01079,Left,42,P0114,55
202512,C01080,Existing,59,P0075,77
202512,C01081,Existing,53,P0171,12
202512,C01082,Existing,39,P0059,88
202512,C01083,Existing,42,P0130,33
202512,C01084,Left,47,P0015,128
202512,C01085,Existing,29,P0105,63
202512,C01086,Left,48,P0165,134
202512,C01087,Left,22,P0199,93
202512,C01088,Existing,49,P0148,113
202512,C01089,Existing,26,P0098,81
202512,C01090,Existing,30,P0035,108
202512,C01091,Existing,43,P0162,66
202512,C01092,Existing,48,P0031,101
202512,C01093,Existing,38,P0127,92
202512,C01094,Left,45,P0019,86
202512,C01095,Existing,45,P0196,73
202512,C01096,Existing,46,P0024,163
202512,C01097,Existing,43,P0084,166
202512,C01098,Existing,40,P0167,162
202512,C01099,Existing,48,P0092,110
202512,C01100,Existing,35,P0182,147
202512,C01101,Existing,46,P0167,78
202512,C01102,Existing,48,P0145,163
202512,C01103,Left,23,P0147,79
202512,C01104,Left,38,P0118,177
202512,C01105,Existing,39,P0176,69
202512,C01106,Existing,59,P0163,52
202512,C01107,Existing,57,P0160,67
202512,C01108,Existing,48,P0175,119
202512,C01109,Existing,45,P0047,127
202512,C01110,Left,54,P0192,50
202512,C01111,Existing,42,P0174,71
202512,C01112,Existing,48,P0103,144
202512,C01113,Left,46,P0121,100
202512,C01114,Existing,41,P0163,15
202512,C01115,Left,22,P0094,14
202512,C01116,Existing,42,P0145,157
202512,C01117,Left,62,P0042,37
202512,C01118,Existing,47,P0111,140
202512,C01119,Left,50,P0029,63
202512,C01120,Left,50,P0198,67
202512,C01121,Existing,35,P0124,175
202512,C01122,Existing,39,P0017,123
202512,C01123,Existing,39,P0014,179
202512,C01124,Left,46,P0152,72
202512,C01125,Existing,43,P0185,171
202512,C01126,Existing,39,P0050,160
202512,C01127,Existing,37,P0057,100
202512,C01128,Left,59,P0189,51
202512,C01129,Left,55,P0104,79
202512,C01130,Existing,37,P0039,20
202512,C01131,Existing,59,P0183,1
202512,C01132,Existing,45,P0096,113
202512,C01133,Left,53,P0036,83
202512,C01134,Existing,37,P0114,66
202512,C01135,Left,40,P0037,162
202512,C01136,Existing,40,P0014,90
202512,C01137,Left,49,P0155,56
202512,C01138,Existing,43,P0123,167
202512,C01139,Existing,40,P0083,82
202512,C01140,Left,43,P0159,66
202512,C01141,Existing,38,P0073,64
202512,C01142,Existing,59,P0102,33
202512,C01143,Existing,20,P0081,63
202512,C01144,Existing,41,P0083,100
202512,C01145,Existing,63,P0044,104
202512,C01146,Existing,57,P0068,35
202512,C01147,Left,27,P0048,102
202512,C01148,Existing,39,P0057,72
202512,C01149,Left,48,P0075,41
202512,C01150,Existing,50,P0022,71
202512,C01151,Existing,37,P0132,89
202512,C01152,Existing,32,P0200,69
202512,C01153,Left,57,P0046,31
202512,C01154,Existing,36,P0187,49
202512,C01155,Left,45,P0162,13
202512,C01156,Existing,40,P0011,144
202512,C01157,Existing,58,P0031,69
202512,C01158,Left,38,P0139,156
202512,C01159,Existing,32,P0120,100
202512,C01160,Existing,54,P0056,8
202512,C01161,Existing,43,P0038,172
202512,C01162,Existing,25,P0021,86
202512,C01163,Existing,44,P0110,159
202512,C01164,Existing,58,P0094,46
202512,C01165,Left,52,P0138,18
202512,C01166,Existing,46,P0154,47
202512,C01167,Existing,49,P0136,150
202512,C01168,Left,20,P0008,93
202512,C01169,Existing,47,P0188,39
202512,C01170,Existing,46,P0072,90
202512,C01171,Existing,52,P0119,111
202512,C01172,Existing,48,P0034,89
202512,C01173,Left,37,P0144,167
202512,C01174,Existing,55,P0105,28
202512,C01175,Existing,57,P0141,101
202512,C01176,Left,60,P0087,35
202512,C01177,Existing,47,P0150,135
202512,C01178,Existing,36,P0155,117
202512,C01179,Existing,49,P0064,109
202512,C01180,Existing,37,P0002,30
202512,C01181,Existing,37,P0109,136
202512,C01182,Existing,25,P0026,54
202512,C01183,Existing,39,P0083,161
202512,C01184,Left,47,P0107,64
202512,C01185,Existing,39,P0069,80
202512,C01186,Left,46,P0097,77
202512,C01187,Existing,41,P0030,116
202512,C01188,Existing,56,P0008,93
202512,C01189,Existing,40,P0038,159
202512,C01190,Existing,42,P0189,97
202512,C01191,Existing,51,P0081,4
202512,C01192,Existing,32,P0108,34
202512,C01193,Existing,50,P0065,152
202512,C01194,Existing,41,P0067,72
202512,C01195,Existing,35,P0174,109
202512,C01196,Existing,27,P0090,55
202512,C01197,Existing,49,P0095,59
202512,C01198,Existing,38,P0072,98
202512,C01199,Existing,45,P0043,61
202512,C01200,Existing,41,P0187,61
202512,C01201,Left,51,P0046,9
202512,C01202,Left,45,P0200,71
202512,C01203,Existing,42,P0125,148
202512,C01204,Existing,24,P0163,38
202512,C01205,Existing,51,P0039,64
202512,C01206,Left,53,P0051,111
202512,C01207,Existing,21,P0004,21
202512,C01208,Left,25,P0121,5
202512,C01209,Existing,37,P0080,166
202512,C01210,Existing,54,P0077,73
202512,C01211,Left,62,P0179,110
202512,C01212,Existing,44,P0133,133
202512,C01213,Existing,25,P0055,53
202512,C01214,Existing,36,P0020,97
202512,C01215,Existing,38,P0152,136
202512,C01216,Existing,64,P0164,22
202512,C01217,Existing,36,P0034,5
202512,C01218,Existing,43,P0122,95
202512,C01219,Existing,42,P0109,89
202512,C01220,Existing,26,P0126,91
202512,C01221,Existing,60,P0054,34
202512,C01222,Existing,46,P0162,6
202512,C01223,Existing,49,P0145,84
202512,C01224,Existing,44,P0133,85
202512,C01225,Existing,23,P0089,119
202512,C01226,Existing,36,P0146,76
202512,C01227,Left,27,P0183,92
202512,C01228,Existing,52,P0053,116
202512,C01229,Existing,39,P0050,135
202512,C01230,Existing,47,P0072,161
202512,C01231,Existing,63,P0173,109
202512,C01232,Left,43,P0141,59
202512,C01233,Existing,50,P0016,103
202512,C01234,Left,39,P0013,57
202512,C01235,Existing,46,P0020,158
202512,C01236,Left,36,P0066,27
202512,C01237,Left,45,P0047,123
202512,C01238,Existing,21,P0147,115
202512,C01239,Left,48,P0173,45
202512,C01240,Existing,50,P0165,90
202512,C01241,Existing,28,P0122,27
202512,C01242,Left,33,P0054,45
202512,C01243,Existing,46,P0006,81
202512,C01244,Existing,45,P0014,99
202512,C01245,Left,47,P0132,162
202512,C01246,Existing,40,P0086,126
202512,C01247,Existing,22,P0183,13
202512,C01248,Existing,32,P0162,1
202512,C01249,Existing,39,P0027,90
202512,C01250,Existing,43,P0007,168
202512,C01251,Left,32,P0131,37
202512,C01252,Existing,44,P0175,95
202512,C01253,Existing,26,P0002,88
202512,C01254,Existing,44,P0080,101
202512,C01255,Existing,46,P0153,100
202512,C01256,Existing,46,P0060,149
202512,C01257,Existing,35,P0024,138
202512,C01258,Existing,41,P0015,71
202512,C01259,Existing,57,P0095,54
202512,C01260,Existing,44,P0142,112
202512,C01261,Existing,48,P0182,91
202512,C01262,Existing,37,P0134,96
202512,C01263,Left,37,P0081,1
202512,C01264,Existing,47,P0018,112
202512,C01265,Existing,46,P0020,81
202512,C01266,Existing,20,P0115,95
202512,C01267,Existing,44,P0190,157
202512,C01268,Existing,25,P0040,92
202512,C01269,Existing,35,P0039,81
202512,C01270,Existing,37,P0180,83
202512,C01271,Existing,37,P0032,72
202512,C01272,Existing,38,P0124,171
202512,C01273,Existing,21,P0108,68
202512,C01274,Existing,43,P0027,63
202512,C01275,Existing,35,P0110,60
202512,C01276,Existing,39,P0180,177
202512,C01277,Left,51,P0097,38
202512,C01278,Existing,44,P0191,177
202512,C01279,Existing,51,P0074,24
202512,C01280,Left,50,P0191,154
202512,C01281,Existing,39,P0017,149
202512,C01282,Existing,36,P0049,73
202512,C01283,Existing,53,P0081,75
202512,C01284,Existing,58,P0116,80
202512,C01285,Existing,47,P0023,60
202512,C01286,Existing,41,P0098,72
202512,C01288,Existing,60,P0141,116
202512,C01289,Existing,54,P0151,23
202512,C01290,Existing,39,P0057,151
202512,C01291,Existing,40,P0190,129
202512,C01292,Existing,39,P0182,178
202512,C01293,Existing,25,P0148,21
202512,C01294,Existing,41,P0086,131
202512,C01295,Existing,45,P0180,109
202512,C01296,Existing,46,P0023,79
202512,C01297,Existing,47,P0105,93
202512,C01298,Left,40,P0163,82
202512,C01299,Existing,43,P0067,84
202512,C01300,Left,28,P0034,82
202512,C01301,Existing,47,P0033,161
202512,C01302,Existing,23,P0046,34
202512,C01303,Existing,57,P0081,75
202512,C01304,Existing,49,P0173,52
202512,C01305,Left,38,P0147,7
202512,C01306,Existing,40,P0087,28
202512,C01307,Existing,36,P0015,88
202512,C01308,Existing,47,P0123,104
202512,C01309,Left,31,P0121,53
202512,C01310,Existing,36,P0078,72
202512,C01311,Existing,29,P0066,55
202512,C01312,Existing,59,P0039,14
202512,C01313,Existing,47,P0018,72
202512,C01314,Left,26,P0198,67
202512,C01315,Existing,58,P0187,68
202512,C01316,Existing,36,P0160,49
202512,C01317,Existing,33,P0021,46
202512,C01318,Existing,47,P0168,159
202512,C01319,Left,35,P0027,106
202512,C01320,Left,62,P0002,68
202512,C01321,Left,30,P0097,106
202512,C01322,Existing,27,P0039,28
202512,C01323,Left,49,P0056,97
202512,C01324,Left,55,P0107,91
202512,C01325,Left,44,P0127,108
202512,C01326,Existing,40,P0013,106
202512,C01327,Existing,22,P0126,14
202512,C01328,Existing,61,P0184,86
202512,C01329,Left,54,P0194,117
202512,C01330,Left,31,P0056,51
202512,C01331,Existing,27,P0028,14
202512,C01332,Existing,41,P0064,153
202512,C01333,Existing,63,P0071,49
202512,C01334,Existing,26,P0192,6
202512,C01335,Existing,27,P0184,101
202512,C01336,Existing,41,P0169,62
202512,C01337,Existing,22,P0119,94
202512,C01338,Left,37,P0100,124
202512,C01339,Existing,38,P0041,121
202512,C01340,Left,50,P0004,107
202512,C01341,Existing,47,P0185,75
202512,C01342,Left,39,P0158,41
202512,C01343,Existing,58,P0088,13
202512,C01344,Existing,47,P0084,163
202512,C01345,Left,62,P0046,81
202512,C01346,Existing,47,P0184,109
202512,C01347,Existing,46,P0159,112
202512,C01348,Existing,22,P0088,77
202512,C01349,Existing,43,P0007,77
202512,C01350,Existing,53,P0077,81
202512,C01351,Existing,39,P0182,95
202512,C01352,Existing,36,P0136,179
202512,C01353,Left,38,P0183,12
202512,C01354,Left,56,P0197,92
202512,C01355,Existing,49,P0172,75
202512,C01356,Left,22,P0141,31
202512,C01357,Existing,44,P0093,61
202512,C01358,Existing,37,P0020,135
202512,C01359,Existing,39,P0078,149
202512,C01360,Existing,33,P0160,110
202512,C01361,Left,24,P0188,24
202512,C01362,Left,41,P0178,82
202512,C01363,Left,46,P0027,70
202512,C01364,Existing,53,P0120,111
202512,C01365,Existing,48,P0025,62
202512,C01366,Left,55,P0052,91
202512,C01367,Existing,40,P0196,125
202512,C01368,Existing,49,P0021,59
202512,C01369,Left,31,P0018,3
202512,C01370,Existing,51,P0039,8
202512,C01371,Existing,48,P0015,74
202512,C01372,Existing,57,P0053,15
202512,C01373,Existing,50,P0038,85
202512,C01374,Existing,48,P0176,126
202512,C01375,Left,33,P0052,31
202512,C01376,Existing,42,P0072,133
202512,C01377,Existing,59,P0028,107
202512,C01378,Existing,38,P0144,95
202512,C01379,Existing,47,P0118,99
202512,C01380,Existing,41,P0144,90
202512,C01381,Left,32,P0035,93
202512,C01382,Existing,37,P0145,74
202512,C01383,Existing,37,P0099,87
202512,C01384,Existing,32,P0052,79
202512,C01385,Left,58,P0140,96
202512,C01386,Existing,44,P0083,143
202512,C01387,Existing,44,P0048,11
202512,C01388,Existing,35,P0022,107
202512,C01389,Existing,48,P0123,94
202512,C01390,Existing,53,P0127,32
202512,C01391,Existing,36,P0177,6
202512,C01392,Existing,58,P0052,86
202512,C01393,Existing,41,P0079,104
202512,C01394,Left,35,P0129,153
202512,C01395,Existing,48,P0066,99
202512,C01396,Existing,38,P0064,159
202512,C01397,Existing,20,P0008,23
202512,C01398,Existing,54,P0025,116
202512,C01399,Left,41,P0194,110
202512,C01400,Existing,64,P0198,100
202512,C01401,Left,46,P0094,2
202512,C01402,Left,49,P0179,86
202512,C01403,Existing,35,P0181,85
202512,C01404,Existing,45,P0015,130
202512,C01405,Existing,47,P0178,164
202512,C01406,Existing,22,P0199,97
202512,C01407,Existing,53,P0122,59
202512,C01408,Left,56,P0075,64
202512,C01409,Existing,56,P0104,119
202512,C01410,Left,44,P0038,112
202512,C01411,Existing,49,P0168,163
202512,C01412,Left,58,P0194,77
202512,C01413,Existing,30,P0115,2
202512,C01414,Existing,48,P0039,41
202512,C01415,Existing,60,P0108,62
202512,C01416,Existing,41,P0017,121
202512,C01417,Left,37,P0135,52
202512,C01418,Left,38,P0118,119
202512,C01419,Left,35,P0039,54
202512,C01420,Existing,43,P0196,93
202512,C01421,Existing,50,P0035,116
202512,C01422,Existing,39,P0051,92
202512,C01423,Existing,37,P0047,122
202512,C01424,Existing,24,P0036,106
202512,C01425,Existing,35,P0064,101
202512,C01426,Existing,20,P0095,114
202512,C01427,Left,55,P0105,79
202512,C01428,Left,63,P0013,82
202512,C01429,Left,47,P0146,110
202512,C01430,Existing,50,P0149,147
202512,C01431,Existing,47,P0112,156
202512,C01432,Left,37,P0065,76
202512,C01433,Existing,44,P0008,6
202512,C01434,Left,50,P0048,17
202512,C01435,Existing,41,P0085,113
202512,C01436,Existing,39,P0043,107
202512,C01437,Existing,48,P0181,136
202512,C01438,Existing,45,P0085,131
202512,C01439,Existing,58,P0155,21
202512,C01440,Left,60,P0019,75
202512,C01441,Existing,44,P0023,169
202512,C01442,Existing,27,P0115,33
202512,C01443,Existing,36,P0050,75
202512,C01444,Existing,31,P0179,91
202512,C01445,Existing,38,P0043,144
202512,C01446,Existing,38,P0099,67
202512,C01447,Existing,37,P0104,18
202512,C01448,Existing,31,P0116,96
202512,C01449,Existing,29,P0051,75
202512,C01450,Existing,49,P0106,89
202512,C01451,Left,44,P0112,63
202512,C01452,Existing,43,P0197,118
202512,C01453,Existing,39,P0169,61
202512,C01454,Existing,39,P0072,130
202512,C01455,Existing,48,P0139,102
202512,C01456,Existing,38,P0080,121
202512,C01457,Existing,46,P0180,132
202512,C01458,Existing,20,P0151,72
202512,C01459,Existing,23,P0049,14
202512,C01460,Existing,33,P0166,9
202512,C01461,Existing,35,P0047,170
202512,C01462,Existing,43,P0072,127
202512,C01463,Existing,48,P0007,62
202512,C01464,Existing,40,P0066,12
202512,C01465,Existing,20,P0077,45
202512,C01466,Existing,41,P0062,69
202512,C01467,Existing,30,P0157,56
202512,C01468,Existing,41,P0038,72
202512,C01469,Existing,35,P0125,109
202512,C01470,Left,47,P0084,71
202512,C01471,Existing,38,P0161,79
202512,C01472,Existing,43,P0029,75
202512,C01473,Existing,61,P0114,15
202512,C01474,Existing,50,P0079,70
202512,C01475,Existing,37,P0023,110
202512,C01476,Existing,41,P0106,119
202512,C01477,Existing,31,P0131,62
202512,C01478,Existing,40,P0101,164
202512,C01479,Existing,43,P0173,50
202512,C01480,Existing,43,P0008,43
202512,C01481,Existing,37,P0086,163
202512,C01482,Existing,53,P0117,111
202512,C01483,Left,55,P0029,77
202512,C01484,Left,54,P0002,34
202512,C01485,Existing,37,P0113,38
202512,C01486,Existing,50,P0178,66
202512,C01487,Existing,48,P0065,120
202512,C01488,Left,61,P0108,40
202512,C01489,Existing,36,P0020,64
202512,C01490,Existing,43,P0180,145
202512,C01491,Existing,44,P0037,149
202512,C01492,Existing,43,P0072,165
202512,C01493,Existing,35,P0027,137
202512,C01494,Existing,47,P0175,98
202512,C01495,Existing,41,P0123,121
202512,C01496,Existing,46,P0134,142
202512,C01497,Existing,34,P0188,61
202512,C01498,Left,44,P0045,94
202512,C01499,Existing,49,P0172,63
202512,C01500,Existing,40,P0083,104
202512,C01501,Existing,48,P0146,177
202512,C01502,Existing,30,P0120,110
202512,C01503,Existing,37,P0065,149
202512,C01504,Existing,32,P0025,7
202512,C01505,Existing,37,P0027,174
202512,C01506,Existing,63,P0135,119
202512,C01507,Existing,48,P0172,97
202512,C01508,Existing,41,P0106,70
202512,C01509,Existing,58,P0157,50
202512,C01510,Existing,60,P0044,29
202512,C01511,Existing,64,P0107,80
202512,C01512,Left,62,P0036,113
202512,C01513,Left,57,P0147,6
202512,C01514,Existing,38,P0006,110
202512,C01515,Existing,48,P0153,177
202512,C01516,Left,40,P0159,108
202512,C01517,Left,47,P0009,32
202512,C01518,Existing,38,P0165,162
202512,C01519,Left,42,P0155,66
202512,C01520,Left,27,P0013,79
202512,C01521,Existing,49,P0041,151
202512,C01522,Existing,39,P0128,33
202512,C01523,Existing,43,P0066,90
202512,C01524,Existing,49,P0085,96
202512,C01525,Existing,45,P0024,163
202512,C01526,Existing,59,P0044,102
202512,C01527,Existing,39,P0106,104
202512,C01528,Existing,40,P0098,108
202512,C01529,Existing,37,P0060,163
202512,C01530,Existing,42,P0009,91
202512,C01531,Existing,51,P0130,86
202512,C01532,Existing,57,P0056,18
202512,C01533,Existing,30,P0158,12
202512,C01534,Existing,36,P0022,118
202512,C01535,Existing,23,P0081,41
202512,C01536,Left,49,P0100,93
202512,C01537,Existing,26,P0013,32
202512,C01538,Existing,27,P0071,114
202512,C01539,Existing,39,P0016,157
202512,C01540,Existing,39,P0045,82
202512,C01541,Existing,49,P0065,103
202512,C01542,Existing,42,P0139,70
202512,C01543,Existing,61,P0070,2
202512,C01544,Existing,54,P0148,106
202512,C01545,Existing,50,P0099,127
202512,C01546,Existing,41,P0191,98
202512,C01547,Existing,39,P0101,119
202512,C01548,Existing,29,P0105,4
202512,C01549,Existing,24,P0140,66
202512,C01550,Existing,36,P0190,86
202512,C01551,Existing,30,P0094,112
202512,C01552,Existing,23,P0042,33
202512,C01553,Left,42,P0083,101
202512,C01554,Existing,23,P0197,20
202512,C01555,Existing,44,P0186,68
202512,C01556,Existing,49,P0133,134
202512,C01557,Existing,55,P0105,6
202512,C01558,Existing,32,P0155,23
202512,C01559,Existing,56,P0028,42
202512,C01560,Left,52,P0026,42
202512,C01561,Existing,38,P0116,115
202512,C01562,Existing,63,P0049,55
202512,C01563,Left,35,P0149,105
202512,C01564,Left,39,P0001,137
202512,C01565,Left,49,P0092,23
202512,C01566,Existing,47,P0058,118
202512,C01567,Existing,48,P0079,173
202512,C01568,Left,20,P0183,39
202512,C01569,Existing,22,P0081,42
202512,C01570,Existing,47,P0026,108
202512,C01571,Existing,49,P0153,178
202512,C01572,Left,27,P0077,70
202512,C01573,Existing,48,P0161,166
202512,C01574,Existing,46,P0072,65
202512,C01575,Existing,41,P0069,98
202512,C01576,Existing,42,P0006,74
202512,C01577,Existing,50,P0023,124
202512,C01578,Left,26,P0158,112
202512,C01579,Left,36,P0054,109
202512,C01580,Left,51,P0087,32
202512,C01581,Existing,48,P0011,173
202512,C01582,Existing,47,P0159,128
202512,C01583,Existing,40,P0134,173
202512,C01584,Existing,46,P0011,114
202512,C01585,Left,62,P0077,67
202512,C01586,Existing,44,P0012,106
202512,C01587,Existing,32,P0194,52
202512,C01588,Left,27,P0053,44
202512,C01589,Existing,46,P0099,139
202512,C01590,Existing,37,P0036,54
202512,C01591,Existing,43,P0145,119
202512,C01592,Left,41,P0028,116
202512,C01593,Existing,47,P0150,169
202512,C01594,Left,58,P0102,36
202512,C01595,Existing,41,P0007,136
202512,C01596,Existing,45,P0015,174
202512,C01597,Existing,39,P0139,141
202512,C01598,Existing,44,P0024,90
202512,C01599,Existing,42,P0195,145
202512,C01600,Existing,50,P0030,73
202512,C01601,Left,48,P0198,81
202512,C01602,Left,56,P0066,73
202512,C01603,Left,44,P0061,130
202512,C01604,Existing,44,P0078,142
202512,C01605,Existing,50,P0041,67
202512,C01606,Existing,56,P0082,116
202512,C01607,Existing,38,P0051,12
202512,C01608,Left,50,P0172,117
202512,C01609,Left,57,P0095,48
202512,C01610,Existing,63,P0013,59
202512,C01611,Existing,33,P0090,28
202512,C01612,Existing,52,P0140,116
202512,C01613,Existing,34,P0082,61
202512,C01614,Existing,34,P0009,53
202512,C01615,Existing,49,P0048,15
202512,C01616,Left,42,P0049,43
202512,C01617,Existing,34,P0053,29
202512,C01618,Existing,37,P0184,40
202512,C01619,Existing,41,P0040,11
202512,C01620,Existing,30,P0107,103
202512,C01621,Existing,43,P0024,63
202512,C01622,Left,43,P0200,41
202512,C01623,Left,52,P0108,46
202512,C01624,Existing,41,P0033,137
202512,C01625,Existing,40,P0023,150
202512,C01626,Existing,30,P0077,36
202512,C01627,Existing,51,P0054,8
202512,C01628,Existing,62,P0053,58
202512,C01629,Left,53,P0049,84
202512,C01630,Existing,40,P0078,150
202512,C01631,Existing,49,P0080,64
202512,C01632,Left,27,P0177,19
202512,C01633,Existing,38,P0102,14
202512,C01634,Existing,32,P0122,22
202512,C01635,Existing,29,P0188,31
202512,C01636,Existing,47,P0103,153
202512,C01637,Left,54,P0090,111
202512,C01638,Left,23,P0090,47
202512,C01639,Existing,47,P0193,30
202512,C01640,Existing,63,P0160,39
202512,C01641,Left,63,P0121,15
202512,C01642,Existing,40,P0149,91
202512,C01643,Existing,49,P0146,65
202512,C01644,Existing,37,P0060,87
202512,C01645,Existing,35,P0122,105
202512,C01646,Left,62,P0141,89
202512,C01647,Left,44,P0152,65
202512,C01648,Existing,46,P0030,63
202512,C01649,Existing,38,P0130,33
202512,C01650,Existing,36,P0083,135
202512,C01651,Existing,36,P0111,172
202512,C01652,Existing,21,P0108,36
202512,C01653,Existing,46,P0111,82
202512,C01654,Left,63,P0025,101
202512,C01655,Existing,45,P0050,103
202512,C01656,Existing,48,P0014,147
202512,C01657,Left,41,P0134,153
202512,C01658,Existing,63,P0076,15
202512,C01659,Existing,39,P0084,152
202512,C01660,Existing,28,P0087,88
202512,C01661,Existing,20,P0158,60
202512,C01662,Existing,40,P0030,117
202512,C01663,Existing,28,P0166,13
202512,C01664,Existing,43,P0058,62
202512,C01665,Existing,44,P0094,111
202512,C01666,Existing,41,P0041,95
202512,C01667,Existing,36,P0094,54
202512,C01668,Existing,37,P0057,119
202512,C01669,Left,22,P0164,107
202512,C01670,Existing,40,P0064,170
202512,C01671,Existing,35,P0098,56
202512,C01672,Existing,49,P0016,112
202512,C01673,Existing,53,P0088,31
202512,C01674,Existing,38,P0078,65
202512,C01675,Left,51,P0090,72
202512,C01676,Existing,43,P0072,106
202512,C01677,Existing,49,P0014,178
202512,C01678,Left,41,P0031,47
202512,C01679,Existing,49,P0066,2
202512,C01680,Existing,45,P0112,130
202512,C01681,Existing,32,P0068,55
202512,C01682,Existing,29,P0193,33
202512,C01683,Left,27,P0055,33
202512,C01684,Existing,41,P0123,66
202512,C01685,Existing,38,P0168,114
202512,C01686,Existing,36,P0153,168
202512,C01687,Left,33,P0025,40
202512,C01688,Existing,40,P0131,113
202512,C01689,Existing,45,P0069,105
202512,C01690,Existing,43,P0102,5
202512,C01691,Left,46,P0118,165
202512,C01692,Existing,51,P0026,88
202512,C01693,Existing,22,P0040,7
202512,C01694,Existing,41,P0038,140
202512,C01695,Existing,40,P0166,31
202512,C01696,Existing,49,P0196,136
202512,C01697,Existing,43,P0007,132
202512,C01698,Existing,49,P0158,62
202512,C01699,Existing,58,P0120,102
202512,C01700,Existing,59,P0147,1
202512,C01701,Existing,49,P0035,31
202512,C01702,Existing,42,P0161,171
202512,C01703,Existing,49,P0161,162
202512,C01705,Existing,45,P0038,61
202512,C01706,Left,24,P0138,91
202512,C01707,Existing,49,P0185,72
202512,C01708,Existing,42,P0028,97
202512,C01709,Left,49,P0100,137
202512,C01710,Existing,39,P0038,89
202512,C01711,Existing,36,P0144,178
202512,C01712,Existing,41,P0124,176
202512,C01713,Existing,38,P0149,125
202512,C01714,Existing,46,P0092,33
202512,C01715,Left,63,P0097,109
202512,C01716,Existing,45,P0006,151
202512,C01717,Existing,45,P0169,95
202512,C01718,Existing,62,P0127,8
202512,C01719,Existing,36,P0015,100
202512,C01720,Existing,64,P0108,38
202512,C01721,Left,33,P0131,79
202512,C01722,Existing,38,P0043,77
202512,C01723,Existing,46,P0047,177
202512,C01724,Existing,39,P0099,119
202512,C01725,Existing,37,P0014,95
202512,C01726,Existing,28,P0194,8
202512,C01727,Left,61,P0157,8
202512,C01728,Existing,46,P0132,169
202512,C01729,Existing,21,P0154,12
202512,C01730,Existing,26,P0115,61
202512,C01731,Left,32,P0140,53
202512,C01732,Existing,54,P0002,94
202512,C01733,Existing,42,P0145,126
202512,C01734,Existing,53,P0035,86
202512,C01735,Existing,48,P0010,46
202512,C01736,Existing,47,P0112,118
202512,C01737,Existing,21,P0171,34
202512,C01738,Existing,24,P0021,9
202512,C01739,Left,49,P0015,76
202512,C01740,Left,37,P0163,67
202512,C01741,Existing,39,P0112,111
202512,C01742,Existing,45,P0126,19
202512,C01743,Existing,40,P0085,162
202512,C01744,Left,44,P0085,94
202512,C01745,Existing,32,P0188,33
202512,C01746,Existing,49,P0172,90
202512,C01747,Existing,44,P0005,116
202512,C01748,Left,26,P0117,5
202512,C01749,Existing,47,P0146,178
202512,C01750,Existing,43,P0149,131
202512,C01751,Existing,42,P0072,87
202512,C01752,Existing,26,P0074,116
202512,C01753,Existing,62,P0051,92
202512,C01754,Existing,43,P0169,65
202512,C01755,Existing,35,P0024,62
202512,C01756,Existing,39,P0152,167
202512,C01757,Existing,43,P0038,112
202512,C01758,Existing,26,P0044,26
202512,C01759,Existing,44,P0185,149
202512,C01760,Left,51,P0187,36
202512,C01761,Left,20,P0162,113
202512,C01762,Existing,45,P0075,45
202512,C01763,Left,42,P0095,1
202512,C01764,Existing,45,P0023,87
202512,C01765,Existing,43,P0124,128
202512,C01766,Existing,42,P0086,93
202512,C01767,Existing,50,P0043,117
202512,C01768,Existing,44,P0040,3
202512,C01769,Existing,38,P0047,155
202512,C01770,Existing,50,P0169,93
202512,C01771,Existing,24,P0175,109
202512,C01772,Existing,42,P0020,86
202512,C01773,Existing,36,P0109,84
202512,C01774,Existing,20,P0193,8
202512,C01775,Existing,53,P0068,88
202512,C01776,Existing,49,P0024,137
202512,C01777,Left,49,P0036,3
202512,C01778,Existing,45,P0045,91
202512,C01779,Left,31,P0130,79
202512,C01780,Existing,43,P0028,65
202512,C01781,Left,26,P0154,106
202512,C01782,Existing,42,P0023,113
202512,C01783,Existing,49,P0164,31
202512,C01784,Existing,43,P0091,75
202512,C01785,Existing,39,P0134,150
202512,C01786,Existing,23,P0163,61
202512,C01787,Existing,43,P0103,145
202512,C01788,Existing,37,P0038,103
202512,C01789,Existing,59,P0163,44
202512,C01790,Left,30,P0094,49
202512,C01791,Existing,46,P0053,31
202512,C01792,Left,38,P0038,89
202512,C01793,Existing,35,P0187,35
202512,C01794,Existing,43,P0043,121
202512,C01795,Existing,39,P0103,174
202512,C01796,Existing,31,P0114,72
202512,C01797,Left,38,P0004,11
202512,C01798,Existing,47,P0005,82
202512,C01799,Existing,37,P0068,76
202512,C01800,Existing,45,P0123,69
202512,C01801,Left,26,P0173,61
202512,C01802,Existing,42,P0080,67
202512,C01803,Existing,46,P0153,94
202512,C01804,Left,37,P0011,102
202512,C01805,Existing,21,P0157,15
202512,C01806,Left,58,P0162,26
202512,C01807,Existing,50,P0142,148
202512,C01808,Left,23,P0120,98
202512,C01809,Existing,44,P0152,177
202512,C01810,Left,24,P0187,18
202512,C01811,Existing,35,P0167,109
202512,C01812,Existing,39,P0026,20
202512,C01813,Existing,45,P0171,32
202512,C01814,Left,60,P0036,12
202512,C01815,Existing,42,P0167,176
202512,C01816,Existing,44,P0189,8
202512,C01817,Existing,45,P0144,90
202512,C01818,Existing,39,P0122,38
202512,C01819,Existing,48,P0059,176
202512,C01820,Existing,27,P0096,19
202512,C01821,Existing,42,P0006,150
202512,C01822,Left,32,P0098,32
202512,C01823,Existing,56,P0056,66
202512,C01824,Existing,45,P0136,134
202512,C01825,Existing,63,P0094,45
202512,C01826,Existing,50,P0027,171
202512,C01827,Left,20,P0199,77
202512,C01828,Existing,23,P0155,36
202512,C01829,Existing,22,P0120,56
202512,C01830,Left,39,P0174,61
202512,C01831,Existing,40,P0169,147
202512,C01832,Left,24,P0025,2
202512,C01833,Existing,39,P0086,165
202512,C01834,Existing,38,P0146,131
202512,C01835,Existing,25,P0012,56
202512,C01836,Existing,22,P0087,95
202512,C01837,Existing,62,P0179,5
202512,C01838,Existing,50,P0109,176
202512,C01839,Existing,41,P0167,161
202512,C01840,Existing,54,P0089,43
202512,C01841,Existing,44,P0010,107
202512,C01842,Left,53,P0074,33
202512,C01843,Left,21,P0077,14
202512,C01844,Existing,24,P0054,34
202512,C01845,Left,38,P0157,30
202512,C01846,Left,35,P0102,52
202512,C01847,Existing,42,P0169,157
202512,C01848,Existing,33,P0137,112
202512,C01849,Existing,37,P0191,130
202512,C01850,Existing,40,P0165,145
202512,C01851,Existing,37,P0142,174
202512,C01852,Existing,42,P0101,107
202512,C01853,Existing,47,P0073,88
202512,C01854,Existing,39,P0072,155
202512,C01855,Existing,43,P0167,65
202512,C01856,Existing,46,P0168,121
202512,C01857,Left,33,P0054,34
202512,C01858,Existing,37,P0003,100
202512,C01859,Existing,57,P0183,15
202512,C01860,Existing,43,P0111,112
202512,C01861,Existing,40,P0161,125
202512,C01862,Left,20,P0096,30
202512,C01863,Existing,52,P0071,1
202512,C01864,Existing,36,P0019,112
202512,C01865,Existing,37,P0034,22
202512,C01866,Existing,45,P0050,158
202512,C01867,Existing,46,P0175,36
202512,C01868,Existing,23,P0046,113
202512,C01869,Left,44,P0184,95
202512,C01870,Existing,49,P0185,71
202512,C01871,Existing,42,P0083,122
202512,C01872,Existing,37,P0051,14
202512,C01873,Existing,41,P0054,26
202512,C01874,Existing,57,P0090,69
202512,C01875,Existing,33,P0081,112
202512,C01876,Existing,38,P0118,73
202512,C01877,Existing,40,P0156,87
202512,C01878,Existing,37,P0019,100
202512,C01879,Existing,38,P0027,168
202512,C01880,Existing,47,P0176,178
202512,C01881,Existing,53,P0147,117
202512,C01882,Existing,51,P0179,21
202512,C01883,Existing,50,P0007,158
202512,C01884,Existing,39,P0157,106
202512,C01885,Existing,51,P0171,14
202512,C01886,Existing,41,P0069,166
202512,C01887,Existing,44,P0094,64
202512,C01888,Existing,64,P0113,48
202512,C01889,Existing,36,P0107,28
202512,C01890,Existing,28,P0120,55
202512,C01891,Existing,32,P0186,47
202512,C01892,Existing,46,P0136,112
202512,C01893,Left,27,P0170,98
202512,C01894,Left,56,P0042,112
202512,C01895,Left,52,P0013,109
202512,C01896,Existing,52,P0154,66
202512,C01897,Left,51,P0018,5
202512,C01898,Existing,36,P0042,76
202512,C01899,Existing,54,P0051,62
202512,C01900,Existing,21,P0113,53
202512,C01901,Existing,49,P0144,134
202512,C01902,Existing,41,P0101,90
202512,C01903,Existing,45,P0003,53
202512,C01904,Existing,41,P0079,147
202512,C01905,Left,45,P0098,87
202512,C01906,Left,44,P0173,56
202512,C01907,Existing,36,P0150,146
202512,C01908,Left,45,P0023,88
202512,C01909,Existing,37,P0059,108
202512,C01910,Existing,48,P0190,74
202512,C01911,Existing,36,P0113,22
202512,C01912,Existing,36,P0068,16
202512,C01913,Existing,58,P0054,31
202512,C01914,Existing,44,P0057,71
202512,C01915,Existing,37,P0151,83
202512,C01916,Existing,47,P0111,158
202512,C01917,Existing,37,P0060,86
202512,C01918,Existing,39,P0073,75
202512,C01919,Existing,52,P0055,62
202512,C01920,Existing,49,P0117,41
202512,C01921,Left,21,P0063,60
202512,C01922,Existing,50,P0184,89
202512,C01923,Left,24,P0055,24
202512,C01924,Existing,64,P0025,95
202512,C01925,Left,38,P0026,23
202512,C01926,Left,25,P0177,6
202512,C01927,Existing,49,P0063,1
202512,C01928,Existing,47,P0173,89
202512,C01929,Existing,46,P0073,97
202512,C01930,Existing,45,P0079,61
202512,C01931,Existing,48,P0167,127
202512,C01932,Existing,40,P0065,126
202512,C01933,Left,38,P0069,122
202512,C01934,Existing,56,P0184,14
202512,C01935,Existing,26,P0009,59
202512,C01936,Left,26,P0198,55
202512,C01937,Existing,36,P0156,104
202512,C01938,Left,47,P0173,36
202512,C01939,Existing,48,P0026,59
202512,C01940,Existing,38,P0028,29
202512,C01941,Existing,46,P0040,7
202512,C01942,Existing,36,P0143,41
202512,C01943,Left,36,P0134,170
202512,C01944,Existing,44,P0027,165
202512,C01945,Existing,44,P0038,87
202512,C01946,Existing,47,P0196,128
202512,C01947,Existing,44,P0085,67
202512,C01948,Existing,39,P0064,70
202512,C01949,Existing,50,P0030,69
202512,C01950,Existing,49,P0099,152
202512,C01951,Existing,25,P0131,11
202512,C01952,Existing,50,P0190,115
202512,C01953,Existing,38,P0012,38
202512,C01954,Existing,45,P0091,164
202512,C01955,Existing,36,P0030,77
202512,C01956,Existing,40,P0038,173
202512,C01957,Existing,48,P0085,76
202512,C01958,Left,36,P0060,166
202512,C01959,Existing,37,P0038,72
202512,C01960,Existing,55,P0104,18
202512,C01961,Left,44,P0143,44
202512,C01962,Existing,46,P0146,163
202512,C01963,Existing,39,P0180,112
202512,C01964,Existing,20,P0029,3
202512,C01965,Existing,41,P0112,68
202512,C01966,Existing,43,P0188,74
202512,C01967,Existing,31,P0021,83
202512,C01968,Left,40,P0145,126
202512,C01969,Existing,47,P0146,78
202512,C01970,Existing,37,P0185,123
202512,C01971,Existing,32,P0119,2
202512,C01972,Existing,50,P0165,70
202512,C01973,Existing,38,P0060,175
202512,C01974,Existing,44,P0166,26
202512,C01975,Existing,21,P0140,83
202512,C01976,Left,23,P0113,80
202512,C01977,Existing,48,P0129,120
202512,C01978,Existing,49,P0058,146
202512,C01979,Left,37,P0003,107
202512,C01980,Existing,45,P0191,103
202512,C01981,Existing,35,P0149,105
202512,C01982,Existing,50,P0023,173
202512,C01983,Existing,25,P0137,115
202512,C01984,Existing,50,P0083,126
202512,C01985,Existing,64,P0055,68
202512,C01986,Existing,39,P0110,167
202512,C01987,Left,26,P0116,83
202512,C01988,Existing,28,P0147,101
202512,C01989,Existing,45,P0062,156
202512,C01990,Existing,64,P0087,11
202512,C01991,Existing,47,P0167,161
202512,C01992,Left,49,P0100,81
202512,C01993,Existing,39,P0027,69
202512,C01994,Existing,44,P0174,130
202512,C01995,Existing,24,P0034,44
202512,C01996,Existing,37,P0033,151
202512,C01997,Left,58,P0092,72
202512,C01998,Left,46,P0096,49
202512,C01999,Existing,50,P0178,85
202512,C02000,Existing,63,P0148,4
202512,C02001,Existing,44,P0168,164
202512,C02002,Existing,50,P0095,79
202512,C02003,Left,48,P0186,9
202512,C02004,Existing,38,P0159,118
202512,C02005,Existing,39,P0038,147
202512,C02006,Existing,39,P0173,17
202512,C02007,Left,41,P0041,92
202512,C02008,Existing,41,P0137,25
202512,C02009,Existing,46,P0137,110
202512,C02010,Existing,40,P0191,143
202512,C02011,Existing,38,P0079,104
202512,C02012,Existing,51,P0128,22
202512,C02013,Existing,41,P0022,76
202512,C02014,Existing,37,P0016,139
202512,C02015,Existing,35,P0032,69
202512,C02016,Existing,33,P0194,67
202512,C02018,Left,42,P0038,70
202512,C02019,Existing,53,P0098,65
202512,C02020,Existing,50,P0136,152
202512,C02021,Existing,33,P0021,81
202512,C02022,Existing,38,P0056,96
202512,C02023,Existing,47,P0046,105
202512,C02024,Existing,43,P0043,118
202512,C02025,Existing,58,P0120,22
202512,C02026,Existing,21,P0046,41
202512,C02027,Left,60,P0048,2
202512,C02028,Left,38,P0198,16
202512,C02029,Existing,48,P0084,175
202512,C02030,Left,64,P0031,54
202512,C02031,Existing,48,P0161,92
202512,C02032,Existing,43,P0172,81
202512,C02033,Existing,60,P0071,41
202512,C02034,Left,26,P0008,85
202512,C02035,Existing,31,P0130,91
202512,C02036,Left,38,P0145,154
202512,C02037,Existing,50,P0052,99
202512,C02038,Existing,38,P0045,171
202512,C02039,Existing,39,P0037,75
202512,C02040,Left,37,P0170,47
202512,C02041,Existing,37,P0044,78
202512,C02042,Existing,56,P0117,104
202512,C02043,Existing,35,P0038,119
202512,C02044,Existing,48,P0099,134
202512,C02045,Existing,50,P0124,177
202512,C02046,Existing,39,P0006,62
202512,C02047,Existing,42,P0068,94
202512,C02048,Existing,48,P0179,77
202512,C02049,Existing,40,P0101,169
202512,C02050,Existing,26,P0163,23
202512,C02051,Existing,34,P0186,40
202512,C02052,Existing,47,P0185,75
202512,C02053,Existing,44,P0134,106
202512,C02054,Left,31,P0013,42
202512,C02055,Existing,39,P0187,92
202512,C02056,Existing,48,P0030,178
202512,C02057,Left,44,P0100,124
202512,C02058,Existing,20,P0002,13
202512,C02059,Existing,40,P0058,94
202512,C02060,Existing,45,P0036,105
202512,C02061,Existing,36,P0072,85
202512,C02062,Left,55,P0173,25
202512,C02063,Existing,26,P0137,27
202512,C02064,Left,27,P0126,11
202512,C02065,Existing,49,P0193,94
202512,C02066,Existing,34,P0077,56
202512,C02067,Existing,42,P0050,67
202512,C02068,Left,38,P0032,100
202512,C02069,Left,43,P0098,22
202512,C02070,Existing,38,P0043,160
202512,C02071,Existing,49,P0125,150
202512,C02072,Left,27,P0095,60
202512,C02073,Existing,37,P0078,154
202512,C02074,Existing,56,P0054,10
202512,C02075,Existing,43,P0047,116
202512,C02076,Left,38,P0014,176
202512,C02077,Existing,41,P0176,114
202512,C02078,Left,27,P0055,81
202512,C02079,Existing,31,P0157,35
202512,C02080,Existing,37,P0175,74
202512,C02081,Left,61,P0063,33
202512,C02082,Existing,64,P0019,25
202512,C02083,Left,37,P0091,144
202512,C02084,Existing,30,P0137,61
202512,C02085,Existing,46,P0101,70
202512,C02086,Existing,45,P0037,141
202512,C02087,Left,59,P0107,102
202512,C02088,Existing,64,P0092,111
202512,C02089,Existing,40,P0052,60
202512,C02090,Existing,47,P0185,125
202512,C02091,Existing,64,P0028,31
202512,C02092,Existing,41,P0036,111
202512,C02093,Existing,50,P0116,78
202512,C02094,Existing,45,P0064,162
202512,C02095,Existing,21,P0018,54
202512,C02096,Existing,27,P0089,43
202512,C02097,Left,41,P0163,5
202512,C02098,Existing,46,P0196,136
202512,C02099,Existing,44,P0078,62
202512,C02100,Existing,42,P0167,136
202512,C02101,Existing,64,P0090,101
202512,C02102,Existing,36,P0008,92
202512,C02103,Existing,48,P0015,128
202512,C02104,Existing,45,P0007,93
202512,C02105,Existing,36,P0017,101
202512,C02106,Existing,45,P0086,137
202512,C02107,Existing,50,P0118,174
202512,C02108,Existing,37,P0064,130
202512,C02109,Left,54,P0012,25
202512,C02110,Existing,38,P0056,60
202512,C02111,Existing,41,P0174,70
202512,C02112,Existing,53,P0175,103
202512,C02113,Existing,44,P0101,103
202512,C02114,Existing,45,P0016,123
202512,C02115,Existing,57,P0197,58
202512,C02116,Left,27,P0002,101
202512,C02117,Left,41,P0128,70
202512,C02118,Existing,55,P0092,108
202512,C02119,Left,36,P0105,22
202512,C02120,Existing,43,P0182,135
202512,C02121,Left,50,P0155,81
202512,C02122,Existing,49,P0031,19
202512,C02123,Existing,50,P0169,70
202512,C02124,Existing,64,P0164,68
202512,C02125,Existing,43,P0047,179
202512,C02126,Existing,40,P0043,130
202512,C02127,Existing,50,P0065,144
202512,C02128,Existing,42,P0050,176
202512,C02129,Existing,40,P0001,80
202512,C02130,Existing,44,P0200,28
202512,C02131,Existing,49,P0185,175
202512,C02132,Existing,38,P0144,179
202512,C02133,Existing,57,P0122,51
202512,C02134,Existing,56,P0028,31
202512,C02135,Existing,36,P0086,149
202512,C02136,Existing,30,P0082,95
202512,C02137,Existing,42,P0022,61
202512,C02138,Existing,48,P0041,110
202512,C02139,Left,42,P0076,100
202512,C02140,Existing,32,P0147,106
202512,C02141,Left,55,P0089,80
202512,C02142,Existing,45,P0178,142
202512,C02143,Existing,37,P0059,138
202512,C02144,Existing,47,P0069,128
202512,C02145,Left,37,P0162,51
202512,C02146,Existing,45,P0167,123
202512,C02147,Existing,43,P0123,100
202512,C02148,Existing,39,P0074,92
202512,C02149,Existing,45,P0007,179
202512,C02150,Existing,42,P0101,178
202512,C02151,Existing,40,P0111,83
202512,C02152,Existing,48,P0180,154
202512,C02153,Left,50,P0188,53
202512,C02154,Left,39,P0052,72
202512,C02155,Existing,37,P0024,80
202512,C02156,Left,47,P0026,103
202512,C02157,Existing,38,P0125,173
202512,C02158,Existing,47,P0090,60
202512,C02159,Left,34,P0122,16
202512,C02160,Existing,50,P0010,63
202512,C02161,Existing,45,P0017,65
202512,C02162,Existing,35,P0002,62
202512,C02163,Existing,46,P0112,78
202512,C02164,Existing,45,P0027,91
202512,C02165,Existing,56,P0071,31
202512,C02166,Existing,41,P0176,78
202512,C02167,Existing,47,P0118,155
202512,C02168,Left,20,P0009,85
202512,C02169,Existing,45,P0086,103
202512,C02170,Left,43,P0023,89
202512,C02171,Existing,45,P0199,84
202512,C02172,Existing,41,P0073,90
202512,C02173,Existing,41,P0027,109
202512,C02174,Left,20,P0093,110
202512,C02175,Existing,61,P0081,64
202512,C02176,Existing,40,P0084,76
202512,C02177,Left,27,P0199,118
202512,C02178,Existing,39,P0043,114
202512,C02179,Existing,40,P0007,129
202512,C02180,Existing,41,P0092,40
202512,C02181,Left,36,P0083,68
202512,C02182,Existing,38,P0191,102
202512,C02183,Existing,48,P0084,85
202512,C02184,Existing,55,P0044,102
202512,C02185,Existing,40,P0167,62
202512,C02186,Existing,37,P0040,23
202512,C02187,Existing,42,P0135,36
202512,C02188,Existing,37,P0198,95
202512,C02189,Existing,63,P0025,44
202512,C02190,Existing,50,P0059,111
202512,C02191,Left,29,P0141,39
202512,C02192,Left,46,P0103,70
202512,C02193,Existing,39,P0086,62
202512,C02194,Existing,40,P0112,63
202512,C02195,Existing,38,P0086,147
202512,C02196,Existing,35,P0098,32
202512,C02197,Existing,46,P0062,75
202512,C02198,Left,24,P0008,12
202512,C02199,Left,61,P0113,17
202512,C02200,Existing,59,P0173,104
202512,C02201,Existing,38,P0146,168
202512,C02202,Existing,43,P0060,75
202512,C02203,Existing,41,P0060,145
202512,C02204,Existing,48,P0106,104
202512,C02205,Left,57,P0002,24
202512,C02206,Existing,59,P0194,46
202512,C02207,Existing,48,P0091,178
202512,C02208,Existing,36,P0014,71
202512,C02209,Existing,37,P0048,61
202512,C02210,Existing,46,P0103,163
202512,C02211,Existing,43,P0056,115
202512,C02212,Existing,35,P0012,50
202512,C02213,Existing,56,P0055,53
202512,C02214,Existing,42,P0156,161
202512,C02215,Existing,50,P0110,143
202512,C02216,Existing,63,P0004,45
202512,C02217,Existing,55,P0036,23
202512,C02218,Existing,42,P0178,131
202512,C02219,Existing,62,P0131,18
202512,C02220,Existing,35,P0001,60
202512,C02221,Existing,48,P0017,95
202512,C02222,Left,35,P0199,17
202512,C02223,Existing,38,P0062,158
202512,C02224,Existing,50,P0048,73
202512,C02225,Existing,43,P0062,110
202512,C02226,Existing,48,P0069,165
202512,C02227,Existing,59,P0147,66
202512,C02228,Left,39,P0103,176
202512,C02229,Existing,50,P0110,131
202512,C02230,Existing,45,P0162,62
202512,C02231,Left,23,P0177,33
202512,C02232,Existing,52,P0175,28
202512,C02233,Existing,38,P0091,125
202512,C02234,Existing,30,P0114,35
202512,C02235,Existing,45,P0178,133
202512,C02236,Existing,42,P0089,34
202512,C02237,Left,51,P0154,16
202512,C02238,Existing,47,P0056,112
202512,C02239,Existing,48,P0078,135
202512,C02240,Existing,50,P0014,139
202512,C02241,Existing,21,P0025,23
202512,C02242,Existing,48,P0132,166
202512,C02243,Existing,41,P0032,152
202512,C02244,Left,36,P0082,9
202512,C02245,Left,38,P0078,133
202512,C02246,Existing,52,P0193,32
202512,C02247,Existing,35,P0106,123
202512,C02248,Left,42,P0189,26
202512,C02249,Existing,46,P0020,164
202512,C02250,Existing,28,P0074,94
202512,C02251,Left,61,P0010,80
202512,C02252,Existing,43,P0123,61
202512,C02253,Existing,62,P0034,19
202512,C02254,Existing,30,P0189,78
202512,C02255,Existing,26,P0155,79
202512,C02256,Left,50,P0040,88
202512,C02257,Existing,27,P0193,30
202512,C02258,Existing,33,P0127,29
202512,C02259,Existing,50,P0033,109
202512,C02260,Existing,46,P0196,93
202512,C02261,Existing,30,P0071,97
202512,C02262,Left,43,P0137,50
202512,C02263,Existing,39,P0144,134
202512,C02264,Existing,37,P0133,177
202512,C02265,Existing,59,P0098,55
202512,C02266,Existing,44,P0124,102
202512,C02267,Left,62,P0151,15
202512,C02268,Existing,48,P0043,156
202512,C02269,Existing,37,P0114,12
202512,C02270,Left,48,P0089,21
202512,C02271,Existing,45,P0185,71
202512,C02272,Existing,33,P0179,74
202512,C02273,Existing,49,P0013,111
202512,C02274,Existing,29,P0128,19
202512,C02275,Existing,41,P0152,118
202512,C02276,Existing,47,P0139,118
202512,C02277,Existing,23,P0052,97
202512,C02278,Existing,47,P0017,126
202512,C02279,Existing,41,P0165,120
202512,C02280,Existing,55,P0013,2
202512,C02281,Existing,43,P0190,154
202512,C02282,Existing,47,P0084,73
202512,C02283,Existing,28,P0097,111
202512,C02284,Existing,45,P0106,115
202512,C02285,Existing,44,P0096,113
202512,C02286,Left,30,P0008,101
202512,C02287,Left,26,P0056,34
202512,C02288,Existing,61,P0104,89
202512,C02289,Existing,47,P0083,114
202512,C02290,Left,56,P0198,15
202512,C02291,Left,23,P0044,78
202512,C02292,Left,36,P0188,21
202512,C02293,Existing,43,P0103,125
202512,C02294,Existing,37,P0112,147
202512,C02295,Existing,37,P0169,177
202512,C02296,Existing,48,P0149,160
202512,C02297,Left,37,P0042,86
202512,C02298,Existing,21,P0157,96
202512,C02299,Existing,20,P0193,9
202512,C02300,Existing,39,P0145,117
202512,C02301,Existing,41,P0030,122
202512,C02302,Existing,29,P0026,89
202512,C02303,Left,44,P0181,85
202512,C02304,Existing,35,P0125,99
202512,C02305,Existing,54,P0019,75
202512,C02306,Existing,34,P0053,45
202512,C02307,Existing,37,P0085,134
202512,C02308,Existing,36,P0017,86
202512,C02309,Existing,46,P0174,71
202512,C02310,Left,47,P0104,77
202512,C02311,Existing,47,P0181,86
202512,C02312,Existing,48,P0105,29
202512,C02313,Left,43,P0104,106
202512,C02314,Existing,50,P0192,39
202512,C02315,Existing,51,P0173,115
202512,C02316,Left,48,P0177,52
202512,C02317,Existing,54,P0147,70
202512,C02318,Existing,47,P0124,170
202512,C02319,Left,28,P0199,19
202512,C02320,Existing,60,P0081,28
202512,C02321,Existing,57,P0193,40
202512,C02322,Left,40,P0037,128
202512,C02323,Existing,44,P0121,65
202512,C02324,Existing,23,P0070,58
202512,C02325,Existing,33,P0154,97
202512,C02326,Existing,30,P0130,103
202512,C02327,Existing,35,P0059,85
202512,C02328,Existing,45,P0118,101
202512,C02329,Existing,50,P0133,84
202512,C02330,Existing,43,P0037,63
202512,C02331,Existing,50,P0031,11
202512,C02332,Existing,45,P0099,176
202512,C02333,Existing,41,P0094,65
202512,C02334,Existing,38,P0176,131
202512,C02335,Left,38,P0006,161
202512,C02336,Existing,46,P0015,102
202512,C02337,Existing,23,P0143,13
202512,C02338,Existing,64,P0189,25
202512,C02339,Existing,50,P0016,98
202512,C02340,Left,36,P0020,128
202512,C02341,Left,32,P0077,112
202512,C02342,Existing,50,P0044,99
202512,C02343,Existing,54,P0170,45
202512,C02344,Left,26,P0046,69
202512,C02345,Existing,27,P0095,8
202512,C02346,Left,38,P0162,103
202512,C02347,Existing,44,P0064,91
202512,C02348,Left,23,P0157,30
202512,C02349,Existing,58,P0131,5
202512,C02350,Left,47,P0009,22
202512,C02351,Left,36,P0153,88
202512,C02352,Existing,32,P0042,71
202512,C02353,Existing,38,P0174,118
202512,C02354,Existing,38,P0073,171
202512,C02355,Existing,43,P0084,87
202512,C02356,Existing,41,P0059,109
202512,C02357,Left,56,P0021,118
202512,C02358,Existing,42,P0150,74
202512,C02359,Existing,25,P0157,23
202512,C02360,Existing,48,P0063,23
202512,C02361,Existing,35,P0073,136
202512,C02362,Existing,37,P0061,168
202512,C02363,Existing,35,P0064,160
202512,C02364,Existing,38,P0069,90
202512,C02365,Existing,35,P0168,170
202512,C02366,Existing,43,P0129,68
202512,C02367,Existing,46,P0106,149
202512,C02368,Existing,42,P0065,106
202512,C02369,Left,56,P0122,56
202512,C02370,Existing,50,P0062,166
202512,C02371,Existing,37,P0182,178
202512,C02372,Existing,44,P0103,137
202512,C02373,Existing,44,P0060,75
202512,C02374,Existing,47,P0046,7
202512,C02375,Existing,46,P0005,164
202512,C02376,Existing,29,P0113,15
202512,C02377,Existing,36,P0150,105
202512,C02378,Existing,47,P0181,120
202512,C02379,Left,62,P0070,44
202512,C02380,Existing,41,P0160,79
202512,C02381,Existing,38,P0011,64
202512,C02382,Left,34,P0138,91
202512,C02383,Left,38,P0167,161
202512,C02384,Existing,44,P0098,22
202512,C02385,Existing,56,P0031,34
202512,C02386,Left,25,P0012,59
202512,C02387,Existing,57,P0108,13
202512,C02388,Existing,35,P0080,171
202512,C02389,Left,37,P0166,48
202512,C02390,Existing,45,P0067,65
202512,C02391,Existing,33,P0194,30
202512,C02392,Left,27,P0052,54
202512,C02393,Existing,38,P0133,133
202512,C02394,Existing,42,P0139,112
202512,C02395,Existing,29,P0025,92
202512,C02396,Existing,20,P0035,22
202512,C02397,Existing,34,P0163,74
202512,C02398,Existing,36,P0022,107
202512,C02399,Left,43,P0165,179
202512,C02400,Existing,36,P0183,106
202512,C02401,Left,46,P0096,51
202512,C02402,Existing,29,P0117,30
202512,C02403,Existing,53,P0200,73
202512,C02404,Left,31,P0192,47
202512,C02405,Existing,38,P0020,65
202512,C02406,Left,47,P0106,159
202512,C02407,Existing,60,P0004,31
202512,C02408,Existing,20,P0018,4
202512,C02409,Existing,20,P0051,52
202512,C02410,Left,47,P0196,109
202512,C02411,Existing,49,P0020,143
202512,C02412,Left,59,P0122,33
202512,C02413,Left,63,P0137,114
202512,C02414,Existing,46,P0080,143
202512,C02415,Existing,53,P0154,14
202512,C02416,Existing,34,P0102,17
202512,C02417,Existing,28,P0025,27
202512,C02418,Existing,39,P0196,87
202512,C02419,Existing,38,P0169,144
202512,C02420,Left,37,P0059,96
202512,C02421,Left,39,P0045,110
202512,C02422,Existing,50,P0041,71
202512,C02423,Existing,50,P0038,73
202512,C02424,Existing,20,P0117,116
202512,C02425,Existing,51,P0019,21
202512,C02427,Existing,31,P0127,30
202512,C02428,Existing,46,P0149,159
202512,C02429,Existing,20,P0143,14
202512,C02430,Left,63,P0003,102
202512,C02431,Existing,47,P0037,168
202512,C02432,Existing,26,P0117,32
202512,C02433,Existing,49,P0174,75
202512,C02434,Existing,43,P0016,137
202512,C02435,Existing,48,P0142,179
202512,C02436,Left,22,P0009,91
202512,C02437,Existing,45,P0007,160
202512,C02438,Existing,46,P0142,165
202512,C02439,Existing,50,P0134,91
202512,C02440,Existing,47,P0015,121
202512,C02441,Left,36,P0180,160
202512,C02442,Existing,50,P0072,169
202512,C02443,Left,23,P0162,71
202512,C02444,Existing,53,P0104,100
202512,C02445,Existing,49,P0129,175
202512,C02446,Left,59,P0096,93
202512,C02447,Existing,33,P0122,50
202512,C02448,Left,44,P0115,54
202512,C02449,Existing,35,P0197,11
202512,C02450,Left,54,P0148,23
202512,C02451,Existing,50,P0080,94
202512,C02452,Existing,41,P0007,128
202512,C02453,Existing,25,P0135,87
202512,C02454,Existing,36,P0050,141
202512,C02455,Existing,24,P0130,46
202512,C02456,Left,35,P0047,69
202512,C02457,Existing,46,P0014,149
202512,C02458,Existing,31,P0031,2
202512,C02459,Existing,43,P0050,92
202512,C02460,Existing,58,P0189,36
202512,C02461,Existing,38,P0041,85
202512,C02462,Left,35,P0014,97
202512,C02463,Existing,48,P0133,101
202512,C02464,Existing,42,P0005,178
202512,C02465,Existing,43,P0192,83
202512,C02466,Left,23,P0157,109
202512,C02467,Existing,48,P0005,129
202512,C02468,Left,47,P0113,40
202512,C02469,Existing,44,P0118,177
202512,C02470,Left,56,P0096,41
202512,C02471,Left,47,P0036,41
202512,C02472,Existing,47,P0079,137
202512,C02473,Existing,59,P0019,34
202512,C02474,Existing,61,P0192,14
202512,C02475,Existing,40,P0022,157
202512,C02476,Existing,64,P0162,112
202512,C02477,Existing,61,P0056,17
202512,C02478,Existing,50,P0017,160
202512,C02479,Left,58,P0184,94
202512,C02480,Existing,42,P0017,159
202512,C02481,Existing,39,P0146,160
202512,C02482,Existing,38,P0173,101
202512,C02483,Existing,41,P0078,99
202512,C02484,Existing,46,P0056,82
202512,C02485,Existing,36,P0080,75
202512,C02486,Existing,35,P0050,119
202512,C02487,Existing,35,P0058,104
202512,C02488,Left,59,P0018,64
202512,C02489,Left,25,P0135,60
202512,C02490,Left,40,P0076,99
202512,C02491,Existing,48,P0010,27
202512,C02492,Existing,41,P0069,166
202512,C02493,Existing,39,P0085,74
202512,C02494,Left,23,P0131,69
202512,C02495,Existing,38,P0083,74
202512,C02496,Existing,42,P0109,116
202512,C02497,Existing,41,P0044,113
202512,C02498,Existing,27,P0198,41
202512,C02499,Left,35,P0142,170
202512,C02500,Existing,46,P0132,97
202512,C02501,Left,56,P0018,56
202512,C02502,Existing,44,P0093,54
202512,C02503,Existing,43,P0180,106
202512,C02504,Existing,41,P0038,74
202512,C02505,Existing,27,P0148,44
202512,C02506,Existing,38,P0172,86
202512,C02507,Existing,59,P0051,81
202512,C02508,Existing,32,P0019,68
202512,C02509,Existing,44,P0120,86
202512,C02510,Left,36,P0068,40
202512,C02511,Existing,24,P0066,85
202512,C02512,Existing,59,P0141,85
202512,C02513,Existing,38,P0190,161
202512,C02514,Existing,27,P0189,73
202512,C02515,Existing,60,P0158,77
202512,C02516,Left,46,P0098,106
202512,C02517,Left,62,P0158,24
202512,C02518,Existing,61,P0179,11
202512,C02519,Left,27,P0088,17
202512,C02520,Existing,50,P0176,138
202512,C02521,Existing,47,P0033,109
202512,C02522,Existing,56,P0105,78
202512,C02523,Existing,54,P0074,81
202512,C02524,Existing,46,P0082,108
202512,C02525,Existing,21,P0019,68
202512,C02526,Left,40,P0071,63
202512,C02527,Existing,36,P0057,149
202512,C02528,Existing,47,P0147,29
202512,C02529,Existing,46,P0079,119
202512,C02530,Left,44,P0169,64
202512,C02531,Existing,28,P0042,32
202512,C02532,Existing,39,P0180,74
202512,C02533,Left,55,P0116,84
202512,C02534,Existing,41,P0004,64
202512,C02535,Existing,50,P0004,17
202512,C02536,Existing,41,P0005,142
202512,C02537,Existing,45,P0041,72
202512,C02538,Left,39,P0108,60
202512,C02539,Existing,24,P0087,63
202512,C02540,Existing,20,P0104,99
202512,C02541,Existing,55,P0117,71
202512,C02542,Existing,45,P0101,77
202512,C02543,Existing,43,P0189,11
202512,C02544,Existing,37,P0075,79
202512,C02545,Existing,52,P0183,34
202512,C02546,Left,28,P0075,40
202512,C02547,Existing,46,P0013,111
202512,C02548,Existing,41,P0142,112
202512,C02549,Existing,39,P0188,53
202512,C02550,Existing,62,P0200,100
202512,C02551,Left,53,P0025,81
202512,C02552,Existing,20,P0115,106
202512,C02553,Existing,49,P0172,144
202512,C02554,Existing,42,P0082,117
202512,C02555,Existing,55,P0010,114
202512,C02556,Left,21,P0199,18
202512,C02557,Existing,42,P0050,157
202512,C02558,Existing,50,P0172,103
202512,C02559,Existing,46,P0142,75
202512,C02560,Existing,36,P0015,179
202512,C02561,Existing,38,P0016,111
202512,C02562,Existing,50,P0002,26
202512,C02563,Existing,53,P0158,95
202512,C02564,Existing,42,P0030,71
202512,C02565,Left,53,P0082,77
202512,C02566,Left,40,P0031,41
202512,C02567,Left,40,P0077,28
202512,C02568,Existing,33,P0148,79
202512,C02569,Existing,62,P0177,71
202512,C02570,Existing,46,P0114,18
202512,C02571,Existing,20,P0035,102
202512,C02572,Existing,47,P0023,168
202512,C02573,Existing,37,P0106,146
202512,C02574,Existing,47,P0097,32
202512,C02575,Existing,45,P0115,14
202512,C02576,Left,47,P0100,127
202512,C02577,Existing,33,P0189,27
202512,C02578,Left,22,P0055,94
202512,C02579,Existing,41,P0195,77
202512,C02580,Left,59,P0008,74
202512,C02581,Existing,39,P0168,100
202512,C02582,Existing,35,P0059,100
202512,C02583,Existing,33,P0128,101
202512,C02584,Existing,44,P0032,149
202512,C02585,Left,43,P0093,87
202512,C02586,Existing,46,P0007,117
202512,C02587,Existing,37,P0002,80
202512,C02588,Existing,36,P0085,137
202512,C02589,Existing,36,P0134,176
202512,C02590,Existing,43,P0106,163
202512,C02591,Existing,36,P0036,87
202512,C02592,Existing,41,P0160,82
202512,C02593,Existing,50,P0045,165
202512,C02594,Existing,55,P0042,22
202512,C02595,Existing,59,P0053,105
202512,C02596,Existing,41,P0110,132
202512,C02597,Existing,53,P0009,73
202512,C02598,Left,23,P0087,46
202512,C02599,Existing,30,P0114,98
202512,C02600,Existing,54,P0075,69
202512,C02601,Left,30,P0177,12
202512,C02602,Existing,38,P0130,77
202512,C02603,Existing,46,P0195,118
202512,C02604,Existing,42,P0011,81
202512,C02605,Existing,39,P0050,144
202512,C02606,Left,48,P0163,101
202512,C02607,Existing,45,P0122,75
202512,C02608,Left,53,P0143,83
202512,C02609,Left,56,P0075,78
202512,C02610,Left,56,P0031,21
202512,C02611,Left,60,P0092,12
202512,C02612,Existing,49,P0190,172
202512,C02613,Existing,37,P0156,172
202512,C02614,Existing,43,P0153,72
202512,C02615,Existing,33,P0092,72
202512,C02616,Existing,43,P0153,179
202512,C02617,Existing,42,P0075,21
202512,C02618,Left,33,P0092,80
202512,C02619,Existing,38,P0129,91
202512,C02620,Existing,30,P0187,60
202512,C02621,Existing,45,P0197,110
202512,C02622,Left,52,P0042,64
202512,C02623,Existing,41,P0110,133
202512,C02624,Left,29,P0162,99
202512,C02625,Left,61,P0194,72
202512,C02626,Existing,37,P0018,73
202512,C02627,Existing,49,P0077,4
202512,C02628,Existing,48,P0133,112
202512,C02629,Existing,50,P0020,143
202512,C02630,Existing,40,P0194,31
202512,C02631,Left,26,P0127,77
202512,C02632,Existing,27,P0075,76
202512,C02633,Left,44,P0062,88
202512,C02634,Existing,39,P0032,92
202512,C02635,Existing,60,P0186,18
202512,C02636,Existing,49,P0178,75
202512,C02637,Existing,56,P0166,14
202512,C02638,Existing,49,P0183,60
202512,C02639,Left,55,P0028,30
202512,C02640,Left,42,P0074,48
202512,C02641,Existing,26,P0081,42
202512,C02642,Left,46,P0022,161
202512,C02643,Existing,52,P0171,104
202512,C02644,Existing,51,P0164,48
202512,C02645,Left,45,P0096,103
202512,C02646,Existing,22,P0122,24
202512,C02647,Existing,36,P0123,143
202512,C02648,Existing,61,P0052,20
202512,C02649,Left,57,P0164,20
202512,C02650,Existing,43,P0156,101
202512,C02651,Existing,43,P0078,100
202512,C02652,Existing,62,P0186,46
202512,C02653,Existing,29,P0164,51
202512,C02654,Left,28,P0070,97
202512,C02655,Left,49,P0137,100
202512,C02656,Left,25,P0021,79
202512,C02657,Existing,38,P0064,145
202512,C02658,Existing,48,P0076,93
202512,C02659,Existing,47,P0061,125
202512,C02660,Existing,28,P0095,22
202512,C02661,Existing,56,P0040,10
202512,C02662,Existing,36,P0184,67
202512,C02663,Existing,56,P0004,36
202512,C02664,Left,32,P0031,105
202512,C02665,Left,26,P0155,94
202512,C02666,Left,29,P0186,33
202512,C02667,Left,47,P0153,88
202512,C02668,Left,35,P0069,174
202512,C02669,Existing,51,P0070,109
202512,C02670,Existing,37,P0005,118
202512,C02671,Left,20,P0115,110
202512,C02672,Existing,38,P0091,97
202512,C02673,Left,60,P0008,31
202512,C02674,Existing,60,P0009,54
202512,C02675,Existing,49,P0015,88
202512,C02676,Existing,22,P0105,58
202512,C02677,Existing,40,P0007,79
202512,C02678,Existing,48,P0072,72
202512,C02679,Left,34,P0115,110
202512,C02680,Existing,47,P0015,134
202512,C02681,Existing,48,P0165,75
202512,C02682,Existing,50,P0083,162
202512,C02683,Left,23,P0039,62
202512,C02684,Existing,44,P0134,75
202512,C02685,Existing,48,P0057,136
202512,C02686,Left,20,P0092,69
202512,C02687,Existing,30,P0081,34
202512,C02688,Existing,37,P0147,79
202512,C02689,Existing,49,P0127,109
202512,C02690,Existing,42,P0191,150
202512,C02691,Existing,49,P0159,91
202512,C02692,Existing,33,P0075,91
202512,C02693,Existing,37,P0079,136
202512,C02694,Existing,20,P0010,39
202512,C02695,Existing,24,P0107,2
202512,C02696,Existing,48,P0087,117
202512,C02697,Existing,43,P0067,123
202512,C02698,Existing,44,P0062,135
202512,C02699,Left,23,P0131,61
202512,C02700,Left,42,P0146,110
202512,C02701,Existing,47,P0153,157
202512,C02702,Left,24,P0107,91
202512,C02703,Existing,45,P0148,10
202512,C02704,Existing,35,P0186,17
202512,C02705,Left,40,P0093,54
202512,C02706,Left,45,P0086,81
202512,C02707,Existing,38,P0178,80
202512,C02708,Left,46,P0121,48
202512,C02709,Existing,36,P0079,177
202512,C02710,Left,63,P0010,94
202512,C02711,Existing,38,P0149,99
202512,C02712,Existing,49,P0029,26
202512,C02713,Existing,62,P0096,31
202512,C02714,Existing,36,P0010,81
202512,C02715,Left,43,P0013,97
202512,C02716,Existing,43,P0047,61
202512,C02717,Existing,57,P0151,45
202512,C02718,Existing,44,P0050,62
202512,C02719,Existing,38,P0132,100
202512,C02720,Existing,42,P0116,76
202512,C02721,Left,40,P0113,85
202512,C02722,Existing,40,P0195,96
202512,C02723,Existing,36,P0085,70
202512,C02724,Left,29,P0053,90
202512,C02725,Left,36,P0130,87
202512,C02726,Existing,47,P0068,80
202512,C02727,Existing,40,P0193,59
202512,C02728,Existing,39,P0079,80
202512,C02729,Existing,39,P0057,178
202512,C02730,Existing,34,P0097,1
202512,C02731,Left,54,P0198,96
202512,C02732,Left,43,P0135,63
202512,C02733,Left,64,P0147,41
202512,C02734,Existing,40,P0172,163
202512,C02735,Left,44,P0063,60
202512,C02736,Left,40,P0065,173
202512,C02737,Existing,53,P0039,61
202512,C02738,Existing,39,P0109,162
202512,C02739,Existing,51,P0026,42
202512,C02740,Existing,43,P0172,107
202512,C02741,Existing,22,P0012,118
202512,C02742,Existing,42,P0150,82
202512,C02743,Existing,56,P0077,7
202512,C02744,Existing,36,P0142,154
202512,C02745,Left,36,P0086,158
202512,C02746,Existing,49,P0030,98
202512,C02747,Existing,49,P0172,122
202512,C02748,Left,59,P0166,16
202512,C02749,Existing,35,P0187,30
202512,C02750,Existing,21,P0170,104
202512,C02751,Existing,57,P0052,51
202512,C02752,Existing,24,P0063,111
202512,C02753,Existing,31,P0189,115
202512,C02754,Left,28,P0120,106
202512,C02755,Left,35,P0105,4
202512,C02756,Left,35,P0162,14
202512,C02757,Left,60,P0039,102
202512,C02758,Existing,36,P0041,178
202512,C02759,Existing,58,P0121,90
202512,C02760,Left,45,P0108,4
202512,C02761,Existing,46,P0165,61
202512,C02762,Existing,46,P0065,116
202512,C02763,Left,47,P0118,80
202512,C02764,Existing,44,P0079,96
202512,C02765,Existing,32,P0160,15
202512,C02766,Existing,42,P0008,4
202512,C02767,Existing,22,P0097,103
202512,C02768,Left,44,P0018,118
202512,C02770,Existing,44,P0096,25
202512,C02771,Existing,47,P0033,74
202512,C02772,Existing,50,P0005,133
202512,C02773,Existing,48,P0127,38
202512,C02774,Existing,38,P0074,46
202512,C02775,Existing,28,P0126,26
202512,C02776,Existing,55,P0164,14
202512,C02777,Existing,25,P0151,32
202512,C02778,Existing,49,P0168,108
202512,C02779,Existing,39,P0005,161
202512,C02780,Existing,56,P0034,83
202512,C02781,Existing,39,P0024,70
202512,C02782,Existing,40,P0145,125
202512,C02783,Left,36,P0095,4
202512,C02784,Existing,34,P0071,94
202512,C02785,Left,21,P0092,19
202512,C02786,Existing,50,P0125,178
202512,C02787,Existing,44,P0022,115
202512,C02788,Existing,40,P0015,102
202512,C02789,Left,35,P0101,108
202512,C02790,Existing,46,P0015,153
202512,C02791,Existing,43,P0153,140
202512,C02792,Existing,34,P0053,63
202512,C02793,Existing,38,P0149,156
202512,C02794,Existing,55,P0102,13
202512,C02795,Left,42,P0194,72
202512,C02796,Existing,59,P0113,110
202512,C02797,Existing,48,P0032,84
202512,C02798,Existing,45,P0021,24
202512,C02799,Existing,43,P0196,175
202512,C02800,Existing,47,P0172,164
202512,C02801,Existing,43,P0083,129
202512,C02802,Existing,35,P0194,21
202512,C02803,Existing,44,P0014,120
202512,C02804,Existing,37,P0015,173
202512,C02805,Existing,32,P0148,54
202512,C02806,Existing,30,P0034,42
202512,C02807,Left,44,P0164,100
202512,C02808,Existing,47,P0083,103
202512,C02809,Left,64,P0009,8
202512,C02810,Existing,63,P0199,18
202512,C02811,Existing,60,P0158,5
202512,C02812,Existing,27,P0077,87
202512,C02813,Left,39,P0191,154
202512,C02814,Left,39,P0163,67
202512,C02815,Existing,40,P0141,77
202512,C02816,Left,43,P0174,98
202512,C02817,Left,60,P0184,5
202512,C02818,Existing,23,P0009,41
202512,C02819,Left,41,P0036,78
202512,C02820,Existing,54,P0117,68
202512,C02821,Existing,20,P0003,11
202512,C02822,Existing,48,P0019,103
202512,C02823,Existing,42,P0156,175
202512,C02824,Existing,42,P0023,137
202512,C02825,Left,41,P0104,101
202512,C02826,Existing,20,P0135,20
202512,C02827,Left,21,P0105,70
202512,C02828,Existing,41,P0142,143
202512,C02829,Existing,60,P0046,54
202512,C02830,Existing,24,P0143,89
202512,C02831,Existing,49,P0195,60
202512,C02832,Existing,48,P0015,74
202512,C02833,Existing,40,P0051,53
202512,C02834,Existing,45,P0110,69
202512,C02835,Existing,20,P0008,37
202512,C02836,Existing,46,P0069,99
202512,C02837,Existing,35,P0190,79
202512,C02838,Existing,23,P0179,90
202512,C02839,Left,20,P0063,1
202512,C02840,Existing,31,P0068,118
202512,C02841,Left,47,P0144,72
202512,C02842,Existing,36,P0152,92
202512,C02843,Left,41,P0006,147
202512,C02844,Left,23,P0119,102
202512,C02845,Existing,45,P0057,159
202512,C02846,Existing,20,P0031,94
202512,C02847,Existing,37,P0006,165
202512,C02848,Left,20,P0157,59
202512,C02849,Existing,48,P0067,60
202512,C02850,Existing,40,P0131,22
202512,C02851,Existing,40,P0156,123
202512,C02852,Existing,38,P0074,91
202512,C02853,Left,48,P0114,60
202512,C02854,Existing,20,P0097,48
202512,C02855,Existing,39,P0176,93
202512,C02856,Existing,37,P0080,82
202512,C02857,Existing,44,P0123,135
202512,C02858,Existing,58,P0138,27
202512,C02859,Existing,39,P0033,143
202512,C02860,Existing,46,P0195,121
202512,C02861,Existing,35,P0197,12
202512,C02862,Existing,21,P0140,89
202512,C02863,Existing,50,P0185,88
202512,C02864,Existing,64,P0044,87
202512,C02865,Left,38,P0013,15
202512,C02866,Existing,46,P0152,140
202512,C02867,Existing,38,P0172,132
202512,C02868,Existing,40,P0057,125
202512,C02869,Left,38,P0096,7
202512,C02870,Existing,46,P0144,173
202512,C02871,Existing,38,P0109,142
202512,C02872,Left,57,P0120,85
202512,C02873,Existing,46,P0100,161
202512,C02874,Existing,42,P0149,160
202512,C02875,Existing,47,P0111,175
202512,C02876,Existing,49,P0051,53
202512,C02877,Existing,49,P0021,5
202512,C02878,Existing,38,P0060,131
202512,C02879,Existing,36,P0179,46
202512,C02880,Existing,46,P0021,52
202512,C02881,Existing,64,P0107,21
202512,C02882,Existing,63,P0126,114
202512,C02883,Existing,47,P0134,162
202512,C02884,Existing,48,P0073,109
202512,C02885,Existing,43,P0193,77
202512,C02886,Existing,61,P0076,24
202512,C02887,Existing,25,P0186,76
202512,C02888,Existing,47,P0078,86
202512,C02889,Existing,38,P0134,76
202512,C02891,Existing,40,P0086,70
202512,C02892,Existing,51,P0034,27
202512,C02893,Existing,46,P0056,49
202512,C02894,Left,48,P0075,73
202512,C02895,Existing,58,P0003,29
202512,C02896,Existing,54,P0170,117
202512,C02897,Existing,41,P0190,98
202512,C02898,Existing,38,P0006,74
202512,C02899,Existing,44,P0006,135
202512,C02900,Existing,41,P0191,178
202512,C02901,Existing,60,P0148,100
202512,C02902,Existing,44,P0149,162
202512,C02903,Existing,30,P0002,56
202512,C02904,Existing,35,P0090,27
202512,C02905,Existing,40,P0056,119
202512,C02906,Existing,64,P0096,35
202512,C02907,Existing,51,P0010,17
202512,C02908,Left,47,P0087,82
202512,C02909,Existing,39,P0070,71
202512,C02910,Left,35,P0151,39
202512,C02911,Left,42,P0113,32
202512,C02912,Existing,45,P0030,78
202512,C02913,Existing,33,P0128,119
202512,C02914,Existing,43,P0078,119
202512,C02915,Left,49,P0165,142
202512,C02916,Left,34,P0055,79
202512,C02917,Existing,28,P0049,5
202512,C02918,Left,48,P0034,62
202512,C02919,Existing,41,P0105,13
202512,C02920,Existing,35,P0172,106
202512,C02921,Existing,50,P0022,159
202512,C02922,Existing,33,P0031,114
202512,C02923,Existing,59,P0135,9
202512,C02924,Existing,52,P0105,77
202512,C02925,Existing,35,P0149,163
202512,C02926,Existing,50,P0016,124
202512,C02927,Existing,40,P0020,149
202512,C02928,Existing,39,P0043,108
202512,C02929,Left,36,P0172,95
202512,C02930,Existing,36,P0047,162
202512,C02931,Left,64,P0114,115
202512,C02932,Existing,57,P0019,20
202512,C02933,Existing,37,P0048,88
202512,C02934,Existing,64,P0197,26
202512,C02935,Existing,44,P0139,72
202512,C02936,Existing,33,P0157,73
202512,C02937,Existing,37,P0045,163
202512,C02938,Existing,41,P0196,169
202512,C02939,Existing,58,P0164,14
202512,C02940,Left,45,P0176,160
202512,C02941,Existing,20,P0087,55
202512,C02942,Existing,42,P0015,178
202512,C02943,Existing,49,P0110,165
202512,C02944,Existing,49,P0172,98
202512,C02945,Existing,37,P0195,91
202512,C02946,Left,61,P0096,117
202512,C02947,Existing,40,P0168,142
202512,C02948,Left,45,P0102,69
202512,C02949,Left,45,P0086,125
202512,C02950,Existing,46,P0142,122
202512,C02951,Existing,46,P0191,143
202512,C02952,Existing,55,P0081,11
202512,C02953,Existing,22,P0051,37
202512,C02954,Existing,49,P0112,84
202512,C02955,Existing,35,P0186,112
202512,C02956,Existing,41,P0015,166
202512,C02957,Existing,49,P0065,148
202512,C02958,Left,57,P0088,111
202512,C02959,Existing,54,P0183,78
202512,C02960,Existing,22,P0076,102
202512,C02961,Left,52,P0010,105
202512,C02962,Left,55,P0042,26
202512,C02963,Left,49,P0095,17
202512,C02964,Existing,49,P0011,120
202512,C02965,Existing,35,P0118,72
202512,C02966,Left,36,P0144,89
202512,C02967,Existing,50,P0125,125
202512,C02968,Existing,46,P0078,71
202512,C02969,Existing,63,P0147,24
202512,C02970,Existing,35,P0159,117
202512,C02971,Existing,43,P0181,153
202512,C02972,Existing,26,P0090,22
202512,C02973,Left,44,P0008,74
202512,C02974,Existing,35,P0152,128
202512,C02975,Existing,40,P0136,76
202512,C02976,Existing,42,P0111,87
202512,C02977,Existing,36,P0176,86
202512,C02978,Existing,26,P0158,61
202512,C02979,Existing,50,P0058,78
202512,C02980,Existing,48,P0086,153
202512,C02981,Left,36,P0055,75
202512,C02982,Existing,31,P0122,3
202512,C02983,Existing,49,P0190,110
202512,C02984,Existing,29,P0108,116
202512,C02985,Existing,29,P0048,17
202512,C02986,Existing,43,P0132,120
202512,C02987,Left,45,P0165,72
202512,C02988,Left,35,P0136,144
202512,C02989,Existing,41,P0129,133
202512,C02990,Existing,41,P0198,105
202512,C02991,Existing,38,P0047,170
202512,C02992,Existing,50,P0005,72
202512,C02993,Existing,44,P0178,143
202512,C02994,Existing,40,P0024,88
202512,C02995,Existing,62,P0175,23
202512,C02996,Left,49,P0018,107
202512,C02997,Existing,42,P0084,172
202512,C02998,Existing,44,P0156,155
202512,C02999,Existing,42,P0005,147
202512,C03000,Left,50,P0030,93
202512,C03001,Existing,36,P0001,76
202512,C03002,Existing,40,P0086,103
202512,C03003,Existing,21,P0082,72
202512,C03004,Existing,43,P0174,60
202512,C03005,Existing,43,P0069,73
202512,C03006,Left,55,P0031,93
202512,C03007,Existing,55,P0198,3
202512,C03008,Left,41,P0091,177
202512,C03009,Existing,49,P0184,19
202512,C03010,Existing,22,P0093,98
202512,C03011,Existing,46,P0127,87
202512,C03012,Existing,49,P0156,158
202512,C03013,Existing,50,P0016,77
202512,C03014,Existing,58,P0054,19
202512,C03015,Existing,49,P0181,116
202512,C03016,Existing,24,P0140,78
202512,C03017,Existing,38,P0020,147
202512,C03018,Existing,40,P0082,57
202512,C03019,Existing,24,P0162,24
202512,C03020,Existing,46,P0181,112
202512,C03021,Existing,26,P0192,42
202512,C03022,Existing,49,P0151,34
202512,C03023,Existing,46,P0109,176
202512,C03024,Left,48,P0155,10
202512,C03025,Existing,32,P0113,42
202512,C03026,Existing,50,P0017,138
202512,C03027,Existing,42,P0176,129
202512,C03028,Existing,35,P0149,69
202512,C03029,Existing,45,P0178,165
202512,C03030,Left,44,P0168,144
202512,C03031,Left,52,P0126,52
202512,C03032,Existing,34,P0003,22
202512,C03033,Existing,45,P0017,85
202512,C03034,Existing,43,P0189,103
202512,C03035,Left,50,P0050,136
202512,C03036,Existing,60,P0122,108
202512,C03037,Existing,43,P0090,13
202512,C03038,Existing,29,P0087,42
202512,C03039,Existing,43,P0006,62
202512,C03040,Existing,46,P0156,140
202512,C03041,Existing,54,P0200,37
202512,C03042,Left,43,P0055,102
202512,C03043,Existing,28,P0186,61
202512,C03044,Existing,26,P0173,45
202512,C03045,Existing,49,P0200,63
202512,C03046,Existing,55,P0147,5
202512,C03047,Existing,42,P0102,6
202512,C03048,Existing,52,P0029,49
202512,C03049,Left,53,P0151,107
202512,C03050,Existing,47,P0111,175
202512,C03051,Existing,51,P0160,28
202512,C03052,Existing,41,P0010,91
202512,C03053,Existing,46,P0091,161
202512,C03054,Existing,43,P0177,47
202512,C03055,Left,33,P0193,39
202512,C03056,Existing,40,P0029,15
202512,C03057,Left,52,P0187,81
202512,C03058,Existing,35,P0045,139
202512,C03059,Existing,44,P0195,82
202512,C03060,Left,28,P0051,110
202512,C03061,Existing,47,P0101,111
202512,C03062,Existing,62,P0128,13
202512,C03063,Existing,37,P0011,120
202512,C03064,Existing,24,P0082,32
202512,C03065,Existing,24,P0128,101
202512,C03066,Existing,36,P0006,120
202512,C03067,Existing,35,P0067,121
202512,C03068,Left,46,P0062,170
202512,C03069,Existing,47,P0133,102
202512,C03070,Existing,36,P0137,63
202512,C03071,Existing,35,P0028,49
202512,C03072,Left,42,P0038,141
202512,C03073,Existing,45,P0043,168
202512,C03074,Left,64,P0117,108
202512,C03075,Existing,43,P0149,100
202512,C03076,Existing,43,P0190,127
202512,C03077,Left,43,P0046,110
202512,C03078,Existing,57,P0198,99
202512,C03079,Existing,54,P0166,46
202512,C03080,Left,63,P0049,26
202512,C03081,Existing,49,P0039,116
202512,C03082,Left,38,P0071,22
202512,C03083,Left,30,P0127,26
202512,C03084,Left,38,P0158,12
202512,C03085,Existing,42,P0149,77
202512,C03086,Existing,50,P0001,83
202512,C03087,Existing,57,P0160,67
202512,C03088,Existing,46,P0136,111
202512,C03089,Existing,49,P0069,98
202512,C03090,Existing,35,P0030,139
202512,C03091,Existing,28,P0115,5
202512,C03092,Left,40,P0008,97
202512,C03093,Existing,39,P0113,58
202512,C03094,Existing,41,P0019,77
202512,C03095,Existing,36,P0059,122
202512,C03096,Left,52,P0183,44
202512,C03097,Existing,20,P0158,36
202512,C03098,Existing,47,P0079,134
202512,C03099,Left,32,P0036,75
202512,C03100,Existing,44,P0055,79
202512,C03101,Existing,61,P0044,33
202512,C03102,Existing,43,P0155,20
202512,C03103,Existing,43,P0077,26
202512,C03104,Existing,47,P0078,137
202512,C03105,Existing,36,P0101,150
202512,C03106,Existing,49,P0182,145
202512,C03107,Existing,45,P0176,117
202512,C03108,Existing,44,P0030,171
202512,C03109,Existing,28,P0039,77
202512,C03110,Existing,40,P0013,49
202512,C03111,Existing,26,P0122,46
202512,C03112,Existing,39,P0144,110
202512,C03113,Existing,44,P0172,156
202512,C03114,Left,32,P0199,17
202512,C03115,Existing,43,P0112,113
202512,C03116,Existing,50,P0155,75
202512,C03117,Left,41,P0045,145
202512,C03118,Existing,61,P0119,48
202512,C03119,Existing,37,P0035,63
202512,C03120,Existing,45,P0156,83
202512,C03121,Existing,38,P0007,142
202512,C03122,Existing,39,P0190,142
202512,C03123,Existing,50,P0110,138
202512,C03124,Left,42,P0114,59
202512,C03125,Existing,41,P0051,42
202512,C03126,Left,52,P0046,3
202512,C03127,Existing,48,P0020,122
202512,C03128,Existing,56,P0096,86
202512,C03129,Existing,37,P0038,73
202512,C03130,Existing,52,P0189,85
202512,C03131,Existing,29,P0104,99
202512,C03132,Existing,45,P0032,129
202512,C03133,Left,60,P0154,72
202512,C03134,Existing,39,P0058,144
202512,C03135,Existing,39,P0167,142
202512,C03136,Left,39,P0148,52
202512,C03137,Existing,26,P0082,97
202512,C03138,Existing,44,P0050,65
202512,C03139,Existing,37,P0052,107
202512,C03140,Existing,47,P0086,142
202512,C03141,Existing,23,P0115,115
202512,C03142,Left,45,P0150,110
202512,C03143,Existing,28,P0053,72
202512,C03144,Existing,49,P0066,93
202512,C03145,Existing,37,P0117,64
202512,C03146,Existing,40,P0043,90
202512,C03147,Existing,61,P0082,64
202512,C03148,Existing,50,P0151,44
202512,C03149,Existing,42,P0064,147
202512,C03150,Existing,27,P0137,50
202512,C03151,Existing,47,P0113,70
202512,C03152,Existing,47,P0135,117
202512,C03153,Left,35,P0169,164
202512,C03154,Existing,43,P0054,6
202512,C03155,Left,39,P0065,120
202512,C03156,Existing,54,P0002,99
202512,C03157,Existing,41,P0132,119
202512,C03158,Existing,37,P0078,106
202512,C03159,Existing,38,P0032,69
202512,C03160,Existing,42,P0100,114
202512,C03161,Existing,59,P0130,76
202512,C03162,Existing,42,P0104,15
202512,C03163,Existing,57,P0192,5
202512,C03164,Left,39,P0142,80
202512,C03165,Existing,45,P0148,79
202512,C03166,Left,39,P0089,59
202512,C03167,Left,60,P0049,87
202512,C03168,Existing,43,P0136,127
202512,C03169,Existing,40,P0191,126
202512,C03170,Existing,43,P0174,88
202512,C03171,Existing,41,P0149,176
202512,C03172,Left,27,P0087,98
202512,C03173,Left,45,P0160,60
202512,C03174,Left,26,P0008,67
202512,C03175,Existing,41,P0101,97
202512,C03176,Existing,46,P0016,77
202512,C03177,Left,58,P0040,5
202512,C03178,Left,47,P0106,166
202512,C03179,Existing,44,P0027,103
202512,C03180,Existing,42,P0104,97
202512,C03181,Existing,64,P0105,16
202512,C03182,Existing,37,P0146,84
202512,C03183,Existing,47,P0035,9
202512,C03184,Existing,46,P0113,90
202512,C03185,Left,29,P0052,58
202512,C03186,Existing,51,P0143,88
202512,C03187,Existing,42,P0191,89
202512,C03188,Existing,46,P0053,79
202512,C03189,Existing,41,P0091,125
202512,C03190,Existing,64,P0081,87
202512,C03191,Existing,32,P0104,78
202512,C03192,Existing,41,P0066,20
202512,C03193,Left,39,P0113,78
202512,C03194,Existing,51,P0031,30
202512,C03195,Existing,36,P0061,168
202512,C03196,Left,43,P0192,4
202512,C03197,Existing,47,P0101,177
202512,C03198,Existing,35,P0105,71
202512,C03199,Left,60,P0098,31
202512,C03200,Existing,60,P0034,41
202512,C03201,Existing,47,P0183,108
202512,C03202,Existing,37,P0059,146
202512,C03203,Existing,27,P0003,25
202512,C03204,Existing,40,P0017,158
202512,C03205,Existing,36,P0078,64
202512,C03206,Existing,39,P0046,76
202512,C03207,Left,56,P0166,102
202512,C03208,Existing,48,P0035,99
202512,C03209,Existing,40,P0129,80
202512,C03210,Existing,40,P0112,143
202512,C03211,Existing,55,P0157,77
202512,C03212,Existing,42,P0132,142
202512,C03213,Existing,39,P0061,96
202512,C03214,Left,22,P0097,98
202512,C03215,Left,49,P0145,130
202512,C03216,Existing,49,P0156,166
202512,C03217,Existing,36,P0178,143
202512,C03218,Existing,58,P0090,97
202512,C03219,Existing,44,P0136,94
202512,C03220,Existing,39,P0162,30
202512,C03221,Existing,46,P0059,74
202512,C03222,Existing,32,P0018,111
202512,C03223,Left,43,P0095,65
202512,C03224,Left,46,P0187,18
202512,C03225,Existing,48,P0155,72
202512,C03226,Existing,39,P0016,92
202512,C03227,Existing,24,P0010,113
202512,C03228,Existing,32,P0104,81
202512,C03229,Existing,21,P0076,88
202512,C03230,Existing,36,P0150,71
202512,C03231,Existing,44,P0016,153
202512,C03232,Existing,20,P0012,60
202512,C03233,Existing,45,P0075,79
202512,C03234,Existing,47,P0179,68
202512,C03235,Existing,47,P0129,99
202512,C03236,Existing,50,P0027,153
202512,C03237,Existing,42,P0195,120
202512,C03238,Existing,31,P0012,89
202512,C03239,Existing,42,P0030,70
202512,C03240,Existing,59,P0009,65
202512,C03241,Existing,39,P0053,96
202512,C03242,Existing,49,P0189,48
202512,C03243,Existing,61,P0054,60
202512,C03244,Existing,41,P0165,166
202512,C03245,Left,44,P0193,23
202512,C03246,Left,52,P0170,5
202512,C03247,Existing,50,P0049,13
202512,C03248,Existing,24,P0004,23
202512,C03249,Existing,29,P0192,114
202512,C03250,Existing,42,P0079,175
202512,C03251,Existing,21,P0179,49
202512,C03252,Existing,39,P0091,133
202512,C03253,Existing,56,P0200,84
202512,C03254,Existing,54,P0188,98
202512,C03255,Existing,50,P0079,91
202512,C03256,Left,36,P0159,115
202512,C03257,Existing,39,P0103,126
202512,C03258,Existing,50,P0111,126
202512,C03259,Existing,58,P0200,118
202512,C03260,Existing,42,P0058,78
202512,C03261,Existing,24,P0082,69
202512,C03262,Existing,35,P0132,123
202512,C03263,Existing,43,P0022,163
202512,C03264,Left,24,P0131,119
202512,C03265,Existing,41,P0079,173
202512,C03266,Existing,45,P0099,169
202512,C03267,Left,57,P0175,109
202512,C03268,Existing,45,P0038,98
202512,C03269,Existing,49,P0161,75
202512,C03270,Existing,48,P0176,146
202512,C03271,Existing,46,P0193,63
202512,C03272,Existing,49,P0117,64
202512,C03273,Existing,28,P0026,11
202512,C03274,Existing,48,P0136,163
202512,C03275,Existing,50,P0050,153
202512,C03276,Existing,41,P0038,119
202512,C03277,Left,35,P0138,87
202512,C03278,Existing,43,P0042,86
202512,C03279,Existing,49,P0037,172
202512,C03280,Existing,47,P0154,36
202512,C03281,Existing,55,P0140,86
202512,C03282,Existing,41,P0049,75
202512,C03283,Existing,47,P0142,114
202512,C03284,Existing,33,P0046,18
202512,C03285,Existing,53,P0163,45
202512,C03286,Existing,22,P0029,63
202512,C03287,Existing,41,P0012,87
202512,C03288,Existing,51,P0116,29
202512,C03289,Left,64,P0082,119
202512,C03290,Left,64,P0044,17
202512,C03291,Existing,36,P0194,108
202512,C03292,Existing,57,P0002,37
202512,C03293,Existing,44,P0187,73
202512,C03294,Left,40,P0017,152
202512,C03295,Left,39,P0138,5
202512,C03296,Existing,63,P0018,32
202512,C03297,Existing,44,P0022,99
202512,C03298,Existing,49,P0083,132
202512,C03299,Left,41,P0058,134
202512,C03300,Left,37,P0053,113
202512,C03301,Existing,44,P0001,128
202512,C03302,Existing,45,P0061,81
202512,C03303,Left,36,P0159,144
202512,C03304,Existing,43,P0031,88
202512,C03305,Existing,46,P0066,24
202512,C03306,Existing,45,P0147,54
202512,C03307,Left,48,P0053,100
202512,C03308,Left,28,P0095,21
202512,C03309,Existing,38,P0150,177
202512,C03310,Existing,49,P0023,65
202512,C03311,Existing,35,P0143,72
202512,C03312,Left,57,P0154,49
202512,C03313,Left,38,P0131,50
202512,C03314,Existing,47,P0087,44
202512,C03315,Existing,26,P0148,72
202512,C03316,Existing,39,P0125,67
202512,C03317,Existing,45,P0109,89
202512,C03318,Existing,39,P0040,114
202512,C03319,Left,64,P0121,9
202512,C03320,Existing,59,P0039,104
202512,C03321,Existing,35,P0120,76
202512,C03322,Existing,23,P0200,23
202512,C03323,Existing,62,P0018,37
202512,C03324,Existing,39,P0169,163
202512,C03325,Existing,48,P0198,49
202512,C03326,Existing,47,P0155,74
202512,C03327,Left,44,P0143,97
202512,C03328,Existing,35,P0037,148
202512,C03329,Existing,28,P0186,91
202512,C03330,Existing,43,P0005,169
202512,C03331,Existing,50,P0073,72
202512,C03332,Existing,40,P0135,73
202512,C03333,Existing,43,P0041,112
202512,C03334,Existing,54,P0010,117
202512,C03335,Existing,50,P0190,139
202512,C03336,Left,29,P0154,85
202512,C03337,Existing,34,P0068,15
202512,C03338,Existing,40,P0024,171
202512,C03339,Existing,49,P0078,177
202512,C03340,Existing,38,P0169,157
202512,C03341,Existing,37,P0193,16
202512,C03342,Existing,37,P0145,133
202512,C03343,Existing,47,P0109,114
202512,C03344,Existing,41,P0024,70
202512,C03345,Existing,25,P0155,53
202512,C03346,Existing,43,P0007,71
202512,C03347,Existing,38,P0073,151
202512,C03348,Left,43,P0107,14
202512,C03349,Existing,45,P0099,80
202512,C03350,Existing,32,P0122,72
202512,C03351,Existing,63,P0012,98
202512,C03352,Existing,41,P0085,132
202512,C03353,Left,55,P0003,55
202512,C03354,Existing,43,P0079,77
202512,C03355,Existing,37,P0085,79
202512,C03356,Left,36,P0010,78
202512,C03357,Existing,45,P0033,107
202512,C03358,Left,21,P0046,119
202512,C03359,Existing,48,P0059,93
202512,C03360,Existing,27,P0052,71
202512,C03361,Left,48,P0006,115
202512,C03362,Existing,38,P0130,79
202512,C03363,Left,56,P0029,83
202512,C03364,Left,52,P0119,1
202512,C03365,Existing,46,P0168,76
202512,C03366,Existing,63,P0097,84
202512,C03367,Left,31,P0189,30
202512,C03368,Existing,39,P0196,77
202512,C03369,Left,61,P0068,107
202512,C03370,Existing,25,P0157,102
202512,C03371,Existing,47,P0190,153
202512,C03372,Existing,38,P0060,161
202512,C03373,Existing,47,P0124,178
202512,C03374,Existing,44,P0084,127
202512,C03375,Existing,49,P0041,71
202512,C03376,Existing,45,P0113,61
202512,C03377,Existing,46,P0065,81
202512,C03378,Existing,40,P0192,35
202512,C03379,Existing,45,P0079,119
202512,C03380,Existing,21,P0063,96
202512,C03381,Existing,42,P0176,143
202512,C03382,Existing,43,P0148,24
202512,C03383,Existing,50,P0118,116
202512,C03384,Existing,43,P0037,99
202512,C03385,Existing,35,P0064,89
202512,C03386,Existing,36,P0086,85
202512,C03387,Existing,49,P0133,179
202512,C03388,Existing,20,P0034,71
202512,C03389,Existing,61,P0039,51
202512,C03390,Existing,40,P0067,70
202512,C03391,Left,47,P0062,142
202512,C03392,Existing,48,P0088,80
202512,C03393,Existing,42,P0152,157
202512,C03394,Existing,64,P0131,53
202512,C03395,Existing,36,P0109,80
202512,C03396,Existing,31,P0199,113
202512,C03397,Left,25,P0089,53
202512,C03398,Existing,39,P0067,68
202512,C03399,Existing,49,P0079,131
202512,C03400,Existing,38,P0178,117
202512,C03401,Existing,25,P0029,109
202512,C03402,Left,34,P0074,99
202512,C03403,Existing,48,P0032,158
202512,C03404,Existing,36,P0087,13
202512,C03405,Existing,64,P0039,51
202512,C03406,Existing,29,P0137,32
202512,C03407,Existing,47,P0101,144
202512,C03408,Existing,39,P0142,156
202512,C03409,Existing,51,P0068,76
202512,C03410,Existing,55,P0192,38
202512,C03411,Left,32,P0148,76
202512,C03412,Left,21,P0028,93
202512,C03413,Existing,47,P0014,116
202512,C03414,Existing,43,P0172,175
202512,C03415,Existing,46,P0077,45
202512,C03416,Existing,38,P0116,57
202512,C03417,Existing,50,P0167,166
202512,C03418,Existing,33,P0028,27
202512,C03419,Existing,56,P0192,107
202512,C03420,Left,45,P0089,9
202512,C03421,Existing,42,P0032,74
202512,C03422,Existing,23,P0137,90
202512,C03423,Existing,43,P0156,112
202512,C03424,Existing,60,P0095,105
202512,C03425,Existing,39,P0017,147
202512,C03426,Left,58,P0117,7
202512,C03427,Existing,59,P0077,85
202512,C03428,Existing,60,P0055,89
202512,C03429,Left,63,P0010,102
202512,C03430,Existing,39,P0080,176
202512,C03431,Existing,44,P0134,124
202512,C03432,Existing,48,P0176,141
202512,C03433,Existing,45,P0116,40
202512,C03434,Existing,37,P0195,69
202512,C03435,Existing,45,P0169,90
202512,C03436,Existing,50,P0079,87
202512,C03437,Existing,37,P0060,118
202512,C03438,Existing,29,P0042,45
202512,C03439,Existing,64,P0116,15
202512,C03440,Existing,50,P0109,155
202512,C03441,Existing,46,P0071,83
202512,C03442,Existing,48,P0156,65
202512,C03443,Existing,28,P0102,91
202512,C03444,Left,52,P0013,85
202512,C03445,Existing,40,P0015,103
202512,C03446,Existing,50,P0036,37
202512,C03447,Existing,46,P0015,64
202512,C03448,Existing,22,P0117,56
202512,C03449,Existing,57,P0075,54
202512,C03450,Existing,21,P0056,118
202512,C03451,Existing,21,P0095,105
202512,C03452,Existing,46,P0132,153
202512,C03453,Existing,55,P0052,4
202512,C03454,Existing,43,P0138,82
202512,C03455,Existing,21,P0173,15
202512,C03456,Existing,42,P0084,108
202512,C03457,Existing,42,P0029,35
202512,C03458,Existing,43,P0053,83
202512,C03459,Existing,32,P0157,48
202512,C03460,Existing,60,P0151,29
202512,C03461,Existing,50,P0185,82
202512,C03462,Existing,39,P0178,83
202512,C03463,Existing,28,P0021,22
202512,C03464,Existing,36,P0112,62
202512,C03465,Existing,47,P0171,90
202512,C03466,Existing,53,P0138,15
202512,C03467,Existing,54,P0076,88
202512,C03468,Existing,46,P0030,114
202512,C03469,Existing,41,P0125,71
202512,C03470,Existing,49,P0051,109
202512,C03471,Existing,37,P0161,157
202512,C03472,Existing,41,P0146,87
202512,C03473,Existing,38,P0078,120
202512,C03474,Existing,36,P0022,98
202512,C03475,Existing,38,P0064,169
202512,C03476,Existing,30,P0021,66
202512,C03477,Existing,43,P0129,108
202512,C03478,Existing,50,P0107,61
202512,C03479,Left,41,P0116,118
202512,C03480,Existing,43,P0124,101
202512,C03481,Existing,47,P0143,27
202512,C03482,Existing,24,P0036,52
202512,C03483,Existing,40,P0047,112
202512,C03484,Existing,46,P0182,112
202512,C03485,Left,47,P0032,113
202512,C03486,Left,32,P0186,90
202512,C03487,Existing,42,P0174,151
202512,C03488,Existing,27,P0054,11
202512,C03489,Left,45,P0161,128
202512,C03490,Existing,49,P0167,66
202512,C03491,Existing,36,P0023,123
202512,C03492,Existing,31,P0171,36
202512,C03493,Existing,25,P0183,85
202512,C03494,Left,51,P0002,47
202512,C03495,Existing,22,P0194,43
202512,C03496,Left,60,P0166,39
202512,C03497,Existing,53,P0157,37
202512,C03498,Existing,35,P0110,69
202512,C03499,Existing,43,P0124,165
202512,C03500,Existing,36,P0067,142
202512,C03501,Left,22,P0071,53
202512,C03502,Left,45,P0164,54
202512,C03503,Existing,44,P0029,114
202512,C03504,Existing,30,P0119,11
202512,C03505,Existing,50,P0165,115
202512,C03506,Existing,33,P0113,87
202512,C03507,Existing,39,P0045,113
202512,C03508,Existing,47,P0016,64
202512,C03509,Existing,39,P0031,114
202512,C03510,Existing,38,P0162,21
202512,C03511,Existing,39,P0050,83
202512,C03512,Existing,45,P0193,108
202512,C03513,Existing,52,P0122,110
202512,C03514,Existing,40,P0190,92
202512,C03515,Existing,34,P0171,108
202512,C03516,Left,53,P0184,68
202512,C03517,Existing,49,P0015,84
202512,C03518,Existing,46,P0176,165
202512,C03519,Existing,56,P0049,92
202512,C03520,Existing,45,P0172,68
202512,C03521,Left,24,P0010,56
202512,C03522,Left,39,P0020,100
202512,C03523,Existing,40,P0070,39
202512,C03524,Existing,42,P0008,93
202512,C03525,Left,24,P0173,75
202512,C03526,Existing,64,P0034,27
202512,C03527,Existing,33,P0179,41
202512,C03528,Left,61,P0004,51
202512,C03529,Existing,54,P0108,19
202512,C03530,Existing,35,P0167,135
202512,C03531,Existing,48,P0024,126
202512,C03532,Existing,51,P0055,80
202512,C03533,Existing,36,P0026,113
202512,C03534,Existing,34,P0025,97
202512,C03535,Existing,29,P0036,71
202512,C03536,Left,31,P0071,17
202512,C03537,Existing,35,P0186,119
202512,C03538,Existing,63,P0012,51
202512,C03539,Left,48,P0129,175
202512,C03540,Left,54,P0116,26
202512,C03541,Existing,49,P0178,175
202512,C03542,Left,42,P0153,78
202512,C03543,Existing,49,P0133,174
202512,C03544,Existing,48,P0083,89
202512,C03545,Existing,44,P0196,83
202512,C03546,Existing,45,P0006,93
202512,C03547,Existing,22,P0026,68
202512,C03548,Left,37,P0113,19
202512,C03549,Existing,42,P0103,97
202512,C03550,Existing,54,P0120,65
202512,C03551,Existing,57,P0183,39
202512,C03552,Existing,50,P0167,163
202512,C03553,Existing,25,P0009,75
202512,C03554,Existing,40,P0045,157
202512,C03555,Existing,43,P0014,95
202512,C03556,Existing,44,P0112,96
202512,C03557,Existing,63,P0055,21
202512,C03558,Left,20,P0137,99
202512,C03559,Existing,41,P0015,166
202512,C03560,Existing,43,P0037,124
202512,C03561,Existing,36,P0178,140
202512,C03562,Left,21,P0127,100
202512,C03563,Existing,45,P0117,45
202512,C03564,Existing,39,P0084,141
202512,C03565,Left,37,P0072,83
202512,C03566,Existing,31,P0096,11
202512,C03567,Existing,35,P0111,139
202512,C03568,Existing,47,P0149,97
202512,C03569,Existing,40,P0185,101
202512,C03570,Existing,53,P0105,57
202512,C03571,Existing,57,P0147,64
202512,C03572,Existing,38,P0058,138
202512,C03573,Left,60,P0095,76
202512,C03574,Existing,45,P0118,72
202512,C03575,Existing,46,P0006,112
202512,C03576,Existing,44,P0004,81
202512,C03577,Existing,37,P0043,166
202512,C03578,Left,25,P0093,83
202512,C03579,Left,53,P0042,56
202512,C03580,Existing,52,P0003,26
202512,C03581,Existing,35,P0129,101
202512,C03582,Existing,45,P0183,99
202512,C03583,Existing,38,P0015,83
202512,C03584,Left,46,P0047,177
202512,C03585,Existing,40,P0085,126
202512,C03586,Left,35,P0174,81
202512,C03587,Existing,50,P0058,76
202512,C03588,Left,38,P0199,40
202512,C03589,Left,29,P0039,74
202512,C03590,Existing,58,P0131,94
202512,C03591,Left,62,P0158,83
202512,C03592,Left,45,P0035,104
202512,C03593,Existing,42,P0185,73
202512,C03594,Left,32,P0157,29
202512,C03595,Existing,36,P0178,122
202512,C03596,Left,37,P0190,60
202512,C03597,Existing,32,P0052,114
202512,C03598,Left,35,P0118,73
202512,C03599,Existing,44,P0014,91
202512,C03600,Left,54,P0163,3
202512,C03601,Existing,47,P0156,164
202512,C03602,Existing,29,P0186,111
202512,C03603,Existing,45,P0030,177
202512,C03604,Left,26,P0090,103
202512,C03605,Existing,28,P0135,104
202512,C03606,Existing,39,P0167,72
202512,C03607,Existing,59,P0095,114
202512,C03608,Existing,41,P0069,69
202512,C03609,Existing,30,P0163,76
202512,C03610,Existing,59,P0127,113
202512,C03611,Left,35,P0052,73
202512,C03612,Existing,47,P0142,68
202512,C03613,Existing,54,P0063,75
202512,C03614,Left,32,P0036,119
202512,C03615,Existing,36,P0091,139
202512,C03616,Existing,39,P0152,69
202512,C03617,Existing,37,P0168,158
202512,C03618,Existing,60,P0157,66
202512,C03619,Existing,49,P0053,40
202512,C03620,Existing,39,P0109,161
202512,C03621,Existing,49,P0150,159
202512,C03622,Existing,43,P0072,122
202512,C03623,Existing,50,P0015,106
202512,C03624,Existing,31,P0113,119
202512,C03625,Existing,45,P0069,77
202512,C03626,Existing,39,P0116,23
202512,C03627,Left,64,P0192,46
202512,C03628,Existing,24,P0004,22
202512,C03629,Left,38,P0075,118
202512,C03630,Existing,44,P0146,167
202512,C03631,Left,36,P0042,13
202512,C03632,Left,45,P0030,126
202512,C03633,Existing,34,P0143,81
202512,C03634,Existing,48,P0070,68
202512,C03635,Left,62,P0183,102
202512,C03636,Existing,38,P0181,170
202512,C03637,Existing,35,P0016,174
202512,C03638,Existing,46,P0111,148
202512,C03639,Existing,55,P0104,8
202512,C03640,Left,41,P0107,60
202512,C03641,Existing,40,P0123,139
202512,C03642,Existing,53,P0162,113
202512,C03643,Existing,45,P0027,61
202512,C03644,Existing,20,P0013,95
202512,C03645,Existing,23,P0155,115
202512,C03646,Existing,42,P0073,75
202512,C03647,Left,37,P0197,107
202512,C03648,Existing,37,P0086,141
202512,C03649,Existing,50,P0031,95
202512,C03650,Existing,24,P0003,100
202512,C03651,Existing,43,P0030,139
202512,C03652,Existing,48,P0149,85
202512,C03653,Left,47,P0099,109
202512,C03654,Left,43,P0134,97
202512,C03655,Existing,39,P0160,99
202512,C03656,Left,58,P0170,89
202512,C03657,Left,36,P0190,81
202512,C03658,Left,28,P0160,15
202512,C03659,Existing,37,P0099,160
202512,C03660,Existing,46,P0086,157
202512,C03661,Existing,37,P0167,132
202512,C03662,Existing,40,P0064,149
202512,C03663,Existing,42,P0118,164
202512,C03664,Existing,35,P0158,26
202512,C03665,Existing,35,P0191,165
202512,C03666,Left,42,P0114,74
202512,C03667,Existing,47,P0159,154
202512,C03668,Existing,41,P0087,43
202512,C03669,Left,57,P0040,111
202512,C03670,Existing,41,P0161,177
202512,C03671,Existing,46,P0191,96
202512,C03672,Existing,62,P0025,53
202512,C03673,Left,54,P0164,105
202512,C03674,Existing,36,P0152,97
202512,C03675,Existing,36,P0095,40
202512,C03676,Left,27,P0186,118
202512,C03677,Existing,47,P0167,148
202512,C03678,Existing,51,P0046,114
202512,C03679,Left,34,P0138,6
202512,C03680,Existing,35,P0032,106
202512,C03681,Existing,56,P0097,44
202512,C03682,Existing,22,P0164,54
202512,C03683,Existing,46,P0156,97
202512,C03684,Existing,35,P0144,96
202512,C03685,Existing,44,P0016,164
202512,C03686,Left,60,P0018,8
202512,C03687,Existing,40,P0136,111
202512,C03688,Existing,44,P0075,52
202512,C03689,Existing,56,P0198,67
202512,C03690,Existing,43,P0001,122
202512,C03691,Existing,42,P0190,142
202512,C03692,Existing,49,P0125,139
202512,C03694,Existing,37,P0045,160
202512,C03695,Existing,49,P0186,81
202512,C03696,Existing,45,P0081,13
202512,C03697,Existing,48,P0129,82
202512,C03698,Existing,35,P0032,150
202512,C03699,Existing,43,P0136,157
202512,C03700,Existing,37,P0118,167
202512,C03701,Left,40,P0040,7
202512,C03702,Existing,54,P0184,11
202512,C03703,Existing,40,P0191,178
202512,C03704,Left,55,P0074,118
202512,C03705,Existing,43,P0111,136
202512,C03706,Existing,49,P0103,72
202512,C03707,Existing,35,P0103,131
202512,C03708,Existing,56,P0074,118
202512,C03709,Existing,37,P0164,87
202512,C03710,Existing,32,P0114,16
202512,C03711,Existing,42,P0123,78
202512,C03712,Existing,37,P0057,172
202512,C03713,Existing,40,P0074,25
202512,C03714,Existing,35,P0083,84
202512,C03715,Existing,55,P0173,87
202512,C03716,Left,46,P0079,148
202512,C03717,Existing,49,P0130,13
202512,C03718,Left,48,P0093,16
202512,C03719,Left,44,P0196,134
202512,C03720,Existing,37,P0050,85
202512,C03721,Existing,34,P0029,66
202512,C03722,Left,39,P0081,38
202512,C03723,Existing,35,P0010,110
202512,C03724,Existing,63,P0155,119
202512,C03725,Left,45,P0117,96
202512,C03726,Left,24,P0143,44
202512,C03727,Existing,37,P0060,72
202512,C03728,Existing,39,P0159,119
202512,C03729,Existing,44,P0149,77
202512,C03730,Existing,38,P0060,103
202512,C03731,Existing,42,P0058,96
202512,C03732,Left,49,P0169,78
202512,C03733,Existing,44,P0174,81
202512,C03734,Existing,35,P0045,113
202512,C03735,Existing,44,P0124,94
202512,C03736,Left,25,P0026,61
202512,C03737,Left,56,P0102,113
202512,C03738,Existing,22,P0051,101
202512,C03739,Existing,64,P0164,15
202512,C03740,Left,24,P0052,86
202512,C03741,Left,47,P0051,14
202512,C03742,Existing,61,P0131,75
202512,C03743,Existing,39,P0014,111
202512,C03744,Existing,63,P0177,115
202512,C03745,Existing,45,P0001,160
202512,C03746,Existing,38,P0185,80
202512,C03747,Existing,43,P0145,127
202512,C03748,Existing,49,P0178,94
202512,C03749,Existing,42,P0014,175
202512,C03750,Existing,28,P0187,58
202512,C03751,Existing,28,P0081,53
202512,C03752,Existing,44,P0003,70
202512,C03753,Existing,37,P0098,109
202512,C03754,Existing,50,P0040,102
202512,C03755,Existing,54,P0089,61
202512,C03756,Left,39,P0125,89
202512,C03757,Left,29,P0194,71
202512,C03758,Existing,46,P0162,7
202512,C03759,Existing,27,P0095,8
202512,C03760,Existing,26,P0009,86
202512,C03761,Existing,43,P0094,51
202512,C03762,Existing,46,P0084,106
202512,C03763,Existing,45,P0021,102
202512,C03764,Left,25,P0025,87
202512,C03765,Existing,33,P0102,82
202512,C03766,Existing,51,P0122,62
202512,C03767,Existing,44,P0172,137
202512,C03768,Existing,59,P0025,31
202512,C03769,Left,57,P0137,86
202512,C03770,Existing,44,P0103,120
202512,C03771,Existing,45,P0190,75
202512,C03772,Left,21,P0154,10
202512,C03773,Left,38,P0057,152
202512,C03774,Existing,37,P0037,174
202512,C03775,Existing,47,P0016,75
202512,C03776,Existing,37,P0037,159
202512,C03777,Left,22,P0076,73
202512,C03778,Existing,36,P0152,112
202512,C03779,Left,48,P0026,5
202512,C03780,Left,49,P0020,134
202512,C03781,Existing,59,P0137,105
202512,C03782,Existing,46,P0103,61
202512,C03783,Left,35,P0029,105
202512,C03784,Existing,40,P0031,69
202512,C03785,Existing,33,P0019,15
202512,C03786,Existing,42,P0148,95
202512,C03787,Existing,49,P0027,71
202512,C03788,Existing,38,P0094,76
202512,C03789,Existing,47,P0085,172
202512,C03790,Existing,50,P0044,9
202512,C03791,Left,27,P0163,39
202512,C03792,Left,38,P0113,35
202512,C03793,Existing,45,P0199,75
202512,C03794,Left,38,P0150,62
202512,C03795,Existing,31,P0074,32
202512,C03796,Existing,45,P0087,43
202512,C03797,Existing,63,P0143,38
202512,C03798,Existing,38,P0094,35
202512,C03799,Existing,46,P0098,110
202512,C03800,Left,50,P0141,3
202512,C03801,Existing,38,P0132,130
202512,C03802,Left,54,P0056,21
202512,C03803,Existing,25,P0151,103
202512,C03804,Existing,44,P0097,79
202512,C03805,Existing,61,P0098,113
202512,C03806,Left,50,P0034,64
202512,C03807,Existing,44,P0100,82
202512,C03808,Existing,45,P0145,74
202512,C03809,Existing,37,P0156,60
202512,C03810,Existing,45,P0014,153
202512,C03811,Existing,58,P0162,65
202512,C03812,Existing,43,P0112,131
202512,C03813,Left,49,P0075,40
202512,C03814,Existing,37,P0185,144
202512,C03815,Existing,46,P0097,44
202512,C03816,Existing,42,P0121,62
202512,C03817,Existing,52,P0055,77
202512,C03818,Existing,54,P0194,61
202512,C03819,Existing,50,P0117,69
202512,C03820,Left,63,P0093,89
202512,C03821,Existing,50,P0037,69
202512,C03822,Existing,44,P0196,158
202512,C03823,Left,46,P0026,46
202512,C03824,Existing,23,P0189,60
202512,C03825,Left,47,P0067,145
202512,C03826,Left,41,P0084,122
202512,C03827,Existing,43,P0180,95
202512,C03828,Existing,50,P0018,60
202512,C03829,Existing,37,P0181,147
202512,C03830,Existing,45,P0191,172
202512,C03831,Existing,47,P0181,170
202512,C03832,Existing,49,P0027,167
202512,C03833,Existing,40,P0031,9
202512,C03834,Existing,35,P0106,167
202512,C03835,Existing,40,P0129,174
202512,C03836,Existing,40,P0006,172
202512,C03837,Existing,42,P0011,154
202512,C03838,Existing,21,P0162,53
202512,C03839,Existing,36,P0191,134
202512,C03840,Existing,39,P0181,118
202512,C03841,Existing,49,P0018,103
202512,C03842,Existing,35,P0021,71
202512,C03843,Left,21,P0019,37
202512,C03844,Existing,48,P0004,108
202512,C03845,Existing,64,P0077,22
202512,C03846,Existing,35,P0116,97
202512,C03847,Left,57,P0157,60
202512,C03848,Existing,22,P0025,118
202512,C03849,Existing,50,P0184,55
202512,C03850,Left,47,P0077,15
202512,C03851,Existing,44,P0191,90
202512,C03852,Existing,37,P0155,102
202512,C03853,Existing,23,P0188,85
202512,C03854,Existing,42,P0049,109
202512,C03855,Existing,43,P0065,113
202512,C03856,Left,47,P0166,101
202512,C03857,Existing,40,P0083,113
202512,C03858,Existing,39,P0180,144
202512,C03859,Existing,38,P0001,75
202512,C03860,Existing,47,P0168,109
202512,C03861,Existing,21,P0081,113
202512,C03862,Left,34,P0021,73
202512,C03863,Left,40,P0086,159
202512,C03864,Existing,37,P0015,85
202512,C03865,Existing,47,P0050,111
202512,C03866,Existing,33,P0048,97
202512,C03867,Existing,20,P0160,11
202512,C03868,Existing,34,P0049,76
202512,C03869,Existing,47,P0196,114
202512,C03870,Existing,33,P0108,83
202512,C03871,Existing,43,P0045,109
202512,C03872,Existing,44,P0032,130
202512,C03873,Existing,50,P0132,61
202512,C03874,Left,63,P0193,2
202512,C03875,Existing,27,P0097,58
202512,C03876,Existing,54,P0199,87
202512,C03877,Existing,52,P0193,47
202512,C03878,Existing,45,P0080,107
202512,C03879,Existing,38,P0146,93
202512,C03880,Existing,22,P0054,92
202512,C03881,Existing,31,P0127,24
202512,C03882,Existing,23,P0175,30
202512,C03883,Existing,48,P0134,131
202512,C03884,Existing,25,P0066,24
202512,C03885,Existing,51,P0137,89
202512,C03886,Existing,42,P0196,95
202512,C03887,Existing,42,P0109,144
202512,C03888,Existing,49,P0023,176
202512,C03889,Existing,29,P0107,26
202512,C03890,Existing,63,P0171,9
202512,C03891,Left,23,P0051,6
202512,C03892,Existing,36,P0072,125
202512,C03893,Existing,40,P0103,62
202512,C03894,Existing,45,P0153,97
202512,C03895,Existing,49,P0080,134
202512,C03896,Existing,33,P0163,66
202512,C03897,Existing,46,P0145,177
202512,C03898,Existing,48,P0018,99
202512,C03899,Left,40,P0155,34
202512,C03900,Existing,62,P0143,33
202512,C03901,Left,50,P0081,11
202512,C03902,Existing,39,P0107,38
202512,C03903,Existing,47,P0069,98
202512,C03904,Existing,44,P0080,131
202512,C03905,Left,62,P0143,20
202512,C03906,Left,35,P0042,101
202512,C03907,Left,45,P0034,52
202512,C03908,Existing,28,P0048,35
202512,C03909,Existing,44,P0136,66
202512,C03910,Existing,59,P0138,76
202512,C03911,Existing,48,P0005,152
202512,C03912,Existing,42,P0116,81
202512,C03913,Existing,35,P0176,163
202512,C03914,Existing,22,P0117,80
202512,C03915,Existing,22,P0154,78
202512,C03916,Existing,23,P0108,31
202512,C03917,Existing,45,P0023,118
202512,C03918,Left,43,P0062,96
202512,C03919,Existing,30,P0013,73
202512,C03920,Existing,33,P0137,94
202512,C03921,Existing,37,P0020,107
202512,C03922,Left,46,P0092,65
202512,C03923,Existing,25,P0108,59
202512,C03924,Existing,40,P0185,110
202512,C03925,Existing,37,P0152,69
202512,C03926,Existing,49,P0108,52
202512,C03927,Existing,49,P0033,132
202512,C03928,Left,23,P0148,5
202512,C03929,Existing,37,P0188,29
202512,C03930,Existing,39,P0176,117
202512,C03931,Existing,39,P0064,131
202512,C03932,Existing,45,P0030,117
202512,C03933,Left,56,P0108,82
202512,C03934,Existing,50,P0073,81
202512,C03935,Existing,49,P0109,126
202512,C03936,Existing,41,P0145,170
202512,C03937,Existing,38,P0100,170
202512,C03938,Existing,50,P0014,105
202512,C03939,Existing,25,P0019,46
202512,C03940,Existing,56,P0071,11
202512,C03941,Existing,39,P0059,148
202512,C03942,Existing,50,P0195,109
202512,C03943,Existing,31,P0097,41
202512,C03944,Existing,40,P0044,117
202512,C03945,Existing,20,P0160,81
202512,C03946,Existing,36,P0111,173
202512,C03947,Existing,35,P0011,69
202512,C03948,Existing,48,P0106,96
202512,C03949,Existing,32,P0002,45
202512,C03950,Existing,42,P0125,86
202512,C03951,Existing,38,P0196,67
202512,C03952,Existing,50,P0145,167
202512,C03953,Existing,44,P0094,89
202512,C03954,Left,48,P0168,102
202512,C03955,Existing,50,P0174,86
202512,C03956,Left,58,P0093,75
202512,C03957,Existing,22,P0004,25
202512,C03958,Existing,43,P0166,9
202512,C03959,Existing,50,P0063,59
202512,C03960,Left,50,P0029,68
202512,C03961,Existing,27,P0019,42
202512,C03962,Existing,43,P0091,101
202512,C03963,Left,34,P0029,82
202512,C03964,Existing,46,P0163,97
202512,C03965,Existing,61,P0116,102
202512,C03966,Left,43,P0070,51
202512,C03967,Existing,45,P0123,109
202512,C03968,Existing,42,P0023,127
202512,C03969,Left,35,P0046,76
202512,C03970,Existing,45,P0172,122
202512,C03971,Existing,42,P0176,158
202512,C03972,Existing,44,P0180,152
202512,C03973,Existing,44,P0008,103
202512,C03974,Existing,61,P0183,99
202512,C03975,Existing,41,P0066,5
202512,C03976,Existing,50,P0168,126
202512,C03977,Existing,41,P0159,150
202512,C03978,Existing,48,P0176,65
202512,C03979,Existing,48,P0100,81
202512,C03980,Existing,44,P0061,122
202512,C03981,Existing,49,P0112,121
202512,C03982,Left,24,P0052,109
202512,C03983,Existing,31,P0166,95
202512,C03984,Existing,28,P0036,7
202512,C03985,Existing,37,P0112,143
202512,C03987,Left,55,P0183,108
202512,C03988,Existing,42,P0085,172
202512,C03989,Left,54,P0013,26
202512,C03990,Existing,50,P0165,143
202512,C03991,Existing,50,P0047,101
202512,C03992,Left,63,P0090,35
202512,C03993,Existing,20,P0199,98
202512,C03994,Left,46,P0022,162
202512,C03995,Existing,49,P0167,136
202512,C03996,Existing,48,P0058,69
202512,C03997,Existing,41,P0030,104
202512,C03998,Existing,47,P0146,89
202512,C03999,Existing,41,P0106,140
202512,C04000,Existing,45,P0146,145
202512,C04001,Existing,30,P0074,11
202512,C04002,Existing,37,P0167,86
202512,C04003,Existing,44,P0094,64
202512,C04004,Existing,59,P0154,116
202512,C04005,Existing,61,P0071,39
202512,C04006,Existing,35,P0007,168
202512,C04007,Existing,33,P0197,31
202512,C04008,Existing,38,P0065,137
202512,C04009,Left,43,P0046,69
202512,C04010,Existing,32,P0018,80
202512,C04011,Left,24,P0141,21
202512,C04012,Existing,41,P0153,97
202512,C04013,Existing,51,P0008,112
202512,C04014,Existing,46,P0074,98
202512,C04015,Left,52,P0160,4
202512,C04016,Existing,50,P0145,87
202512,C04017,Left,46,P0102,90
202512,C04018,Existing,47,P0079,151
202512,C04019,Left,41,P0079,69
202512,C04020,Existing,41,P0121,5
202512,C04021,Existing,36,P0176,68
202512,C04022,Left,61,P0063,65
202512,C04023,Existing,45,P0040,18
202512,C04024,Existing,48,P0084,95
202512,C04025,Existing,46,P0015,175
202512,C04026,Existing,48,P0099,63
202512,C04027,Existing,40,P0134,108
202512,C04028,Existing,40,P0121,8
202512,C04029,Existing,24,P0063,21
202512,C04030,Existing,39,P0136,144
202512,C04031,Left,41,P0128,18
202512,C04032,Left,39,P0112,74
202512,C04033,Existing,39,P0111,107
202512,C04034,Existing,50,P0032,118
202512,C04035,Existing,38,P0045,134
202512,C04036,Existing,38,P0122,91
202512,C04037,Existing,46,P0180,64
202512,C04038,Existing,22,P0082,26
202512,C04039,Existing,48,P0013,109
202512,C04040,Existing,41,P0024,169
202512,C04041,Existing,43,P0168,167
202512,C04042,Existing,48,P0014,72
202512,C04043,Existing,57,P0070,85
202512,C04044,Left,41,P0062,127
202512,C04045,Existing,20,P0120,50
202512,C04046,Left,28,P0089,53
202512,C04047,Existing,39,P0189,81
202512,C04048,Existing,38,P0001,146
202512,C04049,Left,37,P0194,118
202512,C04050,Existing,26,P0126,58
202512,C04051,Existing,43,P0032,120
202512,C04052,Existing,55,P0141,82
202512,C04053,Existing,40,P0161,112
202512,C04054,Existing,43,P0032,101
202512,C04055,Existing,57,P0056,38
202512,C04056,Existing,37,P0152,88
202512,C04057,Existing,35,P0091,139
202512,C04058,Left,27,P0004,47
202512,C04059,Existing,50,P0023,106
202512,C04060,Left,58,P0029,8
202512,C04061,Left,45,P0098,7
202512,C04062,Existing,50,P0149,62
202512,C04063,Existing,43,P0030,156
202512,C04064,Existing,30,P0090,3
202512,C04065,Existing,50,P0148,119
202512,C04066,Existing,36,P0144,76
202512,C04067,Existing,45,P0067,142
202512,C04068,Left,61,P0177,72
202512,C04069,Existing,42,P0101,125
202512,C04070,Existing,48,P0058,84
202512,C04071,Existing,43,P0172,109
202512,C04073,Existing,38,P0023,108
202512,C04074,Existing,22,P0187,94
202512,C04075,Existing,36,P0129,97
202512,C04076,Existing,55,P0097,33
202512,C04077,Existing,57,P0143,11
202512,C04078,Left,20,P0128,14
202512,C04079,Existing,40,P0081,34
202512,C04080,Existing,43,P0180,73
202512,C04081,Left,54,P0186,42
202512,C04082,Existing,46,P0169,68
202512,C04083,Existing,46,P0172,168
202512,C04084,Existing,23,P0004,4
202512,C04085,Existing,46,P0196,75
202512,C04086,Left,25,P0135,37
202512,C04087,Left,58,P0046,7
202512,C04088,Left,29,P0009,79
202512,C04089,Existing,36,P0161,99
202512,C04090,Existing,49,P0033,112
202512,C04091,Existing,39,P0084,148
202512,C04092,Existing,37,P0132,105
202512,C04093,Existing,47,P0065,69
202512,C04094,Existing,47,P0106,144
202512,C04095,Left,34,P0034,66
202512,C04096,Left,49,P0085,174
202512,C04097,Left,25,P0088,79
202512,C04098,Existing,36,P0192,26
202512,C04099,Existing,50,P0153,135
202512,C04100,Existing,42,P0055,37
202512,C04101,Existing,27,P0137,90
202512,C04102,Existing,46,P0017,155
202512,C04103,Existing,43,P0149,126
202512,C04104,Existing,31,P0188,93
202512,C04105,Existing,42,P0141,87
202512,C04106,Left,30,P0131,100
202512,C04107,Existing,46,P0196,141
202512,C04108,Left,61,P0004,104
202512,C04109,Left,46,P0007,123
202512,C04110,Existing,41,P0026,60
202512,C04111,Left,42,P0024,87
202512,C04112,Left,22,P0010,63
202512,C04113,Existing,51,P0013,84
202512,C04114,Existing,42,P0125,62
202512,C04115,Existing,39,P0172,153
202512,C04116,Existing,49,P0039,98
202512,C04117,Existing,43,P0147,38
202512,C04118,Left,55,P0179,51
202512,C04119,Existing,45,P0019,78
202512,C04120,Left,43,P0076,7
202512,C04121,Existing,58,P0052,79
202512,C04122,Existing,21,P0175,7
202512,C04123,Existing,40,P0120,9
202512,C04124,Existing,43,P0158,33
202512,C04125,Existing,37,P0046,118
202512,C04126,Left,45,P0149,130
202512,C04127,Existing,59,P0075,36
202512,C04128,Existing,36,P0124,147
202512,C04129,Existing,43,P0048,75
202512,C04130,Existing,35,P0062,129
202512,C04131,Existing,49,P0058,177
202512,C04132,Left,29,P0018,28
202512,C04133,Left,62,P0108,82
202512,C04134,Existing,63,P0187,88
202512,C04135,Left,48,P0048,63
202512,C04136,Existing,35,P0063,37
202512,C04137,Existing,45,P0012,104
202512,C04138,Left,37,P0034,94
202512,C04139,Existing,31,P0189,58
202512,C04140,Left,40,P0102,93
202512,C04141,Existing,46,P0087,29
202512,C04142,Existing,46,P0181,117
202512,C04143,Existing,31,P0025,23
202512,C04144,Existing,44,P0190,176
202512,C04145,Existing,44,P0132,145
202512,C04146,Left,30,P0141,92
202512,C04147,Left,58,P0170,48
202512,C04148,Existing,50,P0049,105
202512,C04149,Existing,39,P0078,158
202512,C04150,Existing,32,P0184,93
202512,C04151,Left,36,P0175,37
202512,C04152,Existing,47,P0136,117
202512,C04153,Existing,53,P0055,94
202512,C04154,Existing,44,P0018,68
202512,C04155,Existing,63,P0035,9
202512,C04156,Existing,46,P0160,27
202512,C04157,Existing,47,P0152,118
202512,C04158,Existing,44,P0007,62
202512,C04159,Existing,37,P0013,16
202512,C04160,Existing,51,P0126,102
202512,C04161,Existing,50,P0112,78
202512,C04162,Existing,46,P0069,94
202512,C04163,Existing,45,P0100,129
202512,C04164,Existing,64,P0090,27
202512,C04165,Existing,54,P0042,19
202512,C04166,Existing,37,P0109,170
202512,C04167,Existing,48,P0159,89
202512,C04168,Existing,50,P0110,107
202512,C04169,Existing,36,P0026,101
202512,C04170,Existing,37,P0076,112
202512,C04171,Existing,47,P0032,156
202512,C04172,Existing,41,P0091,134
202512,C04173,Existing,50,P0125,179
202512,C04174,Existing,44,P0126,81
202512,C04175,Existing,48,P0052,110
202512,C04176,Existing,45,P0148,9
202512,C04177,Existing,45,P0103,66
202512,C04178,Left,21,P0105,30
202512,C04179,Left,41,P0168,73
202512,C04180,Existing,44,P0187,77
202512,C04181,Existing,46,P0014,103
202512,C04182,Existing,50,P0172,177
202512,C04183,Existing,43,P0104,86
202512,C04184,Left,40,P0117,107
202512,C04185,Existing,29,P0048,77
202512,C04186,Left,33,P0093,73
202512,C04187,Existing,50,P0171,50
202512,C04188,Left,50,P0144,110
202512,C04189,Left,49,P0110,97
202512,C04190,Existing,44,P0163,71
202512,C04191,Existing,27,P0053,82
202512,C04192,Existing,22,P0162,65
202512,C04193,Existing,51,P0003,12
202512,C04194,Existing,21,P0068,105
202512,C04195,Existing,43,P0133,64
202512,C04196,Existing,61,P0138,38
202512,C04197,Left,57,P0052,22
202512,C04198,Left,51,P0157,111
202512,C04199,Existing,37,P0096,56
202512,C04200,Existing,25,P0031,49
202512,C04201,Existing,50,P0066,81
202512,C04202,Existing,35,P0091,155
202512,C04203,Existing,40,P0069,131
202512,C04204,Existing,49,P0165,96
202512,C04205,Existing,39,P0155,111
202512,C04206,Existing,61,P0087,37
202512,C04207,Existing,39,P0033,74
202512,C04208,Left,61,P0068,94
202512,C04209,Left,58,P0187,79
202512,C04210,Existing,34,P0192,90
202512,C04211,Left,25,P0088,82
202512,C04212,Existing,40,P0172,147
202512,C04213,Left,34,P0095,19
202512,C04214,Existing,23,P0108,81
202512,C04215,Left,31,P0177,69
202512,C04216,Left,63,P0053,23
202512,C04217,Existing,64,P0074,37
202512,C04218,Left,45,P0049,44
202512,C04219,Existing,25,P0113,93
202512,C04220,Left,35,P0114,98
202512,C04221,Existing,60,P0194,58
202512,C04222,Left,62,P0095,19
202512,C04223,Existing,41,P0191,62
202512,C04224,Existing,60,P0025,92
202512,C04225,Existing,39,P0132,136
202512,C04226,Left,41,P0179,113
202512,C04227,Existing,46,P0139,112
202512,C04228,Existing,39,P0145,78
202512,C04229,Existing,49,P0108,72
202512,C04230,Existing,53,P0194,59
202512,C04231,Existing,43,P0198,62
202512,C04232,Existing,48,P0069,170
202512,C04233,Existing,35,P0084,154
202512,C04234,Existing,33,P0157,105
202512,C04235,Existing,49,P0085,153
202512,C04236,Existing,20,P0119,63
202512,C04237,Existing,38,P0072,102
202512,C04238,Existing,39,P0020,153
202512,C04239,Existing,48,P0027,128
202512,C04240,Existing,64,P0008,115
202512,C04241,Existing,50,P0085,65
202512,C04242,Left,44,P0061,117
202512,C04243,Left,44,P0156,148
202512,C04244,Left,58,P0198,13
202512,C04245,Existing,30,P0003,110
202512,C04246,Left,52,P0197,105
202512,C04247,Existing,50,P0007,118
202512,C04248,Existing,34,P0188,80
202512,C04249,Existing,64,P0004,96
202512,C04250,Existing,50,P0133,159
202512,C04251,Existing,43,P0139,66
202512,C04252,Existing,50,P0125,153
202512,C04253,Existing,43,P0015,63
202512,C04254,Left,27,P0192,69
202512,C04255,Existing,24,P0013,91
202512,C04256,Existing,40,P0118,153
202512,C04257,Existing,47,P0007,143
202512,C04258,Left,27,P0104,30
202512,C04259,Existing,49,P0006,133
202512,C04260,Existing,28,P0184,113
202512,C04261,Existing,35,P0064,132
202512,C04262,Existing,50,P0178,96
202512,C04263,Existing,38,P0030,119
202512,C04264,Existing,44,P0022,90
202512,C04265,Existing,47,P0153,119
202512,C04266,Left,48,P0156,85
202512,C04267,Existing,43,P0118,94
202512,C04268,Existing,42,P0084,90
202512,C04269,Existing,36,P0167,100
202512,C04270,Existing,36,P0195,98
202512,C04271,Existing,41,P0133,139
202512,C04272,Left,25,P0193,58
202512,C04273,Left,41,P0143,109
202512,C04274,Existing,59,P0090,85
202512,C04275,Existing,45,P0195,176
202512,C04276,Existing,44,P0168,97
202512,C04277,Existing,52,P0121,15
202512,C04278,Existing,40,P0106,83
202512,C04279,Existing,41,P0069,92
202512,C04280,Existing,62,P0095,92
202512,C04281,Left,36,P0077,44
202512,C04282,Left,55,P0171,12
202512,C04283,Existing,36,P0001,88
202512,C04284,Existing,42,P0150,142
202512,C04285,Existing,42,P0062,86
202512,C04286,Existing,61,P0154,57
202512,C04287,Left,57,P0018,8
202512,C04288,Existing,36,P0048,58
202512,C04289,Left,63,P0137,84
202512,C04290,Left,50,P0001,98
202512,C04291,Existing,44,P0137,88
202512,C04292,Existing,29,P0151,103
202512,C04293,Existing,62,P0107,33
202512,C04294,Existing,38,P0173,87
202512,C04295,Left,45,P0130,29
202512,C04296,Existing,50,P0142,113
202512,C04297,Existing,38,P0038,117
202512,C04298,Left,61,P0040,26
202512,C04299,Existing,42,P0191,145
202512,C04300,Existing,58,P0082,81
202512,C04301,Existing,50,P0016,84
202512,C04302,Left,40,P0127,25
202512,C04303,Left,42,P0117,25
202512,C04304,Existing,45,P0093,104
202512,C04305,Existing,40,P0134,145
202512,C04306,Existing,53,P0003,89
202512,C04307,Existing,47,P0014,165
202512,C04308,Left,50,P0066,44
202512,C04309,Left,29,P0095,115
202512,C04310,Left,41,P0086,91
202512,C04311,Existing,50,P0195,168
202512,C04312,Existing,64,P0114,95
202512,C04313,Existing,40,P0159,63
202512,C04314,Existing,44,P0161,149
202512,C04315,Existing,49,P0129,90
202512,C04316,Existing,50,P0172,95
202512,C04317,Existing,45,P0015,160
202512,C04318,Existing,46,P0037,118
202512,C04319,Existing,23,P0155,92
202512,C04320,Existing,44,P0176,72
202512,C04321,Existing,45,P0027,112
202512,C04322,Existing,42,P0012,113
202512,C04323,Existing,37,P0067,111
202512,C04324,Existing,39,P0030,176
202512,C04325,Existing,25,P0096,14
202512,C04326,Left,36,P0194,38
202512,C04327,Existing,28,P0135,44
202512,C04328,Existing,45,P0034,77
202512,C04329,Existing,35,P0032,139
202512,C04330,Existing,33,P0117,112
202512,C04331,Existing,31,P0039,101
202512,C04332,Existing,30,P0096,98
202512,C04333,Existing,45,P0171,17
202512,C04334,Existing,63,P0171,84
202512,C04335,Existing,44,P0131,92
202512,C04336,Existing,50,P0174,124
202512,C04337,Left,53,P0160,32
202512,C04338,Existing,41,P0043,109
202512,C04339,Existing,56,P0081,76
202512,C04340,Existing,37,P0003,94
202512,C04341,Left,22,P0074,85
202512,C04342,Left,59,P0117,74
202512,C04343,Existing,64,P0063,101
202512,C04344,Existing,35,P0111,85
202512,C04345,Existing,32,P0040,92
202512,C04346,Existing,29,P0018,12
202512,C04347,Existing,37,P0067,87
202512,C04348,Existing,37,P0103,154
202512,C04349,Existing,41,P0190,173
202512,C04350,Existing,33,P0138,39
202512,C04351,Existing,41,P0180,178
202512,C04352,Existing,31,P0046,93
202512,C04353,Existing,58,P0055,86
202512,C04354,Existing,41,P0174,119
202512,C04355,Existing,54,P0075,73
202512,C04356,Left,58,P0188,84
202512,C04357,Left,38,P0097,2
202512,C04358,Existing,49,P0026,87
202512,C04359,Left,59,P0155,77
202512,C04360,Left,47,P0166,24
202512,C04361,Existing,48,P0022,176
202512,C04362,Left,48,P0026,98
202512,C04363,Existing,44,P0197,78
202512,C04364,Existing,27,P0163,14
202512,C04365,Existing,51,P0194,117
202512,C04367,Existing,32,P0115,119
202512,C04368,Left,35,P0051,100
202512,C04369,Left,26,P0113,52
202512,C04370,Existing,43,P0146,82
202512,C04371,Existing,52,P0171,11
202512,C04372,Existing,46,P0012,117
202512,C04373,Existing,27,P0003,55
202512,C04374,Existing,22,P0120,20
202512,C04375,Existing,54,P0135,77
202512,C04376,Existing,43,P0134,114
202512,C04377,Existing,44,P0082,16
202512,C04378,Existing,42,P0045,167
202512,C04379,Existing,47,P0127,76
202512,C04380,Existing,35,P0086,88
202512,C04381,Left,37,P0115,7
202512,C04382,Existing,50,P0167,166
202512,C04383,Existing,45,P0179,2
202512,C04384,Existing,56,P0009,89
202512,C04385,Existing,58,P0151,30
202512,C04386,Existing,38,P0012,91
202512,C04387,Existing,58,P0116,24
202512,C04388,Left,44,P0088,93
202512,C04389,Existing,47,P0062,158
202512,C04390,Existing,63,P0104,53
202512,C04391,Existing,38,P0073,151
202512,C04392,Existing,42,P0077,78
202512,C04393,Existing,20,P0040,43
202512,C04394,Left,45,P0182,120
202512,C04395,Left,24,P0135,106
202512,C04396,Existing,44,P0017,139
202512,C04397,Left,59,P0119,30
202512,C04398,Left,30,P0126,25
202512,C04399,Existing,45,P0178,125
202512,C04400,Existing,42,P0024,136
202512,C04401,Left,56,P0002,56
202512,C04402,Existing,42,P0092,46
202512,C04403,Existing,43,P0161,111
202512,C04404,Existing,44,P0149,126
202512,C04405,Existing,52,P0117,98
202512,C04406,Left,36,P0053,41
202512,C04407,Left,24,P0046,94
202512,C04408,Existing,40,P0045,140
202512,C04409,Left,37,P0009,37
202512,C04410,Existing,39,P0006,142
202512,C04411,Existing,26,P0051,90
202512,C04412,Existing,27,P0119,31
202512,C04413,Left,23,P0035,106
202512,C04414,Left,42,P0082,96
202512,C04415,Existing,38,P0181,170
202512,C04416,Existing,31,P0147,8
202512,C04417,Existing,46,P0197,41
202512,C04418,Existing,36,P0025,57
202512,C04419,Existing,35,P0139,154
202512,C04420,Existing,41,P0017,68
202512,C04421,Existing,55,P0036,16
202512,C04422,Left,22,P0096,58
202512,C04423,Left,28,P0021,17
202512,C04424,Existing,45,P0018,85
202512,C04425,Existing,54,P0188,9
202512,C04426,Existing,43,P0146,63
202512,C04427,Existing,39,P0001,64
202512,C04428,Existing,44,P0142,178
202512,C04429,Existing,49,P0136,97
202512,C04430,Left,37,P0194,93
202512,C04431,Existing,28,P0051,103
202512,C04432,Existing,36,P0079,136
202512,C04433,Existing,60,P0188,20
202512,C04434,Existing,29,P0162,16
202512,C04435,Left,57,P0036,20
202512,C04436,Existing,36,P0062,66
202512,C04437,Existing,47,P0129,64
202512,C04438,Existing,37,P0085,124
202512,C04439,Existing,37,P0042,70
202512,C04440,Existing,41,P0001,103
202512,C04441,Left,49,P0054,82
202512,C04442,Left,61,P0175,38
202512,C04443,Existing,44,P0100,103
202512,C04444,Existing,32,P0039,25
202512,C04445,Existing,48,P0158,100
202512,C04446,Existing,46,P0007,64
202512,C04447,Existing,47,P0150,96
202512,C04448,Existing,28,P0121,99
202512,C04449,Existing,43,P0178,105
202512,C04450,Existing,41,P0045,83
202512,C04451,Existing,55,P0074,101
202512,C04452,Existing,41,P0120,17
202512,C04453,Existing,49,P0072,147
202512,C04454,Left,51,P0138,33
202512,C04455,Existing,45,P0142,157
202512,C04456,Left,37,P0046,85
202512,C04457,Existing,40,P0123,122
202512,C04458,Existing,36,P0118,174
202512,C04459,Existing,40,P0075,6
202512,C04460,Existing,40,P0006,72
202512,C04461,Existing,43,P0021,64
202512,C04462,Existing,40,P0190,120
202512,C04463,Existing,45,P0147,4
202512,C04464,Existing,44,P0103,71
202512,C04465,Left,40,P0088,100
202512,C04466,Existing,44,P0099,168
202512,C04467,Existing,44,P0062,155
202512,C04468,Existing,27,P0107,52
202512,C04469,Existing,45,P0083,106
202512,C04470,Existing,47,P0181,103
202512,C04471,Existing,37,P0152,88
202512,C04472,Existing,22,P0056,53
202512,C04473,Left,46,P0190,164
202512,C04474,Existing,61,P0162,80
202512,C04475,Existing,45,P0022,110
202512,C04476,Existing,30,P0068,59
202512,C04477,Existing,49,P0185,177
202512,C04478,Existing,46,P0010,73
202512,C04479,Existing,28,P0066,18
202512,C04480,Left,40,P0008,56
202512,C04481,Existing,35,P0123,86
202512,C04482,Existing,44,P0038,99
202512,C04483,Existing,47,P0123,99
202512,C04484,Left,42,P0062,103
202512,C04485,Existing,41,P0156,72
202512,C04486,Existing,56,P0138,75
202512,C04487,Existing,37,P0045,70
202512,C04488,Existing,49,P0065,174
202512,C04489,Existing,39,P0067,106
202512,C04490,Existing,43,P0137,102
202512,C04491,Existing,48,P0133,96
202512,C04492,Existing,49,P0106,105
202512,C04493,Existing,33,P0138,12
202512,C04494,Existing,46,P0140,77
202512,C04495,Existing,28,P0082,72
202512,C04496,Existing,41,P0058,147
202512,C04497,Existing,42,P0149,102
202512,C04498,Existing,46,P0149,87
202512,C04499,Left,57,P0193,3
202512,C04500,Existing,42,P0131,84
202512,C04501,Left,50,P0069,140
202512,C04502,Left,23,P0089,35
202512,C04503,Existing,41,P0064,138
202512,C04504,Existing,33,P0177,37
202512,C04505,Existing,40,P0072,87
202512,C04506,Existing,36,P0017,161
202512,C04507,Existing,37,P0073,79
202512,C04508,Existing,39,P0160,2
202512,C04509,Existing,37,P0070,94
202512,C04510,Left,48,P0113,103
202512,C04511,Left,41,P0021,93
202512,C04512,Existing,29,P0135,84
202512,C04513,Existing,50,P0007,65
202512,C04514,Existing,40,P0111,141
202512,C04515,Existing,44,P0027,133
202512,C04516,Existing,41,P0008,92
202512,C04517,Existing,48,P0028,71
202512,C04518,Left,51,P0194,2
202512,C04519,Existing,30,P0199,89
202512,C04520,Existing,38,P0047,92
202512,C04521,Existing,48,P0086,141
202512,C04522,Left,64,P0010,4
202512,C04523,Left,22,P0114,102
202512,C04524,Left,40,P0033,177
202512,C04525,Left,59,P0135,81
202512,C04526,Left,24,P0131,83
202512,C04527,Existing,37,P0014,145
202512,C04528,Existing,36,P0172,87
202512,C04529,Existing,36,P0046,70
202512,C04530,Existing,45,P0061,128
202512,C04531,Existing,51,P0164,4
202512,C04532,Existing,51,P0013,82
202512,C04533,Left,40,P0016,134
202512,C04534,Existing,47,P0133,117
202512,C04535,Existing,50,P0038,66
202512,C04536,Existing,46,P0178,95
202512,C04537,Existing,49,P0038,101
202512,C04538,Existing,45,P0103,106
202512,C04539,Left,46,P0056,107
202512,C04540,Left,41,P0063,9
202512,C04541,Existing,64,P0120,77
202512,C04542,Left,37,P0048,117
202512,C04543,Existing,29,P0105,58
202512,C04544,Existing,35,P0059,60
202512,C04545,Existing,34,P0077,29
202512,C04546,Existing,39,P0172,157
202512,C04547,Left,38,P0127,66
202512,C04548,Left,60,P0055,52
202512,C04549,Existing,23,P0055,93
202512,C04550,Existing,47,P0129,74
202512,C04551,Existing,36,P0136,151
202512,C04552,Existing,44,P0127,27
202512,C04553,Existing,43,P0132,143
202512,C04554,Existing,41,P0085,172
202512,C04555,Existing,44,P0115,104
202512,C04556,Existing,45,P0181,153
202512,C04557,Existing,49,P0058,84
202512,C04558,Existing,35,P0037,71
202512,C04559,Existing,30,P0049,10
202512,C04560,Left,40,P0067,168
202512,C04561,Left,39,P0019,113
202512,C04562,Existing,40,P0129,122
202512,C04563,Existing,46,P0029,68
202512,C04564,Left,26,P0087,46
202512,C04565,Existing,42,P0033,171
202512,C04566,Existing,57,P0119,103
202512,C04567,Existing,35,P0180,76
202512,C04568,Existing,40,P0169,162
202512,C04569,Existing,57,P0151,92
202512,C04570,Existing,40,P0133,156
202512,C04571,Existing,27,P0071,30
202512,C04572,Existing,50,P0185,68
202512,C04573,Existing,43,P0134,166
202512,C04574,Existing,50,P0177,67
202512,C04575,Existing,45,P0022,64
202512,C04576,Existing,23,P0077,8
202512,C04577,Existing,54,P0004,13
202512,C04578,Existing,42,P0072,78
202512,C04579,Existing,23,P0192,59
202512,C04580,Existing,42,P0165,166
202512,C04581,Existing,44,P0159,87
202512,C04582,Existing,44,P0165,108
202512,C04583,Existing,25,P0128,29
202512,C04584,Existing,41,P0045,93
202512,C04585,Existing,44,P0136,171
202512,C04586,Existing,43,P0168,106
202512,C04587,Left,58,P0093,22
202512,C04588,Existing,38,P0005,68
202512,C04589,Existing,46,P0156,120
202512,C04590,Existing,41,P0104,115
202512,C04591,Existing,26,P0081,70
202512,C04592,Existing,33,P0087,65
202512,C04593,Existing,47,P0137,18
202512,C04594,Existing,21,P0130,40
202512,C04595,Existing,21,P0063,80
202512,C04596,Existing,24,P0051,113
202512,C04597,Left,39,P0116,103
202512,C04598,Existing,32,P0113,108
202512,C04599,Left,25,P0031,56
202512,C04600,Existing,39,P0007,60
202512,C04601,Left,26,P0158,86
202512,C04602,Existing,43,P0186,19
202512,C04603,Existing,42,P0003,45
202512,C04604,Existing,48,P0051,1
202512,C04605,Left,63,P0056,100
202512,C04606,Existing,45,P0073,138
202512,C04607,Left,34,P0010,104
202512,C04608,Existing,36,P0061,134
202512,C04610,Existing,62,P0122,21
202512,C04611,Existing,34,P0175,85
202512,C04612,Existing,39,P0001,109
202512,C04613,Existing,39,P0185,135
202512,C04614,Existing,40,P0038,170
202512,C04615,Existing,40,P0190,129
202512,C04616,Existing,47,P0079,120
202512,C04617,Existing,26,P0089,16
202512,C04618,Left,52,P0198,14
202512,C04619,Existing,62,P0082,70
202512,C04620,Left,50,P0193,76
202512,C04621,Existing,45,P0190,111
202512,C04622,Existing,26,P0184,46
202512,C04623,Existing,45,P0067,67
202512,C04624,Existing,42,P0017,163
202512,C04625,Existing,43,P0127,7
202512,C04626,Existing,49,P0112,95
202512,C04627,Existing,47,P0136,146
202512,C04628,Existing,46,P0060,173
202512,C04629,Left,22,P0040,106
202512,C04630,Existing,38,P0089,45
202512,C04631,Left,49,P0190,165
202512,C04632,Existing,40,P0041,67
202512,C04633,Existing,50,P0140,8
202512,C04634,Left,48,P0115,115
202512,C04635,Left,41,P0100,99
202512,C04636,Existing,41,P0117,85
202512,C04637,Existing,43,P0182,101
202512,C04638,Existing,48,P0089,11
202512,C04639,Existing,26,P0093,35
202512,C04640,Existing,49,P0139,163
202512,C04641,Existing,45,P0060,96
202512,C04642,Existing,56,P0068,73
202512,C04643,Existing,50,P0078,105
202512,C04645,Left,37,P0038,134
202512,C04646,Existing,46,P0189,58
202512,C04647,Existing,44,P0017,120
202512,C04648,Existing,42,P0066,6
202512,C04649,Left,62,P0200,115
202512,C04650,Left,50,P0036,30
202512,C04651,Left,59,P0074,21
202512,C04652,Existing,47,P0007,126
202512,C04653,Existing,42,P0016,165
202512,C04654,Existing,47,P0014,105
202512,C04655,Existing,39,P0080,148
202512,C04656,Existing,29,P0025,3
202512,C04657,Left,46,P0105,82
202512,C04658,Existing,43,P0004,46
202512,C04659,Existing,58,P0157,44
202512,C04660,Existing,23,P0127,16
202512,C04661,Existing,56,P0056,91
202512,C04662,Existing,39,P0006,136
202512,C04663,Existing,35,P0129,142
202512,C04664,Existing,49,P0167,165
202512,C04665,Existing,45,P0129,92
202512,C04666,Existing,22,P0115,68
202512,C04667,Existing,42,P0191,175
202512,C04668,Existing,37,P0057,162
202512,C04669,Existing,46,P0195,176
202512,C04670,Existing,35,P0065,110
202512,C04671,Existing,46,P0065,118
202512,C04672,Existing,39,P0103,80
202512,C04673,Existing,47,P0021,89
202512,C04674,Existing,61,P0158,94
202512,C04675,Existing,44,P0033,97
202512,C04676,Existing,45,P0176,170
202512,C04677,Left,42,P0022,113
202512,C04678,Existing,48,P0182,78
202512,C04679,Existing,36,P0110,162
202512,C04680,Existing,31,P0004,15
202512,C04681,Left,64,P0183,38
202512,C04682,Existing,37,P0172,139
202512,C04683,Existing,36,P0140,18
202512,C04684,Existing,35,P0074,85
202512,C04685,Left,55,P0119,107
202512,C04686,Existing,35,P0180,84
202512,C04687,Existing,61,P0093,21
202512,C04688,Existing,45,P0065,89
202512,C04689,Left,41,P0065,149
202512,C04690,Left,35,P0010,49
202512,C04691,Existing,40,P0146,178
202512,C04692,Existing,47,P0047,153
202512,C04693,Left,36,P0066,55
202512,C04694,Existing,24,P0049,42
202512,C04695,Existing,26,P0200,71
202512,C04696,Existing,48,P0022,114
202512,C04697,Existing,39,P0086,63
202512,C04698,Existing,45,P0026,73
202512,C04699,Existing,63,P0137,112
202512,C04700,Left,43,P0149,167
202512,C04701,Existing,47,P0095,61
202512,C04702,Existing,38,P0191,151
202512,C04703,Existing,52,P0107,71
202512,C04704,Existing,50,P0134,162
202512,C04705,Existing,47,P0014,88
202512,C04706,Existing,44,P0161,153
202512,C04707,Existing,54,P0071,92
202512,C04708,Existing,40,P0152,62
202512,C04709,Existing,21,P0075,119
202512,C04710,Left,46,P0120,115
202512,C04711,Existing,38,P0112,172
202512,C04712,Existing,43,P0051,27
202512,C04713,Existing,36,P0130,56
202512,C04714,Existing,36,P0143,108
202512,C04715,Existing,57,P0163,81
202512,C04716,Existing,45,P0036,115
202512,C04717,Existing,36,P0118,150
202512,C04718,Existing,38,P0167,161
202512,C04719,Left,26,P0004,44
202512,C04720,Existing,37,P0192,88
202512,C04721,Existing,43,P0006,64
202512,C04722,Existing,47,P0185,167
202512,C04723,Left,52,P0158,88
202512,C04724,Existing,43,P0110,164
202512,C04725,Existing,50,P0099,119
202512,C04726,Left,63,P0122,58
202512,C04727,Left,48,P0117,45
202512,C04728,Existing,46,P0096,26
202512,C04729,Existing,41,P0067,124
202512,C04730,Existing,46,P0120,46
202512,C04731,Existing,40,P0015,119
202512,C04732,Left,43,P0017,134
202512,C04733,Left,28,P0018,29
202512,C04734,Left,29,P0115,34
202512,C04735,Left,23,P0147,2
202512,C04736,Left,34,P0076,19
202512,C04737,Existing,34,P0088,110
202512,C04738,Left,31,P0197,68
202512,C04739,Existing,45,P0152,114
202512,C04740,Existing,43,P0091,95
202512,C04741,Left,20,P0048,95
202512,C04742,Left,45,P0158,104
202512,C04743,Left,46,P0015,77
202512,C04744,Left,58,P0175,78
202512,C04745,Existing,47,P0123,175
202512,C04746,Existing,24,P0127,14
202512,C04747,Existing,39,P0172,134
202512,C04748,Existing,24,P0098,100
202512,C04749,Left,26,P0155,69
202512,C04750,Existing,48,P0084,137
202512,C04751,Existing,54,P0192,69
202512,C04752,Existing,48,P0041,128
202512,C04753,Existing,40,P0096,48
202512,C04754,Existing,48,P0068,54
202512,C04755,Existing,38,P0005,111
202512,C04756,Existing,54,P0053,62
202512,C04757,Left,43,P0122,8
202512,C04758,Existing,41,P0136,77
202512,C04759,Existing,36,P0022,139
202512,C04760,Existing,35,P0106,176
202512,C04761,Existing,38,P0007,171
202512,C04762,Left,46,P0150,144
202512,C04763,Existing,32,P0046,76
202512,C04764,Existing,37,P0030,78
202512,C04765,Existing,26,P0126,71
202512,C04766,Existing,46,P0101,78
202512,C04767,Existing,40,P0144,142
202512,C04768,Existing,50,P0079,78
202512,C04769,Existing,49,P0133,148
202512,C04770,Existing,49,P0067,79
202512,C04771,Existing,44,P0023,136
202512,C04772,Existing,34,P0189,60
202512,C04773,Left,36,P0074,27
202512,C04774,Existing,41,P0005,74
202512,C04775,Left,45,P0151,7
202512,C04776,Existing,32,P0082,116
202512,C04777,Left,29,P0025,114
202512,C04778,Existing,56,P0008,52
202512,C04779,Left,45,P0149,93
202512,C04780,Existing,35,P0002,59
202512,C04781,Existing,35,P0022,138
202512,C04782,Existing,40,P0072,128
202512,C04783,Existing,20,P0087,44
202512,C04784,Existing,49,P0072,159
202512,C04785,Existing,35,P0068,55
202512,C04786,Left,35,P0064,134
202512,C04787,Existing,48,P0094,54
202512,C04788,Existing,36,P0019,27
202512,C04789,Existing,27,P0128,67
202512,C04790,Left,51,P0087,72
202512,C04791,Existing,46,P0082,96
202512,C04792,Existing,46,P0181,84
202512,C04793,Existing,32,P0087,56
202512,C04794,Existing,32,P0097,52
202512,C04795,Left,50,P0052,25
202512,C04796,Existing,59,P0175,87
202512,C04797,Existing,35,P0082,2
202512,C04798,Existing,48,P0182,170
202512,C04799,Existing,40,P0172,111
202512,C04800,Existing,52,P0097,89
202512,C04801,Left,49,P0135,82
202512,C04802,Existing,56,P0115,55
202512,C04803,Existing,46,P0092,119
202512,C04804,Existing,36,P0001,179
202512,C04805,Existing,48,P0063,62
202512,C04806,Existing,41,P0167,159
202512,C04807,Existing,29,P0019,75
202512,C04808,Left,22,P0031,29
202512,C04809,Left,38,P0077,25
202512,C04810,Existing,34,P0121,92
202512,C04811,Existing,40,P0024,130
202512,C04812,Existing,48,P0069,99
202512,C04813,Existing,33,P0193,1
202512,C04814,Existing,36,P0161,174
202512,C04815,Existing,50,P0059,87
202512,C04816,Existing,51,P0114,72
202512,C04817,Existing,38,P0161,92
202512,C04818,Existing,35,P0160,53
202512,C04819,Left,61,P0187,74
202512,C04820,Existing,45,P0101,156
202512,C04821,Existing,49,P0169,66
202512,C04822,Existing,42,P0012,58
202512,C04823,Existing,42,P0119,73
202512,C04824,Existing,42,P0139,62
202512,C04825,Left,51,P0097,116
202512,C04826,Left,57,P0147,2
202512,C04827,Existing,48,P0182,124
202512,C04828,Existing,47,P0057,149
202512,C04829,Existing,48,P0042,33
202512,C04830,Left,38,P0098,112
202512,C04831,Existing,48,P0199,11
202512,C04832,Left,40,P0031,102
202512,C04833,Existing,40,P0180,107
202512,C04834,Left,27,P0002,40
202512,C04835,Existing,20,P0166,39
202512,C04836,Existing,45,P0032,83
202512,C04837,Left,23,P0138,82
202512,C04838,Existing,56,P0105,61
202512,C04839,Left,47,P0136,86
202512,C04840,Existing,27,P0075,82
202512,C04841,Existing,62,P0105,87
202512,C04842,Existing,58,P0148,24
202512,C04843,Existing,57,P0148,84
202512,C04844,Left,28,P0127,115
202512,C04845,Existing,24,P0009,48
202512,C04846,Existing,24,P0200,84
202512,C04847,Existing,36,P0015,119
202512,C04848,Existing,26,P0097,60
202512,C04849,Left,24,P0105,55
202512,C04850,Existing,31,P0063,103
202512,C04851,Existing,64,P0021,33
202512,C04852,Existing,46,P0005,140
202512,C04853,Existing,39,P0125,172
202512,C04854,Existing,39,P0163,83
202512,C04855,Existing,37,P0085,131
202512,C04856,Existing,39,P0196,68
202512,C04857,Existing,62,P0113,30
202512,C04858,Existing,38,P0176,152
202512,C04859,Existing,48,P0080,158
202512,C04860,Existing,45,P0190,140
202512,C04861,Left,38,P0116,114
202512,C04862,Existing,34,P0163,62
202512,C04863,Existing,56,P0198,71
202512,C04864,Existing,27,P0097,57
202512,C04865,Existing,37,P0021,95
202512,C04866,Existing,45,P0080,74
202512,C04867,Existing,50,P0039,6
202512,C04868,Left,58,P0162,104
202512,C04869,Existing,22,P0121,106
202512,C04870,Left,49,P0124,136
202512,C04871,Existing,59,P0143,82
202512,C04872,Existing,39,P0006,162
202512,C04873,Existing,36,P0194,83
202512,C04874,Existing,45,P0056,24
202512,C04875,Left,57,P0049,110
202512,C04876,Existing,49,P0092,26
202512,C04877,Existing,45,P0129,177
202512,C04878,Existing,37,P0065,175
202512,C04879,Existing,30,P0028,111
202512,C04880,Existing,49,P0100,150
202512,C04881,Left,48,P0148,61
202512,C04882,Existing,44,P0176,70
202512,C04883,Existing,45,P0072,164
202512,C04884,Existing,38,P0065,61
202512,C04885,Existing,55,P0051,78
202512,C04886,Existing,46,P0171,12
202512,C04887,Left,25,P0049,44
202512,C04888,Existing,37,P0153,133
202512,C04889,Existing,63,P0074,76
202512,C04890,Existing,41,P0169,91
202512,C04891,Existing,54,P0199,20
202512,C04892,Left,51,P0192,52
202512,C04893,Existing,38,P0189,1
202512,C04894,Left,41,P0012,50
202512,C04895,Left,29,P0104,111
202512,C04896,Existing,51,P0081,42
202512,C04897,Left,31,P0197,40
202512,C04898,Existing,53,P0127,81
202512,C04899,Existing,42,P0014,156
202512,C04900,Existing,36,P0034,26
202512,C04901,Left,43,P0048,89
202512,C04902,Existing,45,P0061,173
202512,C04903,Existing,57,P0035,35
202512,C04904,Left,44,P0119,24
202512,C04905,Existing,40,P0065,126
202512,C04906,Existing,42,P0059,174
202512,C04907,Existing,42,P0036,46
202512,C04908,Existing,44,P0147,79
202512,C04909,Existing,27,P0042,34
202512,C04910,Left,46,P0069,142
202512,C04911,Left,32,P0147,46
202512,C04912,Existing,34,P0107,87
202512,C04913,Existing,59,P0039,2
202512,C04914,Existing,46,P0069,118
202512,C04915,Existing,44,P0180,86
202512,C04916,Existing,23,P0012,68
202512,C04917,Existing,43,P0083,86
202512,C04918,Existing,59,P0175,84
202512,C04919,Existing,42,P0036,84
202512,C04920,Existing,53,P0126,29
202512,C04921,Left,24,P0063,27
202512,C04922,Existing,56,P0076,34
202512,C04923,Existing,55,P0082,6
202512,C04924,Left,28,P0051,22
202512,C04925,Existing,45,P0043,151
202512,C04926,Existing,40,P0034,95
202512,C04927,Existing,36,P0097,91
202512,C04928,Existing,27,P0049,37
202512,C04929,Existing,40,P0146,139
202512,C04930,Existing,39,P0125,130
202512,C04931,Existing,34,P0189,24
202512,C04932,Existing,40,P0057,178
202512,C04933,Left,30,P0093,68
202512,C04934,Existing,36,P0109,63
202512,C04935,Existing,35,P0005,169
202512,C04936,Left,37,P0024,82
202512,C04937,Existing,56,P0192,68
202512,C04938,Existing,48,P0059,88
202512,C04939,Existing,50,P0038,178
202512,C04940,Existing,46,P0161,66
202512,C04941,Existing,29,P0010,37
202512,C04942,Existing,38,P0165,102
202512,C04943,Existing,26,P0126,13
202512,C04944,Existing,41,P0011,122
202512,C04945,Existing,43,P0024,164
202512,C04946,Existing,56,P0088,30
202512,C04947,Existing,20,P0199,18
202512,C04948,Left,43,P0114,60
202512,C04949,Left,28,P0021,52
202512,C04950,Left,34,P0148,77
202512,C04951,Existing,36,P0010,9
202512,C04952,Existing,49,P0175,75
202512,C04953,Existing,44,P0175,71
202512,C04954,Existing,54,P0143,74
202512,C04955,Existing,48,P0172,104
202512,C04956,Existing,46,P0190,97
202512,C04957,Existing,36,P0134,83
202512,C04958,Existing,24,P0066,107
202512,C04959,Left,40,P0122,101
202512,C04960,Existing,49,P0132,91
202512,C04961,Existing,43,P0023,107
202512,C04962,Existing,26,P0013,38
202512,C04963,Existing,44,P0159,159
202512,C04964,Existing,44,P0016,167
202512,C04965,Existing,47,P0041,102
202512,C04966,Existing,44,P0001,176
202512,C04967,Existing,45,P0111,135
202512,C04968,Left,35,P0012,83
202512,C04969,Left,62,P0119,117
202512,C04970,Existing,46,P0184,82
202512,C04971,Existing,43,P0178,72
202512,C04972,Existing,40,P0020,62
202512,C04973,Existing,60,P0194,105
202512,C04974,Existing,27,P0036,31
202512,C04975,Left,45,P0079,154
202512,C04976,Existing,42,P0166,56
202512,C04977,Existing,36,P0150,106
202512,C04978,Existing,50,P0108,16
202512,C04979,Existing,45,P0189,103
202512,C04980,Existing,37,P0178,162
202512,C04981,Left,63,P0096,109
202512,C04982,Existing,48,P0059,170
202512,C04983,Existing,40,P0020,68
202512,C04984,Existing,21,P0164,3
202512,C04985,Existing,49,P0126,72
202512,C04986,Existing,58,P0097,43
202512,C04987,Left,59,P0143,105
202512,C04988,Left,41,P0062,91
202512,C04989,Left,46,P0131,24
202512,C04990,Left,41,P0093,78
202512,C04991,Existing,45,P0091,126
202512,C04992,Existing,37,P0133,106
202512,C04993,Existing,50,P0123,163
202512,C04994,Left,63,P0184,41
202512,C04995,Existing,42,P0159,70
202512,C04996,Existing,39,P0086,77
202512,C04997,Left,62,P0163,102
202512,C04998,Existing,47,P0118,80
202512,C04999,Existing,26,P0199,102
202512,C05000,Left,61,P0198,96
202512,C05001,Left,34,P0026,57
202512,C05002,Existing,40,P0118,160
202512,C05003,Existing,38,P0001,115
202512,C05004,Existing,36,P0007,99
202512,C05005,Left,41,P0164,14
202512,C05006,Existing,22,P0076,46
202512,C05007,Existing,49,P0087,12
202512,C05008,Existing,38,P0153,117
202512,C05009,Existing,20,P0094,111
202512,C05010,Existing,47,P0187,104
202512,C05011,Left,50,P0061,127
202512,C05012,Existing,40,P0029,10
202512,C05013,Left,44,P0095,114
202512,C05014,Existing,25,P0018,14
202512,C05015,Existing,42,P0041,141
202512,C05016,Left,33,P0147,110
202512,C05017,Existing,35,P0132,121
202512,C05018,Existing,41,P0193,53
202512,C05019,Existing,41,P0041,139
202512,C05020,Existing,40,P0123,109
202512,C05021,Existing,64,P0143,119
202512,C05022,Existing,35,P0182,164
202512,C05023,Existing,24,P0192,45
202512,C05024,Existing,36,P0200,41
202512,C05025,Left,34,P0143,20
202512,C05026,Existing,36,P0178,104
202512,C05027,Existing,42,P0022,171
202512,C05028,Existing,44,P0146,61
202512,C05029,Existing,36,P0080,60
202512,C05030,Existing,41,P0130,17
202512,C05031,Existing,41,P0036,107
202512,C05032,Existing,37,P0020,169
202512,C05033,Existing,35,P0144,158
202512,C05034,Existing,36,P0067,160
202512,C05035,Existing,42,P0120,72
202512,C05036,Left,29,P0158,90
202512,C05037,Existing,38,P0055,23
202512,C05038,Existing,52,P0066,66
202512,C05039,Existing,51,P0026,97
202512,C05040,Existing,47,P0185,138
202512,C05041,Existing,26,P0197,78
202512,C05042,Left,38,P0130,61
202512,C05043,Existing,64,P0056,69
202512,C05044,Existing,38,P0190,74
202512,C05045,Left,38,P0034,20
202512,C05046,Existing,47,P0056,16
202512,C05047,Left,44,P0055,104
202512,C05048,Existing,39,P0020,64
202512,C05049,Existing,43,P0050,70
202512,C05050,Existing,35,P0153,122
202512,C05051,Existing,45,P0084,163
202512,C05052,Existing,47,P0153,115
202512,C05053,Existing,60,P0053,68
202512,C05054,Existing,41,P0142,71
202512,C05055,Left,62,P0188,22
202512,C05056,Existing,46,P0111,98
202512,C05057,Left,24,P0171,104
202512,C05058,Existing,39,P0190,93
202512,C05059,Existing,39,P0112,69
202512,C05060,Existing,47,P0069,107
202512,C05061,Existing,48,P0191,94
202512,C05062,Existing,47,P0002,101
202512,C05063,Existing,41,P0182,94
202512,C05064,Existing,41,P0016,91
202512,C05065,Existing,63,P0183,112
202512,C05066,Existing,35,P0094,51
202512,C05067,Existing,48,P0171,54
202512,C05068,Left,52,P0189,86
202512,C05069,Existing,43,P0166,53
202512,C05070,Existing,40,P0045,96
202512,C05071,Existing,39,P0126,84
202512,C05072,Existing,50,P0179,86
202512,C05073,Existing,56,P0170,92
202512,C05074,Existing,45,P0024,132
202512,C05075,Existing,57,P0115,43
202512,C05076,Left,61,P0158,32
202512,C05077,Existing,40,P0165,63
202512,C05078,Existing,41,P0123,176
202512,C05079,Existing,45,P0181,75
202512,C05080,Existing,36,P0191,84
202512,C05081,Existing,48,P0139,176
202512,C05082,Existing,36,P0078,170
202512,C05083,Left,20,P0151,33
202512,C05084,Existing,63,P0117,59
202512,C05085,Existing,50,P0080,146
202512,C05086,Existing,35,P0050,148
202512,C05087,Left,40,P0085,143
202512,C05088,Left,45,P0183,32
202512,C05089,Left,63,P0183,59
202512,C05090,Left,37,P0004,40
202512,C05091,Existing,45,P0182,104
202512,C05092,Existing,44,P0061,62
202512,C05093,Existing,37,P0111,132
202512,C05094,Existing,38,P0078,113
202512,C05095,Existing,49,P0083,152
202512,C05096,Existing,42,P0133,66
202512,C05097,Existing,38,P0100,92
202512,C05098,Left,50,P0146,102
202512,C05099,Existing,36,P0172,108
202512,C05100,Existing,51,P0031,66
202512,C05101,Left,48,P0119,102
202512,C05102,Existing,54,P0094,15
202512,C05103,Existing,44,P0149,95
202512,C05104,Existing,40,P0175,28
202512,C05105,Existing,35,P0030,124
202512,C05106,Existing,61,P0055,20
202512,C05107,Left,25,P0105,23
202512,C05108,Existing,38,P0196,172
202512,C05109,Existing,36,P0197,75
202512,C05110,Existing,41,P0041,146
202512,C05111,Existing,53,P0173,21
202512,C05112,Existing,51,P0074,62
202512,C05113,Existing,26,P0158,54
202512,C05114,Left,33,P0077,94
202512,C05115,Existing,46,P0085,105
202512,C05116,Left,60,P0173,73
202512,C05117,Left,37,P0104,5
202512,C05118,Left,31,P0173,78
202512,C05119,Existing,47,P0079,158
202512,C05120,Existing,37,P0084,175
202512,C05121,Existing,27,P0173,23
202512,C05122,Left,50,P0183,30
202512,C05123,Existing,30,P0187,25
202512,C05124,Existing,48,P0133,78
202512,C05125,Existing,40,P0124,88
202512,C05126,Existing,42,P0032,67
202512,C05127,Existing,41,P0006,143
202512,C05128,Left,27,P0094,77
202512,C05129,Existing,50,P0026,23
202512,C05130,Existing,36,P0037,105
202512,C05131,Left,29,P0013,95
202512,C05132,Existing,39,P0093,16
202512,C05133,Existing,49,P0197,18
202512,C05134,Existing,39,P0025,35
202512,C05135,Existing,54,P0141,76
202512,C05136,Existing,43,P0020,160
202512,C05137,Existing,39,P0072,172
202512,C05138,Existing,61,P0188,29
202512,C05139,Existing,41,P0149,157
202512,C05140,Existing,23,P0115,105
202512,C05141,Existing,33,P0127,24
202512,C05142,Left,58,P0189,92
202512,C05143,Existing,23,P0026,34
202512,C05144,Existing,41,P0054,53
202512,C05145,Existing,37,P0170,117
202512,C05146,Existing,45,P0139,101
202512,C05147,Existing,43,P0165,94
202512,C05148,Existing,41,P0125,156
202512,C05149,Existing,39,P0011,152
202512,C05150,Existing,40,P0027,62
202512,C05151,Existing,32,P0094,95
202512,C05152,Existing,41,P0083,62
202512,C05153,Existing,64,P0034,66
202512,C05154,Existing,50,P0038,176
202512,C05155,Existing,28,P0189,112
202512,C05156,Existing,44,P0087,52
202512,C05157,Existing,35,P0181,98
202512,C05158,Existing,42,P0065,163
202512,C05159,Existing,28,P0131,110
202512,C05160,Existing,38,P0195,144
202512,C05161,Existing,44,P0156,147
202512,C05162,Existing,41,P0142,89
202512,C05163,Left,63,P0052,43
202512,C05164,Existing,43,P0030,107
202512,C05165,Existing,41,P0186,17
202512,C05166,Existing,40,P0182,133
202512,C05167,Left,21,P0197,71
202512,C05168,Left,56,P0113,83
202512,C05169,Left,39,P0143,94
202512,C05170,Existing,21,P0166,67
202512,C05171,Existing,44,P0142,172
202512,C05172,Existing,36,P0185,162
202512,C05173,Existing,24,P0187,118
202512,C05174,Existing,59,P0008,119
202512,C05175,Existing,45,P0072,128
202512,C05176,Existing,57,P0147,109
202512,C05177,Existing,46,P0032,101
202512,C05178,Left,62,P0095,93
202512,C05179,Left,57,P0157,41
202512,C05180,Existing,42,P0041,89
202512,C05181,Existing,57,P0075,96
202512,C05182,Left,45,P0045,120
202512,C05183,Left,62,P0013,4
202512,C05184,Existing,27,P0155,20
202512,C05185,Existing,20,P0019,60
202512,C05186,Existing,28,P0154,23
202512,C05187,Existing,45,P0053,78
202512,C05188,Left,50,P0179,26
202512,C05189,Existing,37,P0165,161
202512,C05190,Left,25,P0137,35
202512,C05191,Existing,36,P0180,73
202512,C05192,Existing,44,P0182,159
202512,C05193,Existing,60,P0003,101
202512,C05194,Existing,39,P0096,56
202512,C05195,Existing,42,P0197,32
202512,C05196,Existing,35,P0136,148
202512,C05197,Existing,45,P0014,76
202512,C05198,Existing,33,P0120,117
202512,C05199,Existing,24,P0131,101
202512,C05200,Existing,49,P0152,88
202512,C05201,Left,23,P0013,114
202512,C05202,Left,21,P0171,23
202512,C05203,Existing,36,P0157,52
202512,C05204,Existing,38,P0072,98
202512,C05205,Existing,53,P0179,104
202512,C05206,Existing,43,P0170,82
202512,C05207,Existing,35,P0159,146
202512,C05208,Existing,43,P0191,122
202512,C05209,Existing,55,P0154,45
202512,C05210,Existing,41,P0146,125
202512,C05211,Existing,53,P0082,1
202512,C05212,Existing,50,P0057,61
202512,C05213,Existing,46,P0007,86
202512,C05214,Existing,37,P0112,174
202512,C05215,Left,26,P0048,37
202512,C05216,Existing,39,P0080,174
202512,C05217,Existing,60,P0119,14
202512,C05218,Existing,21,P0120,88
202512,C05219,Existing,37,P0060,156
202512,C05220,Existing,37,P0033,175
202512,C05221,Existing,20,P0115,107
202512,C05222,Left,58,P0128,34
202512,C05223,Left,21,P0003,19
202512,C05224,Left,59,P0004,117
202512,C05225,Existing,50,P0100,81
202512,C05226,Left,20,P0004,36
202512,C05227,Existing,48,P0042,65
202512,C05228,Left,23,P0009,84
202512,C05229,Existing,46,P0051,50
202512,C05230,Existing,43,P0145,176
202512,C05231,Existing,49,P0145,99
202512,C05232,Left,36,P0097,74
202512,C05233,Existing,41,P0020,75
202512,C05234,Existing,41,P0142,128
202512,C05235,Existing,43,P0022,109
202512,C05236,Existing,45,P0180,112
202512,C05237,Existing,43,P0027,126
202512,C05238,Existing,38,P0043,149
202512,C05239,Left,53,P0131,84
202512,C05240,Existing,39,P0094,80
202512,C05241,Existing,23,P0008,18
202512,C05242,Left,37,P0086,89
202512,C05243,Left,37,P0089,21
202512,C05244,Left,24,P0138,41
202512,C05245,Existing,49,P0113,91
202512,C05246,Existing,60,P0157,14
202512,C05247,Existing,36,P0168,149
202512,C05248,Left,64,P0193,95
202512,C05249,Left,25,P0021,48
202512,C05250,Existing,44,P0152,90
202512,C05251,Left,48,P0188,5
202512,C05252,Existing,59,P0154,75
202512,C05253,Left,38,P0009,53
202512,C05254,Existing,54,P0148,12
202512,C05255,Existing,24,P0184,83
202512,C05256,Existing,48,P0036,12
202512,C05257,Existing,37,P0036,29
202512,C05258,Existing,48,P0073,169
202512,C05259,Existing,39,P0150,160
202512,C05260,Existing,43,P0001,113
202512,C05261,Existing,50,P0069,72
202512,C05262,Existing,39,P0037,107
202512,C05263,Existing,36,P0072,89
202512,C05264,Left,42,P0107,29
202512,C05265,Left,30,P0096,21
202512,C05266,Left,43,P0141,116
202512,C05267,Existing,35,P0084,60
202512,C05268,Existing,50,P0043,165
202512,C05269,Existing,45,P0037,127
202512,C05270,Existing,60,P0025,3
202512,C05271,Left,48,P0149,162
202512,C05272,Existing,43,P0169,147
202512,C05273,Left,35,P0073,150
202512,C05274,Left,58,P0170,73
202512,C05275,Left,49,P0042,56
202512,C05276,Existing,47,P0002,45
202512,C05277,Existing,49,P0196,177
202512,C05278,Existing,35,P0136,65
202512,C05279,Left,31,P0096,71
202512,C05280,Existing,41,P0061,164
202512,C05281,Existing,42,P0014,104
202512,C05282,Existing,51,P0113,30
202512,C05284,Existing,47,P0021,96
202512,C05285,Existing,45,P0152,160
202512,C05286,Existing,48,P0178,126
202512,C05287,Existing,29,P0173,38
202512,C05288,Existing,48,P0192,25
202512,C05289,Existing,37,P0064,104
202512,C05290,Existing,37,P0154,75
202512,C05291,Left,39,P0160,62
202512,C05292,Existing,45,P0057,143
202512,C05293,Left,47,P0119,99
202512,C05294,Existing,41,P0181,152
202512,C05295,Existing,38,P0161,128
202512,C05296,Left,51,P0052,118
202512,C05297,Existing,62,P0095,113
202512,C05298,Existing,41,P0146,89
202512,C05299,Left,57,P0163,34
202512,C05300,Left,47,P0140,32
202512,C05301,Existing,20,P0179,98
202512,C05302,Left,42,P0089,114
202512,C05303,Existing,37,P0010,82
202512,C05304,Existing,40,P0052,72
202512,C05305,Existing,30,P0034,107
202512,C05306,Left,29,P0115,8
202512,C05307,Existing,37,P0195,124
202512,C05308,Existing,37,P0167,112
202512,C05309,Left,50,P0136,113
202512,C05310,Existing,35,P0125,151
202512,C05311,Existing,60,P0157,118
202512,C05312,Existing,47,P0150,84
202512,C05313,Existing,45,P0198,6
202512,C05314,Existing,22,P0189,43
202512,C05315,Existing,50,P0043,141
202512,C05316,Existing,32,P0177,65
202512,C05317,Existing,33,P0029,17
202512,C05318,Left,47,P0106,132
202512,C05319,Existing,49,P0120,37
202512,C05320,Existing,33,P0081,4
202512,C05321,Existing,36,P0031,42
202512,C05322,Existing,37,P0181,76
202512,C05323,Existing,49,P0162,43
202512,C05324,Existing,28,P0128,46
202512,C05325,Existing,48,P0038,79
202512,C05326,Existing,35,P0185,91
202512,C05327,Existing,48,P0101,108
202512,C05328,Existing,45,P0132,105
202512,C05329,Existing,45,P0130,14
202512,C05330,Existing,40,P0012,92
202512,C05331,Existing,44,P0035,51
202512,C05332,Existing,63,P0198,75
202512,C05333,Existing,39,P0110,151
202512,C05334,Left,50,P0072,129
202512,C05335,Existing,50,P0149,71
202512,C05336,Existing,41,P0110,163
202512,C05337,Existing,36,P0061,146
202512,C05338,Existing,36,P0163,45
202512,C05339,Left,20,P0048,71
202512,C05340,Existing,36,P0143,94
202512,C05341,Existing,53,P0071,91
202512,C05342,Existing,63,P0143,99
202512,C05343,Existing,47,P0134,85
202512,C05344,Existing,46,P0068,40
202512,C05345,Existing,37,P0022,147
202512,C05346,Existing,40,P0032,70
202512,C05347,Existing,50,P0123,161
202512,C05348,Existing,42,P0022,152
202512,C05349,Existing,61,P0155,119
202512,C05350,Existing,48,P0110,142
202512,C05351,Existing,39,P0015,132
202512,C05352,Existing,44,P0124,112
202512,C05353,Existing,56,P0044,38
202512,C05354,Left,43,P0115,38
202512,C05355,Left,48,P0009,45
202512,C05356,Existing,57,P0034,105
202512,C05357,Existing,38,P0073,171
202512,C05358,Existing,45,P0143,12
202512,C05359,Existing,37,P0190,133
202512,C05360,Existing,42,P0045,175
202512,C05361,Existing,38,P0072,98
202512,C05362,Existing,50,P0058,162
202512,C05363,Existing,63,P0115,60
202512,C05364,Existing,21,P0019,99
202512,C05365,Left,48,P0016,114
202512,C05366,Left,24,P0075,111
202512,C05367,Existing,42,P0106,176
202512,C05368,Existing,46,P0136,121
202512,C05369,Existing,40,P0161,130
202512,C05370,Existing,41,P0074,86
202512,C05371,Existing,52,P0018,45
202512,C05372,Left,51,P0163,1
202512,C05373,Existing,50,P0043,127
202512,C05374,Existing,40,P0050,129
202512,C05375,Existing,28,P0003,30
202512,C05376,Existing,41,P0059,132
202512,C05377,Left,52,P0028,26
202512,C05378,Existing,28,P0046,87
202512,C05379,Existing,44,P0064,75
202512,C05380,Existing,32,P0070,46
202512,C05381,Existing,44,P0047,137
202512,C05382,Existing,35,P0142,72
202512,C05383,Existing,21,P0135,101
202512,C05384,Existing,48,P0159,126
202512,C05385,Existing,45,P0106,99
202512,C05386,Existing,51,P0081,3
202512,C05387,Existing,28,P0051,112
202512,C05388,Left,31,P0029,1
202512,C05389,Existing,27,P0113,110
202512,C05390,Existing,52,P0143,102
202512,C05391,Left,41,P0128,16
202512,C05392,Existing,30,P0090,14
202512,C05393,Left,45,P0025,44
202512,C05394,Left,24,P0189,65
202512,C05395,Existing,44,P0041,120
202512,C05396,Existing,47,P0069,106
202512,C05397,Existing,32,P0004,108
202512,C05398,Existing,55,P0105,63
202512,C05399,Existing,49,P0185,168
202512,C05400,Left,35,P0031,14
202512,C05401,Existing,35,P0131,68
202512,C05402,Existing,57,P0117,113
202512,C05403,Existing,39,P0195,141
202512,C05404,Existing,53,P0090,84
202512,C05405,Existing,38,P0178,168
202512,C05406,Existing,40,P0145,143
202512,C05407,Left,23,P0188,117
202512,C05408,Left,52,P0066,115
202512,C05409,Existing,64,P0088,14
202512,C05410,Left,46,P0024,107
202512,C05411,Existing,38,P0099,172
202512,C05412,Existing,26,P0160,32
202512,C05413,Existing,32,P0105,54
202512,C05414,Existing,35,P0019,41
202512,C05415,Existing,40,P0066,117
202512,C05416,Existing,50,P0060,64
202512,C05417,Existing,20,P0115,10
202512,C05418,Existing,54,P0194,31
202512,C05419,Existing,45,P0015,68
202512,C05420,Existing,38,P0085,153
202512,C05421,Left,20,P0163,48
202512,C05422,Existing,30,P0197,33
202512,C05423,Existing,53,P0155,110
202512,C05424,Existing,41,P0088,90
202512,C05425,Existing,40,P0007,68
202512,C05426,Existing,36,P0006,81
202512,C05427,Existing,46,P0125,103
202512,C05428,Existing,38,P0033,86
202512,C05429,Existing,49,P0058,123
202512,C05430,Existing,22,P0177,10
202512,C05431,Existing,43,P0145,121
202512,C05432,Existing,42,P0110,68
202512,C05433,Existing,22,P0042,33
202512,C05434,Existing,31,P0094,93
202512,C05435,Existing,53,P0200,97
202512,C05436,Existing,37,P0168,127
202512,C05437,Left,35,P0174,78
202512,C05438,Existing,36,P0199,64
202512,C05439,Left,61,P0198,76
202512,C05440,Existing,39,P0196,163
202512,C05441,Existing,38,P0129,64
202512,C05442,Existing,46,P0079,87
202512,C05443,Existing,38,P0095,12
202512,C05444,Existing,35,P0111,135
202512,C05445,Left,27,P0097,112
202512,C05446,Existing,45,P0180,149
202512,C05447,Existing,51,P0163,96
202512,C05448,Left,20,P0119,15
202512,C05449,Existing,37,P0069,120
202512,C05450,Existing,40,P0133,119
202512,C05451,Existing,39,P0145,165
202512,C05452,Existing,43,P0181,163
202512,C05453,Existing,36,P0052,31
202512,C05454,Existing,44,P0142,81
202512,C05455,Existing,55,P0122,64
202512,C05456,Existing,46,P0029,98
202512,C05457,Existing,38,P0136,76
202512,C05458,Existing,30,P0104,5
202512,C05459,Existing,36,P0001,116
202512,C05460,Left,60,P0029,80
202512,C05461,Existing,55,P0164,85
202512,C05462,Existing,27,P0179,1
202512,C05463,Existing,35,P0165,101
202512,C05464,Left,36,P0069,125
202512,C05465,Left,24,P0053,40
202512,C05466,Existing,42,P0124,170
202512,C05467,Existing,39,P0180,128
202512,C05468,Existing,28,P0088,98
202512,C05469,Left,39,P0083,166
202512,C05470,Existing,26,P0012,23
202512,C05471,Existing,25,P0052,84
202512,C05472,Existing,44,P0129,71
202512,C05473,Existing,32,P0135,2
202512,C05474,Existing,49,P0145,120
202512,C05475,Left,23,P0127,34
202512,C05476,Existing,50,P0171,89
202512,C05477,Left,27,P0071,98
202512,C05478,Existing,37,P0017,133
202512,C05479,Left,48,P0187,116
202512,C05480,Existing,38,P0003,77
202512,C05481,Existing,59,P0029,80
202512,C05482,Existing,46,P0022,177
202512,C05483,Existing,38,P0166,55
202512,C05484,Existing,43,P0054,119
202512,C05485,Existing,61,P0107,101
202512,C05486,Existing,50,P0178,158
202512,C05487,Existing,48,P0069,87
202512,C05488,Left,58,P0158,18
202512,C05489,Existing,23,P0151,112
202512,C05490,Left,26,P0120,85
202512,C05491,Existing,43,P0047,96
202512,C05492,Existing,48,P0149,76
202512,C05493,Existing,49,P0020,72
202512,C05494,Left,43,P0151,23
202512,C05495,Existing,50,P0196,114
202512,C05496,Existing,35,P0149,119
202512,C05497,Existing,21,P0021,18
202512,C05498,Existing,50,P0001,178
202512,C05499,Existing,24,P0143,69
202512,C05500,Left,50,P0017,179
202512,C05501,Existing,37,P0051,68
202512,C05502,Existing,38,P0191,74
202512,C05503,Existing,36,P0014,164
202512,C05504,Existing,35,P0059,119
202512,C05505,Existing,37,P0083,79
202512,C05506,Existing,40,P0050,123
202512,C05507,Existing,40,P0124,69
202512,C05508,Left,30,P0034,87
202512,C05509,Existing,50,P0006,117
202512,C05510,Existing,45,P0109,122
202512,C05511,Existing,56,P0049,58
202512,C05512,Existing,40,P0006,161
202512,C05513,Existing,44,P0117,77
202512,C05514,Existing,35,P0118,148
202512,C05515,Existing,60,P0197,119
202512,C05516,Existing,43,P0007,77
202512,C05517,Existing,53,P0097,62
202512,C05518,Existing,26,P0179,96
202512,C05519,Existing,48,P0118,79
202512,C05520,Existing,39,P0129,61
202512,C05521,Existing,61,P0141,57
202512,C05522,Left,46,P0171,114
202512,C05523,Existing,42,P0027,120
202512,C05524,Existing,41,P0199,13
202512,C05525,Left,31,P0116,81
202512,C05526,Left,59,P0131,76
202512,C05527,Existing,48,P0058,129
202512,C05528,Existing,47,P0089,10
202512,C05529,Left,48,P0097,36
202512,C05530,Left,40,P0017,161
202512,C05531,Left,23,P0173,108
202512,C05532,Existing,41,P0101,100
202512,C05533,Left,26,P0186,110
202512,C05534,Existing,34,P0184,52
202512,C05535,Left,37,P0182,89
202512,C05536,Existing,62,P0029,28
202512,C05537,Existing,54,P0102,51
202512,C05538,Existing,44,P0123,89
202512,C05539,Existing,30,P0054,20
202512,C05540,Existing,36,P0027,71
202512,C05541,Left,22,P0102,117
202512,C05542,Left,61,P0117,52
202512,C05543,Existing,31,P0104,59
202512,C05544,Existing,45,P0045,142
202512,C05545,Existing,58,P0114,42
202512,C05546,Existing,36,P0087,92
202512,C05547,Existing,24,P0031,1
202512,C05548,Existing,43,P0164,29
202512,C05549,Existing,63,P0189,65
202512,C05550,Left,49,P0037,147
202512,C05551,Existing,38,P0195,69
202512,C05552,Existing,53,P0036,28
202512,C05553,Existing,43,P0119,39
202512,C05554,Existing,46,P0005,109
202512,C05555,Existing,49,P0174,159
202512,C05556,Existing,23,P0052,53
202512,C05557,Left,38,P0049,54
202512,C05558,Existing,45,P0006,90
202512,C05559,Existing,38,P0123,152
202512,C05560,Left,37,P0138,3
202512,C05561,Existing,41,P0118,151
202512,C05562,Left,36,P0023,111
202512,C05563,Existing,37,P0145,148
202512,C05564,Existing,44,P0110,103
202512,C05565,Left,38,P0044,79
202512,C05566,Existing,44,P0041,96
202512,C05567,Existing,51,P0143,57
202512,C05568,Existing,45,P0172,146
202512,C05569,Existing,60,P0186,70
202512,C05570,Existing,44,P0050,115
202512,C05571,Existing,62,P0052,98
202512,C05572,Existing,54,P0070,119
202512,C05573,Existing,37,P0196,80
202512,C05574,Existing,50,P0191,109
202512,C05575,Left,28,P0186,50
202512,C05576,Existing,23,P0151,113
202512,C05577,Existing,36,P0172,86
202512,C05578,Existing,50,P0109,100
202512,C05579,Existing,49,P0118,120
202512,C05580,Existing,48,P0109,82
202512,C05581,Existing,51,P0095,41
202512,C05582,Existing,28,P0044,16
202512,C05583,Existing,50,P0180,69
202512,C05584,Existing,47,P0067,157
202512,C05585,Existing,47,P0156,83
202512,C05586,Existing,49,P0067,126
202512,C05587,Existing,29,P0018,102
202512,C05588,Existing,33,P0155,73
202512,C05589,Existing,57,P0179,15
202512,C05590,Existing,38,P0060,129
202512,C05591,Existing,61,P0074,19
202512,C05592,Existing,46,P0049,74
202512,C05593,Existing,48,P0015,73
202512,C05594,Existing,36,P0073,117
202512,C05595,Existing,47,P0196,178
202512,C05596,Existing,22,P0143,67
202512,C05597,Left,54,P0179,114
202512,C05598,Left,45,P0048,3
202512,C05599,Existing,47,P0072,88
202512,C05600,Existing,41,P0113,86
202512,C05601,Left,36,P0129,69
202512,C05602,Existing,31,P0135,115
202512,C05603,Existing,52,P0053,47
202512,C05604,Existing,47,P0159,66
202512,C05605,Existing,39,P0018,107
202512,C05606,Existing,33,P0012,94
202512,C05607,Existing,38,P0048,39
202512,C05608,Existing,40,P0030,82
202512,C05609,Left,40,P0097,96
202512,C05610,Existing,35,P0007,129
202512,C05611,Existing,34,P0092,57
202512,C05612,Existing,44,P0113,77
202512,C05613,Existing,21,P0003,17
202512,C05614,Left,63,P0107,54
202512,C05615,Existing,45,P0063,32
202512,C05616,Existing,41,P0134,132
202512,C05617,Existing,36,P0102,113
202512,C05618,Existing,48,P0015,168
202512,C05619,Left,48,P0199,82
202512,C05620,Existing,36,P0171,6
202512,C05621,Existing,37,P0091,170
202512,C05622,Left,52,P0081,117
202512,C05623,Existing,39,P0146,118
202512,C05624,Existing,40,P0150,151
202512,C05625,Existing,36,P0061,165
202512,C05626,Existing,32,P0120,66
202512,C05627,Existing,38,P0061,130
202512,C05628,Existing,48,P0053,18
202512,C05629,Existing,61,P0026,66
202512,C05630,Existing,42,P0115,5
202512,C05631,Existing,30,P0040,19
202512,C05632,Existing,31,P0088,2
202512,C05633,Existing,45,P0116,33
202512,C05634,Existing,39,P0136,105
202512,C05635,Left,24,P0021,8
202512,C05636,Existing,43,P0043,64
202512,C05637,Existing,48,P0021,66
202512,C05638,Existing,48,P0131,69
202512,C05639,Existing,21,P0031,69
202512,C05640,Existing,54,P0155,83
202512,C05641,Existing,42,P0027,170
202512,C05642,Existing,40,P0073,76
202512,C05643,Existing,35,P0185,62
202512,C05644,Existing,25,P0097,52
202512,C05645,Existing,48,P0161,62
202512,C05646,Existing,30,P0090,91
202512,C05647,Existing,57,P0044,105
202512,C05648,Left,44,P0043,120
202512,C05649,Left,25,P0031,114
202512,C05650,Existing,60,P0117,75
202512,C05651,Existing,57,P0193,64
202512,C05652,Existing,50,P0076,24
202512,C05653,Left,39,P0145,100
202512,C05654,Left,50,P0143,107
202512,C05655,Left,31,P0034,5
202512,C05656,Existing,42,P0080,157
202512,C05657,Left,56,P0004,36
202512,C05658,Existing,50,P0072,97
202512,C05659,Left,60,P0098,33
202512,C05660,Existing,45,P0110,140
202512,C05661,Existing,21,P0028,8
202512,C05662,Left,51,P0130,100
202512,C05663,Existing,41,P0017,154
202512,C05664,Existing,48,P0058,121
202512,C05665,Existing,30,P0127,101
202512,C05666,Existing,43,P0009,116
202512,C05667,Left,24,P0031,93
202512,C05668,Existing,21,P0194,81
202512,C05669,Existing,56,P0088,13
202512,C05670,Existing,50,P0062,168
202512,C05671,Existing,27,P0019,74
202512,C05672,Existing,30,P0081,28
202512,C05673,Existing,45,P0107,72
202512,C05674,Existing,51,P0055,46
202512,C05675,Existing,41,P0156,94
202512,C05676,Existing,36,P0112,81
202512,C05677,Existing,48,P0123,109
202512,C05678,Existing,38,P0178,74
202512,C05679,Existing,38,P0065,98
202512,C05680,Existing,47,P0124,132
202512,C05681,Existing,39,P0003,34
202512,C05682,Existing,39,P0180,146
202512,C05683,Existing,43,P0138,42
202512,C05684,Existing,57,P0021,54
202512,C05685,Existing,50,P0037,142
202512,C05686,Existing,36,P0015,117
202512,C05687,Existing,33,P0087,54
202512,C05688,Left,28,P0120,85
202512,C05689,Existing,33,P0137,91
202512,C05690,Existing,37,P0044,55
202512,C05691,Left,27,P0039,49
202512,C05692,Existing,46,P0133,125
202512,C05693,Existing,33,P0025,41
202512,C05694,Existing,46,P0056,20
202512,C05695,Existing,31,P0121,42
202512,C05697,Existing,40,P0064,112
202512,C05698,Existing,28,P0200,39
202512,C05699,Existing,42,P0180,89
202512,C05700,Existing,47,P0089,47
202512,C05701,Left,40,P0112,179
202512,C05702,Existing,44,P0076,32
202512,C05703,Existing,51,P0137,56
202512,C05704,Left,43,P0138,35
202512,C05705,Left,52,P0010,46
202512,C05706,Existing,35,P0062,127
202512,C05707,Existing,49,P0090,108
202512,C05708,Existing,48,P0060,151
202512,C05709,Existing,49,P0147,106
202512,C05710,Left,61,P0107,12
202512,C05711,Existing,50,P0038,69
202512,C05712,Left,41,P0134,70
202512,C05713,Left,35,P0143,14
202512,C05714,Existing,35,P0047,178
202512,C05715,Existing,29,P0173,46
202512,C05716,Existing,43,P0133,138
202512,C05717,Existing,38,P0078,111
202512,C05718,Existing,30,P0053,37
202512,C05719,Left,41,P0194,52
202512,C05720,Existing,39,P0062,158
202512,C05721,Existing,37,P0023,162
202512,C05722,Left,42,P0044,46
202512,C05723,Existing,45,P0052,71
202512,C05724,Existing,52,P0046,44
202512,C05725,Existing,43,P0147,51
202512,C05726,Existing,40,P0084,85
202512,C05727,Left,49,P0047,129
202512,C05728,Existing,49,P0091,120
202512,C05729,Left,64,P0052,109
202512,C05730,Existing,49,P0024,111
202512,C05731,Existing,37,P0145,140
202512,C05732,Existing,22,P0089,79
202512,C05734,Existing,38,P0064,112
202512,C05735,Left,46,P0119,22
202512,C05736,Existing,50,P0156,147
202512,C05737,Existing,50,P0178,169
202512,C05738,Existing,45,P0064,132
202512,C05739,Existing,47,P0156,89
202512,C05740,Left,44,P0086,84
202512,C05741,Existing,50,P0056,32
202512,C05742,Existing,45,P0059,69
202512,C05743,Existing,43,P0133,106
202512,C05744,Existing,42,P0182,137
202512,C05745,Existing,41,P0172,120
202512,C05746,Existing,59,P0170,2
202512,C05747,Existing,53,P0200,55
202512,C05748,Existing,35,P0125,161
202512,C05749,Existing,38,P0185,102
202512,C05750,Existing,35,P0047,119
202512,C05751,Existing,50,P0121,83
202512,C05752,Existing,39,P0153,141
202512,C05753,Existing,53,P0102,115
202512,C05754,Existing,63,P0044,30
202512,C05755,Existing,41,P0015,115
202512,C05756,Existing,38,P0105,54
202512,C05757,Existing,23,P0051,53
202512,C05758,Existing,57,P0053,40
202512,C05759,Existing,28,P0034,95
202512,C05760,Existing,48,P0124,69
202512,C05761,Existing,37,P0077,44
202512,C05762,Existing,50,P0136,142
202512,C05763,Existing,38,P0123,71
202512,C05764,Left,43,P0070,13
202512,C05765,Existing,46,P0021,102
202512,C05766,Existing,45,P0108,34
202512,C05767,Existing,20,P0108,112
202512,C05768,Existing,29,P0135,54
202512,C05769,Existing,44,P0090,95
202512,C05770,Existing,45,P0079,126
202512,C05771,Left,57,P0184,99
202512,C05772,Existing,20,P0177,5
202512,C05773,Existing,46,P0042,109
202512,C05774,Left,45,P0151,11
202512,C05775,Existing,21,P0052,21
202512,C05776,Existing,31,P0102,73
202512,C05777,Existing,61,P0105,5
202512,C05778,Existing,36,P0079,69
202512,C05779,Existing,44,P0112,137
202512,C05780,Existing,42,P0181,177
202512,C05781,Existing,56,P0104,41
202512,C05782,Existing,50,P0016,81
202512,C05783,Existing,30,P0096,117
202512,C05784,Existing,37,P0037,107
202512,C05785,Left,38,P0146,96
202512,C05786,Existing,24,P0148,100
202512,C05787,Existing,36,P0046,90
202512,C05788,Existing,39,P0002,103
202512,C05789,Existing,35,P0119,7
202512,C05790,Existing,31,P0087,43
202512,C05791,Left,22,P0094,8
202512,C05792,Left,45,P0191,120
202512,C05793,Left,59,P0003,26
202512,C05794,Existing,35,P0174,160
202512,C05795,Existing,36,P0111,110
202512,C05796,Existing,59,P0177,92
202512,C05797,Existing,42,P0001,60
202512,C05798,Existing,58,P0105,18
202512,C05799,Existing,44,P0022,159
202512,C05800,Existing,35,P0142,73
202512,C05801,Existing,28,P0173,45
202512,C05802,Existing,44,P0134,172
202512,C05803,Existing,38,P0065,96
202512,C05804,Existing,58,P0021,10
202512,C05805,Left,47,P0004,13
202512,C05806,Existing,27,P0131,87
202512,C05807,Existing,26,P0113,15
202512,C05808,Existing,40,P0030,85
202512,C05809,Left,52,P0031,21
202512,C05810,Existing,21,P0162,64
202512,C05811,Left,37,P0020,97
202512,C05812,Existing,23,P0054,3
202512,C05813,Existing,29,P0126,113
202512,C05814,Existing,44,P0153,150
202512,C05815,Existing,38,P0015,111
202512,C05816,Existing,20,P0166,80
202512,C05817,Existing,54,P0151,77
202512,C05818,Existing,43,P0180,133
202512,C05819,Left,30,P0194,96
202512,C05820,Existing,38,P0185,159
202512,C05821,Existing,44,P0057,113
202512,C05822,Existing,49,P0079,88
202512,C05823,Existing,39,P0180,74
202512,C05824,Existing,57,P0163,19
202512,C05825,Existing,43,P0014,157
202512,C05826,Existing,40,P0091,71
202512,C05827,Existing,35,P0014,60
202512,C05828,Existing,36,P0099,63
202512,C05829,Existing,40,P0033,149
202512,C05830,Existing,46,P0180,163
202512,C05831,Existing,50,P0001,98
202512,C05832,Existing,49,P0034,86
202512,C05833,Existing,29,P0019,55
202512,C05834,Existing,44,P0152,174
202512,C05835,Existing,22,P0004,52
202512,C05836,Existing,29,P0164,38
202512,C05837,Existing,57,P0077,12
202512,C05838,Existing,40,P0058,150
202512,C05839,Left,27,P0160,63
202512,C05840,Existing,55,P0137,102
202512,C05841,Existing,46,P0103,160
202512,C05842,Existing,48,P0067,133
202512,C05843,Existing,42,P0116,72
202512,C05845,Existing,47,P0120,42
202512,C05846,Existing,39,P0190,132
202512,C05847,Existing,34,P0186,33
202512,C05848,Existing,49,P0022,95
202512,C05849,Existing,44,P0112,82
202512,C05850,Existing,39,P0195,141
202512,C05851,Existing,61,P0075,47
202512,C05852,Existing,43,P0176,72
202512,C05853,Existing,41,P0136,125
202512,C05854,Existing,21,P0143,36
202512,C05855,Existing,40,P0032,133
202512,C05856,Existing,49,P0181,144
202512,C05857,Existing,45,P0067,156
202512,C05858,Left,41,P0004,102
202512,C05859,Existing,50,P0030,120
202512,C05860,Existing,21,P0013,93
202512,C05861,Existing,60,P0021,82
202512,C05862,Existing,42,P0041,92
202512,C05863,Left,33,P0121,58
202512,C05864,Left,30,P0019,84
202512,C05865,Existing,46,P0048,79
202512,C05866,Existing,48,P0086,118
202512,C05867,Existing,59,P0063,18
202512,C05868,Existing,61,P0148,23
202512,C05869,Existing,27,P0192,56
202512,C05870,Existing,46,P0037,141
202512,C05871,Left,55,P0031,97
202512,C05872,Existing,58,P0074,28
202512,C05873,Existing,39,P0146,121
202512,C05874,Existing,30,P0107,106
202512,C05875,Existing,50,P0103,121
202512,C05876,Existing,35,P0110,167
202512,C05877,Existing,48,P0020,123
202512,C05878,Existing,36,P0139,103
202512,C05879,Existing,36,P0086,74
202512,C05880,Existing,23,P0044,89
202512,C05881,Existing,61,P0082,46
202512,C05882,Existing,37,P0064,175
202512,C05883,Left,33,P0122,22
202512,C05884,Existing,43,P0162,23
202512,C05885,Existing,64,P0087,15
202512,C05886,Existing,49,P0065,73
202512,C05888,Existing,36,P0074,90
202512,C05889,Existing,22,P0117,19
202512,C05890,Existing,44,P0129,98
202512,C05891,Existing,38,P0166,76
202512,C05892,Existing,31,P0137,29
202512,C05893,Left,23,P0095,66
202512,C05894,Existing,42,P0199,6
202512,C05895,Existing,40,P0145,160
202512,C05896,Existing,45,P0099,164
202512,C05897,Left,36,P0112,68
202512,C05898,Left,61,P0052,96
202512,C05899,Existing,35,P0146,134
202512,C05900,Left,38,P0191,125
202512,C05901,Existing,47,P0033,74
202512,C05902,Existing,48,P0004,52
202512,C05903,Existing,64,P0087,118
202512,C05904,Existing,41,P0075,52
202512,C05905,Left,41,P0180,178
202512,C05906,Existing,45,P0009,31
202512,C05907,Existing,38,P0064,94
202512,C05908,Left,50,P0030,142
202512,C05909,Existing,37,P0136,115
202512,C05910,Existing,44,P0133,85
202512,C05911,Existing,32,P0076,86
202512,C05912,Existing,46,P0191,131
202512,C05913,Existing,50,P0129,117
202512,C05914,Existing,49,P0015,179
202512,C05915,Existing,22,P0089,7
202512,C05916,Existing,21,P0166,33
202512,C05917,Existing,31,P0170,53
202512,C05918,Existing,60,P0128,117
202512,C05919,Existing,44,P0174,127
202512,C05920,Existing,39,P0181,95
202512,C05921,Existing,40,P0026,87
202512,C05922,Existing,41,P0061,114
202512,C05923,Existing,47,P0123,163
202512,C05924,Existing,42,P0067,120
202512,C05925,Existing,36,P0182,121
202512,C05926,Existing,37,P0150,69
202512,C05927,Existing,57,P0026,11
202512,C05928,Existing,38,P0083,61
202512,C05929,Left,36,P0108,23
202512,C05930,Existing,47,P0111,101
202512,C05931,Left,47,P0060,75
202512,C05932,Left,23,P0039,100
202512,C05933,Existing,40,P0123,101
202512,C05934,Existing,47,P0036,100
202512,C05935,Existing,31,P0021,42
202512,C05936,Existing,46,P0169,155
202512,C05937,Existing,44,P0118,110
202512,C05938,Existing,41,P0048,88
202512,C05939,Existing,64,P0026,104
202512,C05940,Existing,50,P0191,125
202512,C05941,Existing,49,P0036,65
202512,C05942,Left,41,P0152,171
202512,C05943,Existing,54,P0128,92
202512,C05944,Existing,50,P0149,83
202512,C05945,Existing,40,P0146,87
202512,C05946,Existing,49,P0015,168
202512,C05947,Existing,40,P0079,144
202512,C05948,Existing,38,P0134,92
202512,C05949,Existing,55,P0171,77
202512,C05950,Existing,43,P0159,90
202512,C05951,Existing,39,P0028,8
202512,C05952,Existing,43,P0136,102
202512,C05953,Left,60,P0157,104
202512,C05954,Existing,38,P0149,175
202512,C05955,Existing,47,P0120,45
202512,C05956,Existing,47,P0088,69
202512,C05957,Existing,49,P0186,64
202512,C05958,Left,35,P0188,72
202512,C05959,Existing,43,P0178,126
202512,C05960,Existing,36,P0031,27
202512,C05961,Left,49,P0047,145
202512,C05962,Left,57,P0034,35
202512,C05963,Existing,26,P0002,3
202512,C05964,Existing,47,P0106,105
202512,C05965,Existing,50,P0195,92
202512,C05966,Existing,58,P0094,60
202512,C05967,Existing,48,P0072,142
202512,C05968,Existing,60,P0052,33
202512,C05969,Existing,26,P0135,46
202512,C05970,Existing,20,P0147,79
202512,C05971,Existing,64,P0090,84
202512,C05972,Existing,22,P0092,100
202512,C05973,Left,48,P0143,108
202512,C05974,Existing,49,P0078,113
202512,C05975,Existing,38,P0176,113
202512,C05976,Existing,46,P0125,71
202512,C05977,Existing,38,P0142,146
202512,C05978,Existing,26,P0131,86
202512,C05979,Existing,36,P0050,137
202512,C05980,Existing,43,P0093,71
202512,C05981,Existing,46,P0124,96
202512,C05982,Existing,24,P0054,66
202512,C05983,Existing,47,P0134,62
202512,C05984,Existing,45,P0177,74
202512,C05985,Existing,55,P0151,53
202512,C05986,Existing,50,P0078,88
202512,C05987,Existing,39,P0078,171
202512,C05988,Left,38,P0020,88
202512,C05989,Existing,48,P0091,159
202512,C05990,Existing,42,P0188,67
202512,C05991,Existing,40,P0099,136
202512,C05992,Existing,49,P0173,76
202512,C05993,Existing,54,P0189,92
202512,C05994,Existing,26,P0056,47
202512,C05995,Existing,41,P0002,63
202512,C05996,Left,64,P0105,41
202512,C05997,Existing,22,P0173,52
202512,C05998,Existing,39,P0168,81
202512,C05999,Existing,36,P0112,81
202512,C06000,Existing,35,P0024,171
202512,C06001,Existing,39,P0157,88
202512,C06002,Existing,38,P0195,102
202512,C06003,Existing,39,P0109,64
202512,C06004,Existing,23,P0068,99
202512,C06005,Existing,39,P0114,73
202512,C06006,Existing,24,P0194,61
202512,C06007,Existing,40,P0084,94
202512,C06008,Existing,47,P0182,85
202512,C06009,Existing,46,P0181,123
202512,C06010,Existing,35,P0049,47
202512,C06011,Existing,40,P0032,169
202512,C06012,Existing,38,P0061,69
202512,C06013,Existing,26,P0170,103
202512,C06014,Existing,36,P0129,74
202512,C06015,Existing,48,P0191,142
202512,C06016,Left,55,P0102,50
202512,C06017,Left,52,P0035,96
202512,C06018,Left,29,P0051,33
202512,C06019,Existing,24,P0199,1
202512,C06020,Existing,39,P0045,148
202512,C06021,Existing,28,P0077,80
202512,C06022,Existing,55,P0113,103
202512,C06023,Existing,42,P0065,139
202512,C06024,Existing,45,P0014,157
202512,C06025,Existing,30,P0093,109
202512,C06026,Existing,20,P0131,47
202512,C06027,Existing,43,P0024,98
202512,C06028,Existing,38,P0065,85
202512,C06029,Existing,40,P0176,72
202512,C06030,Left,38,P0138,27
202512,C06031,Existing,44,P0013,19
202512,C06032,Existing,49,P0142,172
202512,C06033,Existing,35,P0100,119
202512,C06034,Existing,23,P0138,66
202512,C06035,Existing,49,P0168,125
202512,C06036,Existing,34,P0151,60
202512,C06037,Existing,47,P0099,157
202512,C06038,Existing,40,P0055,30
202512,C06039,Existing,63,P0063,14
202512,C06040,Existing,63,P0071,34
202512,C06041,Existing,44,P0170,12
202512,C06042,Existing,43,P0099,120
202512,C06043,Existing,61,P0066,7
202512,C06044,Existing,43,P0079,127
202512,C06045,Existing,40,P0073,151
202512,C06046,Existing,37,P0047,117
202512,C06047,Existing,53,P0081,63
202512,C06048,Left,43,P0126,64
202512,C06049,Existing,53,P0052,111
202512,C06050,Existing,46,P0146,152
202512,C06051,Existing,48,P0146,159
202512,C06052,Existing,45,P0152,98
202512,C06053,Existing,41,P0023,113
202512,C06054,Existing,39,P0140,25
202512,C06055,Existing,28,P0151,27
202512,C06056,Existing,55,P0021,98
202512,C06057,Existing,43,P0064,142
202512,C06058,Left,39,P0072,109
202512,C06059,Existing,45,P0162,44
202512,C06060,Existing,53,P0130,46
202512,C06061,Existing,41,P0069,108
202512,C06062,Existing,43,P0159,136
202512,C06063,Left,51,P0068,111
202512,C06064,Existing,38,P0198,110
202512,C06065,Existing,49,P0147,11
202512,C06066,Existing,45,P0128,94
202512,C06067,Existing,60,P0107,86
202512,C06068,Existing,49,P0109,114
202512,C06069,Existing,39,P0072,95
202512,C06070,Existing,44,P0103,77
202512,C06071,Existing,41,P0141,28
202512,C06072,Existing,50,P0065,130
202512,C06073,Existing,48,P0134,101
202512,C06074,Existing,32,P0199,55
202512,C06075,Existing,49,P0112,118
202512,C06076,Existing,41,P0155,105
202512,C06077,Existing,50,P0079,89
202512,C06078,Existing,46,P0180,164
202512,C06079,Left,61,P0126,114
202512,C06080,Existing,47,P0121,79
202512,C06081,Existing,59,P0087,51
202512,C06082,Left,36,P0048,3
202512,C06083,Existing,47,P0088,31
202512,C06084,Existing,27,P0068,17
202512,C06085,Existing,45,P0172,163
202512,C06086,Existing,46,P0101,173
202512,C06087,Existing,40,P0017,171
202512,C06088,Existing,37,P0038,117
202512,C06089,Existing,36,P0138,82
202512,C06090,Existing,63,P0054,89
202512,C06091,Existing,42,P0134,84
202512,C06092,Existing,39,P0134,177
202512,C06093,Existing,45,P0052,63
202512,C06094,Existing,47,P0015,71
202512,C06095,Existing,28,P0068,64
202512,C06096,Existing,40,P0185,142
202512,C06097,Existing,47,P0112,65
202512,C06098,Existing,46,P0184,22
202512,C06099,Existing,48,P0104,67
202512,C06100,Left,50,P0007,81
202512,C06101,Existing,41,P0051,47
202512,C06102,Left,39,P0058,72
202512,C06103,Existing,42,P0192,64
202512,C06104,Existing,35,P0109,157
202512,C06105,Existing,47,P0111,120
202512,C06106,Existing,37,P0154,45
202512,C06107,Existing,58,P0186,20
202512,C06108,Left,26,P0031,2
202512,C06109,Existing,40,P0194,29
202512,C06110,Existing,31,P0092,77
202512,C06111,Existing,35,P0106,118
202512,C06112,Existing,58,P0013,51
202512,C06113,Existing,48,P0146,105
202512,C06114,Existing,60,P0119,117
202512,C06115,Existing,31,P0141,41
202512,C06116,Left,25,P0115,116
202512,C06117,Existing,49,P0152,136
202512,C06118,Existing,44,P0057,73
202512,C06119,Existing,31,P0126,25
202512,C06120,Existing,43,P0157,53
202512,C06121,Existing,28,P0184,50
202512,C06122,Existing,58,P0054,74
202512,C06123,Existing,43,P0133,153
202512,C06124,Existing,23,P0163,116
202512,C06125,Left,27,P0019,80
202512,C06126,Left,34,P0183,88
202512,C06127,Left,25,P0077,66
202512,C06128,Existing,41,P0069,164
202512,C06129,Existing,51,P0044,29
202512,C06130,Existing,48,P0038,90
202512,C06131,Existing,48,P0062,74
202512,C06132,Existing,38,P0022,117
202512,C06133,Existing,43,P0073,167
202512,C06134,Existing,39,P0168,146
202512,C06135,Left,31,P0154,48
202512,C06136,Existing,42,P0125,130
202512,C06137,Existing,46,P0005,173
202512,C06138,Existing,64,P0054,41
202512,C06139,Existing,45,P0086,77
202512,C06140,Existing,42,P0177,37
202512,C06141,Existing,48,P0003,98
202512,C06142,Existing,39,P0038,164
202512,C06143,Existing,45,P0142,108
202512,C06144,Left,37,P0175,47
202512,C06145,Existing,45,P0142,86
202512,C06146,Existing,35,P0073,103
202512,C06147,Existing,42,P0038,130
202512,C06148,Left,47,P0192,87
202512,C06149,Existing,45,P0172,171
202512,C06150,Existing,36,P0125,109
202512,C06151,Existing,50,P0070,40
202512,C06152,Existing,46,P0065,68
202512,C06153,Existing,36,P0025,40
202512,C06154,Existing,47,P0016,141
202512,C06155,Existing,36,P0015,105
202512,C06156,Left,34,P0131,18
202512,C06157,Existing,35,P0195,124
202512,C06158,Existing,42,P0037,113
202512,C06159,Existing,57,P0183,89
202512,C06160,Existing,40,P0125,106
202512,C06161,Existing,26,P0113,23
202512,C06162,Left,59,P0166,110
202512,C06163,Existing,49,P0191,170
202512,C06164,Existing,37,P0001,140
202512,C06165,Existing,37,P0071,50
202512,C06166,Existing,38,P0103,125
202512,C06167,Left,36,P0019,54
202512,C06168,Left,51,P0052,93
202512,C06169,Existing,47,P0118,135
202512,C06170,Existing,26,P0158,30
202512,C06171,Existing,63,P0107,4
202512,C06172,Existing,57,P0055,47
202512,C06173,Existing,36,P0014,128
202512,C06174,Existing,49,P0013,112
202512,C06175,Existing,41,P0084,90
202512,C06176,Existing,41,P0090,33
202512,C06177,Existing,42,P0027,96
202512,C06178,Existing,24,P0089,64
202512,C06179,Existing,48,P0137,13
202512,C06180,Existing,40,P0041,152
202512,C06181,Existing,62,P0048,92
202512,C06182,Existing,29,P0012,48
202512,C06183,Left,45,P0138,117
202512,C06184,Existing,39,P0006,99
202512,C06185,Existing,25,P0162,4
202512,C06186,Existing,41,P0180,147
202512,C06187,Existing,40,P0041,62
202512,C06188,Existing,40,P0006,71
202512,C06189,Existing,22,P0130,75
202512,C06190,Existing,38,P0015,76
202512,C06191,Existing,46,P0145,179
202512,C06192,Left,37,P0016,137
202512,C06193,Existing,41,P0156,149
202512,C06194,Existing,50,P0085,90
202512,C06195,Existing,56,P0200,65
202512,C06196,Existing,29,P0010,18
202512,C06197,Existing,48,P0138,77
202512,C06198,Left,31,P0138,56
202512,C06199,Existing,44,P0156,167
202512,C06200,Existing,46,P0152,84
202512,C06201,Left,29,P0019,101
202512,C06202,Left,47,P0068,89
202512,C06203,Existing,31,P0184,8
202512,C06204,Existing,41,P0195,117
202512,C06205,Existing,56,P0042,11
202512,C06206,Existing,22,P0140,2
202512,C06207,Existing,43,P0146,93
202512,C06209,Existing,47,P0084,61
202512,C06210,Existing,49,P0134,176
202512,C06211,Existing,63,P0053,90
202512,C06212,Left,29,P0098,76
202512,C06213,Existing,50,P0042,83
202512,C06214,Left,44,P0194,35
202512,C06215,Existing,39,P0030,145
202512,C06216,Existing,31,P0009,33
202512,C06217,Existing,35,P0170,26
202512,C06218,Left,45,P0034,105
202512,C06219,Existing,49,P0168,159
202512,C06220,Left,61,P0088,87
202512,C06221,Existing,48,P0145,91
202512,C06222,Existing,30,P0157,66
202512,C06223,Left,46,P0050,157
202512,C06224,Existing,24,P0076,90
202512,C06225,Existing,24,P0177,116
202512,C06226,Left,38,P0189,69
202512,C06227,Left,63,P0046,16
202512,C06228,Left,41,P0046,73
202512,C06229,Existing,62,P0126,68
202512,C06230,Left,43,P0017,129
202512,C06231,Existing,28,P0066,91
202512,C06232,Existing,25,P0104,64
202512,C06233,Existing,45,P0005,126
202512,C06234,Existing,36,P0123,91
202512,C06235,Existing,50,P0182,88
202512,C06236,Existing,46,P0125,169
202512,C06237,Existing,41,P0112,73
202512,C06238,Existing,44,P0016,70
202512,C06239,Existing,38,P0081,117
202512,C06240,Existing,40,P0091,131
202512,C06241,Existing,59,P0135,101
202512,C06242,Existing,49,P0136,61
202512,C06243,Existing,49,P0072,116
202512,C06244,Existing,39,P0096,42
202512,C06245,Existing,50,P0111,179
202512,C06246,Existing,57,P0082,86
202512,C06247,Existing,48,P0038,128
202512,C06248,Existing,21,P0054,46
202512,C06249,Left,42,P0076,41
202512,C06250,Existing,41,P0015,62
202512,C06251,Existing,37,P0178,76
202512,C06252,Existing,38,P0184,49
202512,C06253,Left,59,P0116,88
202512,C06254,Left,50,P0009,40
202512,C06255,Left,59,P0008,35
202512,C06256,Existing,35,P0110,163
202512,C06257,Existing,63,P0147,82
202512,C06258,Existing,39,P0051,11
202512,C06259,Existing,58,P0200,14
202512,C06260,Existing,46,P0185,143
202512,C06261,Existing,44,P0196,137
202512,C06262,Left,44,P0031,89
202512,C06263,Left,46,P0102,43
202512,C06264,Existing,35,P0003,25
202512,C06265,Existing,36,P0099,69
202512,C06266,Existing,48,P0083,60
202512,C06267,Existing,38,P0043,146
202512,C06268,Left,45,P0029,65
202512,C06269,Existing,44,P0010,40
202512,C06270,Existing,50,P0140,61
202512,C06271,Existing,20,P0046,79
202512,C06272,Existing,48,P0030,167
202512,C06273,Existing,54,P0094,91
202512,C06274,Existing,42,P0032,61
202512,C06275,Existing,45,P0047,161
202512,C06276,Existing,58,P0088,77
202512,C06277,Existing,49,P0063,30
202512,C06278,Existing,43,P0154,84
202512,C06279,Left,38,P0131,61
202512,C06280,Existing,47,P0023,139
202512,C06281,Existing,30,P0074,12
202512,C06282,Existing,37,P0050,83
202512,C06283,Existing,47,P0164,46
202512,C06284,Existing,46,P0124,70
202512,C06285,Existing,38,P0013,2
202512,C06286,Existing,21,P0126,53
202512,C06287,Left,29,P0029,68
202512,C06288,Existing,43,P0166,76
202512,C06289,Existing,35,P0121,100
202512,C06290,Existing,25,P0090,108
202512,C06291,Existing,42,P0133,69
202512,C06292,Existing,28,P0148,27
202512,C06293,Existing,38,P0078,62
202512,C06294,Existing,44,P0109,132
202512,C06295,Existing,40,P0014,107
202512,C06296,Existing,38,P0136,66
202512,C06297,Left,29,P0048,21
202512,C06298,Existing,36,P0141,61
202512,C06299,Existing,38,P0024,178
202512,C06300,Existing,49,P0079,164
202512,C06301,Left,63,P0193,15
202512,C06302,Existing,24,P0162,66
202512,C06303,Existing,28,P0051,92
202512,C06304,Existing,20,P0003,116
202512,C06305,Existing,61,P0128,66
202512,C06306,Left,50,P0119,51
202512,C06307,Existing,37,P0058,154
202512,C06308,Existing,40,P0125,129
202512,C06309,Existing,64,P0200,71
202512,C06310,Left,44,P0113,50
202512,C06311,Existing,41,P0055,84
202512,C06312,Left,40,P0119,87
202512,C06313,Left,52,P0120,73
202512,C06314,Existing,38,P0080,114
202512,C06315,Existing,55,P0042,93
202512,C06316,Left,33,P0021,63
202512,C06317,Existing,44,P0010,54
202512,C06318,Left,43,P0057,156
202512,C06319,Existing,38,P0153,156
202512,C06320,Existing,49,P0056,110
202512,C06321,Left,40,P0038,168
202512,C06322,Existing,43,P0086,79
202512,C06323,Existing,42,P0113,85
202512,C06324,Left,39,P0189,111
202512,C06325,Existing,40,P0112,155
202512,C06326,Existing,35,P0175,27
202512,C06327,Left,63,P0054,50
202512,C06328,Existing,33,P0046,52
202512,C06329,Existing,45,P0196,109
202512,C06330,Left,46,P0004,108
202512,C06331,Left,22,P0194,62
202512,C06332,Existing,52,P0171,1
202512,C06333,Existing,42,P0062,63
202512,C06334,Existing,44,P0124,103
202512,C06335,Existing,59,P0128,116
202512,C06336,Existing,49,P0112,162
202512,C06337,Existing,41,P0085,73
202512,C06338,Existing,37,P0004,55
202512,C06339,Existing,42,P0065,116
202512,C06340,Existing,44,P0062,174
202512,C06341,Existing,51,P0090,70
202512,C06342,Existing,40,P0120,32
202512,C06343,Existing,39,P0130,75
202512,C06344,Existing,30,P0137,99
202512,C06345,Existing,46,P0185,120
202512,C06346,Existing,39,P0045,95
202512,C06347,Left,46,P0146,127
202512,C06348,Existing,47,P0112,149
202512,C06349,Existing,38,P0176,151
202512,C06350,Existing,51,P0042,94
202512,C06351,Existing,48,P0041,102
202512,C06352,Left,25,P0089,16
202512,C06353,Existing,40,P0186,100
202512,C06354,Existing,61,P0042,30
202512,C06355,Existing,50,P0035,11
202512,C06356,Existing,26,P0166,59
202512,C06357,Existing,45,P0067,168
202512,C06358,Existing,46,P0041,131
202512,C06359,Existing,45,P0099,139
202512,C06360,Existing,37,P0050,160
202512,C06361,Existing,64,P0104,18
202512,C06362,Existing,43,P0086,169
202512,C06363,Left,27,P0200,12
202512,C06364,Left,36,P0079,100
202512,C06365,Left,43,P0045,137
202512,C06366,Left,32,P0199,56
202512,C06367,Existing,56,P0147,64
202512,C06368,Existing,39,P0106,92
202512,C06369,Left,41,P0145,119
202512,C06370,Existing,27,P0193,17
202512,C06371,Existing,30,P0122,62
202512,C06372,Left,22,P0077,40
202512,C06373,Left,40,P0056,99
202512,C06374,Left,44,P0112,174
202512,C06375,Existing,42,P0093,26
202512,C06376,Left,38,P0041,169
202512,C06377,Existing,20,P0170,63
202512,C06378,Existing,48,P0006,161
202512,C06379,Existing,38,P0197,16
202512,C06380,Left,63,P0098,70
202512,C06381,Existing,50,P0073,112
202512,C06382,Existing,46,P0168,91
202512,C06383,Existing,38,P0041,78
202512,C06384,Existing,48,P0009,18
202512,C06385,Existing,29,P0008,111
202512,C06386,Existing,50,P0172,114
202512,C06387,Existing,45,P0186,12
202512,C06388,Left,51,P0104,84
202512,C06389,Existing,49,P0195,136
202512,C06390,Existing,22,P0013,99
202512,C06391,Existing,40,P0019,71
202512,C06392,Existing,42,P0098,96
202512,C06393,Existing,58,P0096,66
202512,C06394,Existing,34,P0049,16
202512,C06395,Existing,42,P0100,75
202512,C06396,Left,30,P0082,88
202512,C06397,Existing,42,P0158,77
202512,C06398,Existing,61,P0066,103
202512,C06399,Existing,44,P0091,168
202512,C06400,Existing,50,P0059,171
202512,C06401,Left,33,P0053,43
202512,C06402,Existing,21,P0052,31
202512,C06403,Existing,60,P0081,63
202512,C06404,Existing,44,P0159,171
202512,C06405,Existing,35,P0015,179
202512,C06406,Existing,47,P0121,4
202512,C06407,Existing,25,P0148,58
202512,C06408,Existing,36,P0005,64
202512,C06409,Existing,54,P0135,83
202512,C06410,Left,30,P0018,117
202512,C06411,Existing,27,P0056,98
202512,C06412,Left,39,P0075,87
202512,C06413,Existing,32,P0096,119
202512,C06414,Existing,33,P0114,1
202512,C06415,Existing,35,P0101,94
202512,C06416,Existing,34,P0173,69
202512,C06417,Existing,39,P0028,64
202512,C06418,Existing,42,P0050,106
202512,C06419,Existing,25,P0002,27
202512,C06420,Left,29,P0068,110
202512,C06421,Existing,52,P0128,51
202512,C06422,Left,47,P0077,112
202512,C06423,Existing,43,P0024,95
202512,C06424,Existing,41,P0112,124
202512,C06425,Left,46,P0176,95
202512,C06426,Left,28,P0173,30
202512,C06427,Existing,46,P0119,29
202512,C06428,Existing,20,P0186,107
202512,C06429,Left,48,P0036,56
202512,C06430,Existing,56,P0002,88
202512,C06431,Existing,46,P0127,9
202512,C06432,Existing,32,P0105,90
202512,C06433,Existing,43,P0018,119
202512,C06434,Left,25,P0177,35
202512,C06435,Left,63,P0008,11
202512,C06436,Existing,49,P0186,19
202512,C06437,Existing,48,P0015,106
202512,C06438,Existing,39,P0145,101
202512,C06439,Existing,43,P0023,178
202512,C06440,Existing,46,P0194,111
202512,C06441,Existing,58,P0198,7
202512,C06442,Existing,53,P0093,91
202512,C06443,Existing,23,P0155,63
202512,C06444,Existing,37,P0165,144
202512,C06445,Existing,28,P0049,61
202512,C06446,Existing,47,P0064,71
202512,C06447,Existing,47,P0034,48
202512,C06448,Existing,30,P0018,7
202512,C06449,Existing,48,P0064,140
202512,C06450,Existing,40,P0106,119
202512,C06451,Existing,22,P0074,34
202512,C06452,Existing,50,P0102,39
202512,C06453,Left,38,P0172,106
202512,C06454,Existing,35,P0017,111
202512,C06455,Left,24,P0187,57
202512,C06457,Existing,48,P0052,18
202512,C06458,Existing,44,P0188,20
202512,C06459,Left,34,P0170,18
202512,C06460,Existing,43,P0064,143
202512,C06461,Existing,31,P0194,105
202512,C06462,Left,52,P0034,93
202512,C06463,Existing,51,P0095,58
202512,C06464,Left,38,P0087,10
202512,C06465,Existing,38,P0199,58
202512,C06466,Existing,40,P0102,6
202512,C06467,Existing,27,P0192,2
202512,C06468,Existing,43,P0161,145
202512,C06469,Left,55,P0140,92
202512,C06470,Existing,55,P0076,82
202512,C06471,Existing,47,P0019,72
202512,C06472,Left,24,P0137,13
202512,C06473,Existing,48,P0074,37
202512,C06474,Existing,47,P0145,107
202512,C06475,Existing,39,P0050,178
202512,C06476,Existing,41,P0039,56
202512,C06477,Existing,47,P0169,75
202512,C06478,Existing,58,P0138,16
202512,C06479,Existing,32,P0012,5
202512,C06480,Existing,49,P0079,98
202512,C06481,Existing,38,P0015,178
202512,C06482,Existing,49,P0028,10
202512,C06483,Existing,45,P0132,112
202512,C06484,Existing,59,P0036,16
202512,C06485,Left,47,P0119,81
202512,C06486,Existing,35,P0065,103
202512,C06487,Left,26,P0098,110
202512,C06488,Left,49,P0047,172
202512,C06489,Existing,25,P0081,106
202512,C06490,Existing,34,P0039,93
202512,C06491,Existing,46,P0038,110
202512,C06492,Existing,57,P0044,73
202512,C06493,Existing,45,P0179,54
202512,C06494,Existing,51,P0097,40
202512,C06495,Existing,42,P0124,100
202512,C06496,Existing,57,P0026,114
202512,C06497,Left,62,P0164,69
202512,C06498,Existing,44,P0197,94
202512,C06499,Existing,28,P0097,91
202512,C06500,Existing,42,P0001,102
202512,C06501,Existing,57,P0053,79
202512,C06502,Existing,40,P0006,120
202512,C06503,Existing,47,P0037,138
202512,C06504,Left,61,P0002,29
202512,C06505,Existing,50,P0123,117
202512,C06506,Existing,49,P0069,108
202512,C06507,Existing,45,P0169,161
202512,C06508,Left,49,P0179,66
202512,C06509,Existing,57,P0175,58
202512,C06510,Existing,56,P0013,119
202512,C06511,Existing,43,P0069,128
202512,C06512,Existing,46,P0066,94
202512,C06513,Existing,48,P0059,106
202512,C06514,Existing,56,P0068,30
202512,C06515,Existing,38,P0059,116
202512,C06516,Left,44,P0117,9
202512,C06517,Existing,32,P0010,37
202512,C06518,Existing,33,P0141,30
202512,C06519,Existing,24,P0130,12
202512,C06520,Existing,49,P0015,101
202512,C06521,Left,20,P0046,106
202512,C06522,Existing,46,P0185,79
202512,C06523,Existing,53,P0138,63
202512,C06524,Existing,46,P0150,134
202512,C06525,Existing,60,P0089,16
202512,C06526,Existing,61,P0077,6
202512,C06527,Existing,38,P0136,175
202512,C06528,Existing,38,P0149,155
202512,C06529,Existing,46,P0150,67
202512,C06530,Existing,37,P0110,61
202512,C06532,Existing,41,P0045,65
202512,C06533,Left,42,P0091,83
202512,C06534,Left,37,P0168,87
202512,C06535,Left,24,P0114,83
202512,C06536,Left,46,P0150,106
202512,C06537,Left,32,P0158,53
202512,C06538,Existing,49,P0190,125
202512,C06539,Existing,48,P0073,120
202512,C06540,Left,44,P0173,103
202512,C06541,Existing,57,P0035,80
202512,C06542,Existing,49,P0042,68
202512,C06543,Existing,38,P0133,66
202512,C06544,Existing,41,P0027,131
202512,C06545,Existing,21,P0198,70
202512,C06546,Existing,35,P0190,97
202512,C06547,Existing,45,P0032,73
202512,C06548,Existing,36,P0136,76
202512,C06549,Existing,36,P0103,115
202512,C06550,Existing,50,P0085,77
202512,C06551,Existing,43,P0146,113
202512,C06552,Existing,42,P0078,105
202512,C06553,Left,28,P0143,32
202512,C06554,Existing,59,P0154,11
202512,C06555,Existing,50,P0181,102
202512,C06556,Existing,61,P0044,26
202512,C06557,Existing,43,P0032,99
202512,C06558,Existing,61,P0028,113
202512,C06559,Existing,46,P0167,133
202512,C06560,Left,22,P0160,39
202512,C06561,Left,59,P0077,95
202512,C06562,Existing,38,P0018,14
202512,C06563,Existing,47,P0103,109
202512,C06564,Existing,45,P0070,43
202512,C06565,Existing,59,P0119,12
202512,C06566,Existing,36,P0139,167
202512,C06567,Existing,26,P0160,7
202512,C06568,Existing,27,P0148,89
202512,C06569,Existing,42,P0097,93
202512,C06570,Existing,49,P0168,87
202512,C06571,Existing,42,P0136,155
202512,C06572,Existing,40,P0035,49
202512,C06573,Existing,43,P0069,79
202512,C06574,Existing,33,P0126,62
202512,C06575,Left,41,P0099,104
202512,C06576,Existing,39,P0078,164
202512,C06577,Existing,45,P0149,65
202512,C06578,Existing,45,P0111,127
202512,C06579,Existing,49,P0152,151
202512,C06580,Existing,44,P0017,113
202512,C06581,Existing,40,P0146,119
202512,C06582,Existing,59,P0140,71
202512,C06583,Existing,35,P0144,155
202512,C06584,Existing,62,P0004,16
202512,C06585,Left,57,P0162,89
202512,C06586,Existing,24,P0092,117
202512,C06587,Existing,35,P0174,120
202512,C06588,Left,40,P0075,77
202512,C06589,Existing,48,P0159,159
202512,C06590,Existing,40,P0153,132
202512,C06591,Existing,40,P0103,140
202512,C06592,Existing,38,P0024,65
202512,C06593,Existing,47,P0065,86
202512,C06594,Left,43,P0117,63
202512,C06595,Existing,45,P0153,89
202512,C06596,Existing,38,P0156,178
202512,C06597,Existing,51,P0164,113
202512,C06598,Existing,40,P0082,31
202512,C06599,Existing,44,P0006,81
202512,C06600,Existing,32,P0066,96
202512,C06601,Existing,48,P0067,81
202512,C06602,Existing,42,P0072,143
202512,C06603,Existing,49,P0095,6
202512,C06604,Existing,39,P0048,113
202512,C06605,Existing,33,P0070,74
202512,C06606,Existing,49,P0078,99
202512,C06607,Existing,44,P0067,62
202512,C06608,Existing,49,P0176,70
202512,C06609,Existing,37,P0065,138
202512,C06610,Existing,40,P0172,130
202512,C06611,Existing,23,P0063,9
202512,C06612,Existing,54,P0046,101
202512,C06613,Left,47,P0147,88
202512,C06614,Existing,35,P0192,87
202512,C06615,Existing,48,P0073,99
202512,C06616,Existing,42,P0071,10
202512,C06617,Existing,35,P0110,125
202512,C06618,Existing,48,P0178,76
202512,C06619,Left,40,P0063,104
202512,C06620,Existing,47,P0041,137
202512,C06621,Existing,40,P0007,146
202512,C06622,Left,32,P0137,64
202512,C06623,Existing,24,P0004,74
202512,C06624,Existing,33,P0089,102
202512,C06625,Left,30,P0177,40
202512,C06626,Existing,38,P0134,129
202512,C06627,Existing,29,P0082,49
202512,C06628,Existing,38,P0021,71
202512,C06629,Left,61,P0143,19
202512,C06630,Existing,22,P0128,30
202512,C06631,Existing,40,P0195,170
202512,C06632,Existing,30,P0194,72
202512,C06633,Existing,48,P0184,119
202512,C06634,Existing,42,P0105,93
202512,C06635,Existing,27,P0104,72
202512,C06636,Existing,61,P0068,5
202512,C06637,Existing,36,P0160,22
202512,C06638,Existing,51,P0194,14
202512,C06639,Existing,40,P0110,89
202512,C06640,Existing,24,P0157,18
202512,C06641,Existing,26,P0066,29
202512,C06642,Existing,28,P0162,111
202512,C06643,Existing,43,P0027,130
202512,C06644,Existing,45,P0060,118
202512,C06645,Existing,50,P0118,170
202512,C06646,Existing,42,P0167,179
202512,C06647,Existing,20,P0044,70
202512,C06648,Left,20,P0036,117
202512,C06649,Existing,24,P0019,118
202512,C06650,Left,49,P0091,119
202512,C06651,Existing,49,P0045,174
202512,C06652,Existing,47,P0149,135
202512,C06653,Existing,32,P0151,91
202512,C06654,Existing,25,P0155,13
202512,C06655,Left,39,P0098,100
202512,C06656,Existing,28,P0200,81
202512,C06657,Existing,37,P0019,25
202512,C06658,Left,41,P0041,60
202512,C06659,Existing,37,P0026,1
202512,C06660,Left,29,P0028,31
202512,C06661,Existing,40,P0064,67
202512,C06662,Existing,44,P0068,27
202512,C06663,Existing,50,P0080,132
202512,C06664,Existing,35,P0051,2
202512,C06665,Left,35,P0102,47
202512,C06666,Existing,35,P0176,158
202512,C06667,Existing,26,P0010,54
202512,C06668,Existing,48,P0167,89
202512,C06669,Existing,48,P0100,139
202512,C06670,Existing,62,P0122,107
202512,C06671,Existing,23,P0147,113
202512,C06672,Existing,48,P0064,168
202512,C06673,Existing,42,P0124,64
202512,C06674,Left,54,P0019,106
202512,C06675,Left,56,P0076,96
202512,C06676,Left,42,P0062,124
202512,C06677,Left,30,P0141,90
202512,C06678,Existing,32,P0025,32
202512,C06679,Left,42,P0089,58
202512,C06680,Existing,49,P0092,70
202512,C06681,Existing,49,P0042,37
202512,C06682,Left,25,P0117,35
202512,C06683,Existing,23,P0039,32
202512,C06684,Left,54,P0158,112
202512,C06685,Existing,37,P0133,138
202512,C06686,Left,21,P0081,6
202512,C06687,Existing,47,P0146,165
202512,C06688,Existing,23,P0107,101
202512,C06689,Existing,39,P0111,161
202512,C06690,Left,48,P0021,34
202512,C06691,Existing,48,P0050,146
202512,C06692,Existing,55,P0121,28
202512,C06693,Left,39,P0134,101
202512,C06694,Left,37,P0050,103
202512,C06695,Existing,63,P0194,117
202512,C06696,Left,44,P0115,73
202512,C06697,Existing,49,P0001,144
202512,C06698,Existing,42,P0185,66
202512,C06700,Existing,40,P0186,99
202512,C06701,Existing,27,P0107,66
202512,C06702,Existing,44,P0180,113
202512,C06703,Existing,45,P0165,153
202512,C06704,Existing,54,P0048,106
202512,C06705,Existing,30,P0087,58
202512,C06706,Existing,46,P0129,76
202512,C06707,Existing,27,P0019,108
202512,C06708,Left,45,P0046,5
202512,C06709,Existing,42,P0195,147
202512,C06710,Left,59,P0130,48
202512,C06711,Existing,63,P0056,109
202512,C06712,Left,38,P0145,80
202512,C06713,Existing,24,P0092,21
202512,C06714,Left,38,P0082,32
202512,C06715,Existing,36,P0079,171
202512,C06716,Existing,39,P0150,112
202512,C06717,Existing,28,P0105,55
202512,C06718,Existing,44,P0027,100
202512,C06719,Left,26,P0055,90
202512,C06720,Existing,53,P0160,26
202512,C06721,Existing,49,P0060,71
202512,C06722,Existing,37,P0109,139
202512,C06723,Existing,36,P0156,64
202512,C06724,Existing,40,P0156,173
202512,C06725,Existing,33,P0120,52
202512,C06726,Existing,50,P0153,176
202512,C06727,Left,42,P0085,174
202512,C06728,Existing,38,P0086,111
202512,C06729,Left,25,P0117,26
202512,C06730,Left,60,P0154,43
202512,C06731,Left,33,P0108,66
202512,C06732,Existing,59,P0075,63
202512,C06733,Existing,24,P0119,47
202512,C06734,Existing,38,P0199,20
202512,C06735,Existing,43,P0145,170
202512,C06736,Existing,38,P0007,126
202512,C06737,Existing,56,P0184,59
202512,C06738,Existing,58,P0192,7
202512,C06739,Left,44,P0148,15
202512,C06740,Existing,23,P0166,98
202512,C06741,Existing,63,P0075,106
202512,C06742,Existing,35,P0058,112
202512,C06743,Existing,39,P0016,176
202512,C06744,Left,32,P0179,62
202512,C06745,Left,47,P0027,115
202512,C06746,Existing,29,P0051,32
202512,C06747,Existing,48,P0075,107
202512,C06748,Existing,35,P0144,153
202512,C06749,Existing,55,P0087,61
202512,C06750,Existing,39,P0188,78
202512,C06751,Existing,42,P0123,153
202512,C06752,Existing,20,P0076,102
202512,C06753,Existing,53,P0040,8
202512,C06754,Existing,48,P0067,127
202512,C06755,Existing,29,P0130,87
202512,C06756,Existing,60,P0102,83
202512,C06757,Existing,41,P0176,128
202512,C06758,Existing,36,P0180,64
202512,C06759,Existing,44,P0152,126
202512,C06760,Left,27,P0093,56
202512,C06761,Existing,41,P0110,61
202512,C06762,Existing,40,P0082,52
202512,C06763,Existing,40,P0078,79
202512,C06764,Left,58,P0002,60
202512,C06765,Existing,46,P0065,98
202512,C06766,Left,35,P0020,88
202512,C06767,Left,31,P0034,67
202512,C06768,Existing,47,P0041,90
202512,C06769,Existing,45,P0169,158
202512,C06770,Existing,43,P0023,176
202512,C06771,Existing,42,P0038,85
202512,C06772,Existing,50,P0172,164
202512,C06773,Existing,50,P0067,88
202512,C06774,Existing,35,P0062,107
202512,C06775,Existing,47,P0140,50
202512,C06776,Existing,42,P0030,149
202512,C06777,Existing,53,P0087,73
202512,C06778,Left,30,P0193,74
202512,C06779,Existing,37,P0169,161
202512,C06780,Existing,45,P0148,96
202512,C06781,Existing,37,P0118,91
202512,C06782,Existing,45,P0006,81
202512,C06783,Existing,23,P0075,116
202512,C06785,Existing,41,P0093,113
202512,C06786,Existing,24,P0010,101
202512,C06787,Existing,56,P0051,90
202512,C06788,Existing,23,P0093,113
202512,C06789,Existing,48,P0038,132
202512,C06790,Existing,45,P0129,143
202512,C06791,Existing,50,P0136,122
202512,C06792,Existing,57,P0102,15
202512,C06793,Left,52,P0081,75
202512,C06794,Existing,42,P0083,96
202512,C06795,Existing,46,P0191,173
202512,C06796,Existing,41,P0161,125
202512,C06797,Existing,43,P0143,90
202512,C06798,Existing,39,P0031,104
202512,C06799,Existing,63,P0021,2
202512,C06800,Existing,52,P0131,17
202512,C06801,Existing,41,P0126,1
202512,C06802,Existing,25,P0194,105
202512,C06803,Existing,55,P0035,97
202512,C06804,Existing,39,P0169,65
202512,C06805,Left,43,P0187,33
202512,C06806,Left,47,P0144,166
202512,C06807,Existing,43,P0184,2
202512,C06808,Existing,43,P0045,153
202512,C06809,Existing,48,P0059,66
202512,C06810,Existing,40,P0178,122
202512,C06811,Left,21,P0012,35
202512,C06812,Left,41,P0140,83
202512,C06813,Existing,35,P0033,111
202512,C06814,Left,30,P0177,116
202512,C06815,Existing,25,P0021,106
202512,C06816,Existing,49,P0060,161
202512,C06817,Existing,45,P0052,14
202512,C06818,Existing,50,P0182,124
202512,C06819,Existing,47,P0167,114
202512,C06820,Existing,29,P0177,92
202512,C06821,Existing,46,P0123,113
202512,C06822,Existing,40,P0106,106
202512,C06823,Existing,60,P0192,27
202512,C06824,Existing,46,P0100,145
202512,C06825,Left,55,P0154,109
202512,C06826,Left,31,P0071,45
202512,C06827,Existing,42,P0135,62
202512,C06828,Existing,40,P0200,51
202512,C06829,Existing,35,P0062,69
202512,C06830,Existing,49,P0088,64
202512,C06831,Existing,35,P0024,155
202512,C06832,Existing,47,P0040,45
202512,C06833,Existing,33,P0076,116
202512,C06834,Left,33,P0175,81
202512,C06835,Left,36,P0136,94
202512,C06836,Existing,37,P0182,77
202512,C06837,Left,56,P0009,40
202512,C06838,Left,54,P0003,26
202512,C06839,Existing,48,P0182,134
202512,C06840,Existing,33,P0021,87
202512,C06841,Left,37,P0095,117
202512,C06842,Existing,37,P0176,128
202512,C06843,Existing,52,P0175,108
202512,C06844,Existing,35,P0196,132
202512,C06845,Existing,35,P0191,71
202512,C06846,Existing,35,P0016,127
202512,C06847,Existing,47,P0107,101
202512,C06848,Existing,24,P0093,39
202512,C06849,Existing,49,P0133,167
202512,C06850,Existing,35,P0139,169
202512,C06851,Left,34,P0157,51
202512,C06852,Existing,39,P0079,133
202512,C06853,Existing,60,P0070,3
202512,C06854,Left,30,P0048,80
202512,C06855,Existing,43,P0015,134
202512,C06856,Existing,20,P0034,41
202512,C06857,Existing,46,P0060,155
202512,C06858,Existing,43,P0190,102
202512,C06859,Existing,33,P0002,64
202512,C06860,Existing,43,P0080,119
202512,C06861,Left,47,P0019,71
202512,C06862,Existing,27,P0049,27
202512,C06863,Existing,45,P0078,116
202512,C06864,Existing,49,P0028,34
202512,C06865,Existing,56,P0048,40
202512,C06866,Left,51,P0096,41
202512,C06867,Existing,42,P0165,165
202512,C06868,Left,38,P0177,33
202512,C06869,Existing,37,P0109,151
202512,C06870,Existing,39,P0176,137
202512,C06871,Existing,36,P0073,177
202512,C06872,Existing,38,P0100,60
202512,C06873,Existing,62,P0029,51
202512,C06874,Existing,48,P0188,15
202512,C06875,Existing,60,P0157,94
202512,C06876,Existing,40,P0058,178
202512,C06877,Existing,36,P0048,70
202512,C06878,Existing,43,P0023,150
202512,C06879,Existing,40,P0027,127
202512,C06880,Existing,50,P0007,146
202512,C06881,Existing,23,P0049,62
202512,C06882,Existing,42,P0182,121
202512,C06883,Left,42,P0109,129
202512,C06884,Left,33,P0068,114
202512,C06885,Existing,54,P0170,6
202512,C06886,Left,39,P0187,17
202512,C06887,Existing,40,P0172,163
202512,C06888,Left,32,P0154,29
202512,C06889,Existing,39,P0151,58
202512,C06890,Existing,41,P0073,113
202512,C06891,Existing,41,P0101,123
202512,C06892,Left,62,P0008,87
202512,C06893,Existing,39,P0053,54
202512,C06894,Existing,41,P0142,159
202512,C06895,Existing,56,P0199,49
202512,C06896,Left,22,P0135,35
202512,C06897,Existing,56,P0137,60
202512,C06898,Existing,44,P0003,12
202512,C06899,Existing,41,P0078,178
202512,C06900,Existing,47,P0145,170
202512,C06901,Existing,36,P0172,162
202512,C06902,Existing,41,P0086,149
202512,C06903,Left,27,P0046,83
202512,C06904,Left,25,P0090,93
202512,C06905,Existing,29,P0186,115
202512,C06906,Existing,38,P0156,129
202512,C06907,Left,38,P0142,138
202512,C06908,Existing,58,P0009,92
202512,C06909,Existing,21,P0115,60
202512,C06910,Existing,60,P0154,32
202512,C06911,Existing,22,P0130,66
202512,C06912,Existing,59,P0075,52
202512,C06913,Left,48,P0081,112
202512,C06914,Existing,53,P0128,8
202512,C06915,Existing,21,P0034,26
202512,C06916,Existing,43,P0147,95
202512,C06917,Existing,40,P0039,102
202512,C06918,Existing,61,P0013,68
202512,C06919,Existing,40,P0133,107
202512,C06920,Existing,45,P0050,78
202512,C06921,Existing,42,P0023,77
202512,C06922,Existing,26,P0122,57
202512,C06923,Existing,22,P0120,86
202512,C06924,Left,55,P0088,26
202512,C06925,Left,36,P0157,9
202512,C06926,Existing,45,P0112,151
202512,C06927,Existing,35,P0111,132
202512,C06928,Existing,42,P0072,150
202512,C06929,Existing,31,P0154,37
202512,C06930,Existing,43,P0057,170
202512,C06931,Existing,36,P0001,95
202512,C06932,Existing,41,P0156,158
202512,C06933,Existing,46,P0113,39
202512,C06934,Left,46,P0062,63
202512,C06935,Existing,40,P0047,126
202512,C06936,Existing,42,P0078,144
202512,C06937,Existing,42,P0106,92
202512,C06938,Left,21,P0187,38
202512,C06939,Existing,41,P0159,162
202512,C06940,Left,37,P0198,35
202512,C06941,Existing,22,P0126,60
202512,C06942,Left,42,P0177,86
202512,C06943,Existing,48,P0005,123
202512,C06944,Left,36,P0031,41
202512,C06945,Existing,43,P0037,116
202512,C06946,Existing,35,P0079,137
202512,C06947,Left,63,P0143,114
202512,C06949,Existing,27,P0197,84
202512,C06950,Existing,48,P0139,72
202512,C06951,Existing,35,P0043,174
202512,C06952,Existing,36,P0198,4
202512,C06953,Existing,36,P0151,86
202512,C06954,Existing,47,P0040,50
202512,C06955,Existing,49,P0063,74
202512,C06956,Existing,58,P0130,14
202512,C06957,Existing,61,P0087,22
202512,C06958,Existing,44,P0073,69
202512,C06959,Existing,61,P0175,119
202512,C06960,Existing,31,P0104,14
202512,C06961,Existing,32,P0158,30
202512,C06962,Existing,35,P0016,150
202512,C06963,Existing,45,P0059,108
202512,C06964,Existing,44,P0047,171
202512,C06965,Existing,44,P0116,17
202512,C06966,Existing,22,P0158,95
202512,C06967,Existing,48,P0109,103
202512,C06968,Existing,59,P0009,32
202512,C06969,Existing,39,P0065,103
202512,C06970,Existing,46,P0059,117
202512,C06971,Left,61,P0102,17
202512,C06972,Left,26,P0192,63
202512,C06973,Existing,50,P0136,134
202512,C06974,Existing,36,P0123,137
202512,C06975,Existing,46,P0180,102
202512,C06976,Existing,38,P0146,171
202512,C06977,Existing,48,P0091,163
202512,C06978,Left,48,P0096,52
202512,C06979,Existing,46,P0058,153
202512,C06980,Existing,29,P0177,12
202512,C06981,Left,36,P0032,98
202512,C06982,Existing,23,P0048,10
202512,C06983,Existing,36,P0045,132
202512,C06984,Existing,42,P0182,82
202512,C06985,Existing,42,P0100,72
202512,C06986,Existing,43,P0100,103
202512,C06987,Left,35,P0046,64
202512,C06988,Existing,42,P0159,131
202512,C06989,Existing,45,P0165,91
202512,C06990,Existing,36,P0144,146
202512,C06991,Existing,38,P0174,111
202512,C06992,Left,57,P0126,81
202512,C06993,Existing,24,P0046,66
202512,C06994,Existing,39,P0121,110
202512,C06995,Existing,21,P0088,92
202512,C06996,Left,41,P0061,107
202512,C06997,Existing,34,P0046,111
202512,C06998,Left,58,P0179,3
202512,C06999,Existing,37,P0190,77
202512,C07000,Left,38,P0163,5
202512,C07001,Existing,53,P0081,88
202512,C07002,Left,55,P0170,72
202512,C07003,Existing,46,P0045,100
202512,C07004,Existing,40,P0118,72
202512,C07005,Existing,47,P0196,68
202512,C07006,Existing,46,P0047,127
202512,C07007,Left,56,P0158,64
202512,C07008,Existing,42,P0152,75
202512,C07009,Existing,45,P0194,95
202512,C07010,Existing,58,P0171,65
202512,C07011,Existing,46,P0162,45
202512,C07012,Existing,36,P0023,139
202512,C07013,Existing,41,P0061,94
202512,C07014,Existing,50,P0165,85
202512,C07015,Existing,30,P0013,95
202512,C07016,Existing,40,P0199,57
202512,C07017,Existing,43,P0007,122
202512,C07018,Left,64,P0170,20
202512,C07019,Existing,48,P0166,43
202512,C07020,Existing,38,P0180,124
202512,C07021,Existing,38,P0172,140
202512,C07022,Left,29,P0192,107
202512,C07023,Left,61,P0141,46
202512,C07024,Existing,32,P0028,31
202512,C07025,Existing,37,P0096,75
202512,C07026,Left,37,P0107,51
202512,C07027,Existing,52,P0098,101
202512,C07028,Existing,37,P0112,65
202512,C07029,Existing,46,P0001,167
202512,C07030,Existing,36,P0043,112
202512,C07031,Existing,63,P0042,28
202512,C07032,Existing,56,P0095,17
202512,C07033,Existing,43,P0178,117
202512,C07034,Left,58,P0188,55
202512,C07035,Existing,40,P0129,104
202512,C07036,Existing,51,P0051,37
202512,C07037,Existing,50,P0144,165
202512,C07038,Existing,44,P0167,117
202512,C07039,Existing,35,P0015,89
202512,C07040,Existing,39,P0125,171
202512,C07041,Left,41,P0161,75
202512,C07042,Left,23,P0087,105
202512,C07043,Left,46,P0053,112
202512,C07044,Existing,45,P0145,144
202512,C07045,Existing,21,P0089,115
202512,C07046,Existing,36,P0106,92
202512,C07047,Existing,42,P0006,131
202512,C07048,Existing,41,P0031,91
202512,C07049,Existing,46,P0197,119
202512,C07050,Existing,47,P0040,91
202512,C07051,Existing,43,P0158,115
202512,C07052,Existing,40,P0069,159
202512,C07053,Existing,61,P0135,22
202512,C07054,Existing,27,P0013,103
202512,C07055,Existing,27,P0004,93
202512,C07056,Existing,48,P0178,174
202512,C07057,Existing,33,P0003,96
202512,C07058,Existing,52,P0140,112
202512,C07059,Existing,35,P0065,129
202512,C07060,Existing,41,P0027,131
202512,C07061,Existing,48,P0107,80
202512,C07062,Existing,50,P0050,145
202512,C07063,Existing,38,P0017,84
202512,C07064,Left,32,P0200,81
202512,C07065,Existing,41,P0032,66
202512,C07066,Existing,20,P0179,111
202512,C07067,Existing,37,P0017,95
202512,C07068,Left,61,P0034,95
202512,C07069,Existing,44,P0035,68
202512,C07070,Left,48,P0152,72
202512,C07071,Existing,40,P0182,176
202512,C07072,Existing,49,P0146,126
202512,C07073,Existing,44,P0050,170
202512,C07074,Existing,41,P0174,109
202512,C07075,Existing,43,P0176,131
202512,C07076,Left,46,P0103,147
202512,C07077,Existing,48,P0033,113
202512,C07078,Left,53,P0089,20
202512,C07079,Left,53,P0155,13
202512,C07080,Existing,39,P0129,111
202512,C07081,Existing,43,P0085,150
202512,C07082,Existing,41,P0059,154
202512,C07083,Existing,23,P0010,81
202512,C07084,Existing,38,P0153,72
202512,C07085,Existing,50,P0057,119
202512,C07086,Left,57,P0066,17
202512,C07087,Left,47,P0119,65
202512,C07088,Existing,42,P0112,152
202512,C07089,Existing,41,P0015,83
202512,C07090,Left,49,P0156,75
202512,C07091,Existing,22,P0013,97
202512,C07092,Existing,64,P0114,14
202512,C07093,Existing,47,P0118,114
202512,C07094,Existing,38,P0142,144
202512,C07095,Existing,42,P0114,78
202512,C07096,Left,61,P0194,74
202512,C07097,Existing,46,P0034,105
202512,C07098,Existing,48,P0101,130
202512,C07099,Existing,39,P0025,8
202512,C07100,Existing,38,P0112,128
202512,C07101,Existing,57,P0054,81
202512,C07102,Existing,44,P0012,3
202512,C07103,Left,47,P0126,26
202512,C07104,Existing,34,P0137,1
202512,C07105,Existing,55,P0031,54
202512,C07106,Existing,36,P0078,63
202512,C07107,Existing,29,P0053,116
202512,C07108,Left,50,P0112,89
202512,C07109,Existing,44,P0043,70
202512,C07110,Left,38,P0166,108
202512,C07111,Existing,63,P0042,31
202512,C07112,Existing,36,P0124,85
202512,C07113,Left,52,P0200,111
202512,C07114,Existing,47,P0176,67
202512,C07115,Existing,39,P0067,130
202512,C07116,Existing,59,P0066,24
202512,C07117,Left,47,P0144,99
202512,C07118,Existing,46,P0083,177
202512,C07119,Existing,22,P0094,82
202512,C07120,Existing,44,P0105,52
202512,C07121,Existing,50,P0144,177
202512,C07122,Left,39,P0031,78
202512,C07123,Existing,39,P0118,169
202512,C07124,Existing,60,P0186,84
202512,C07125,Existing,24,P0028,95
202512,C07126,Existing,44,P0004,77
202512,C07127,Existing,34,P0138,88
202512,C07128,Existing,38,P0179,57
202512,C07129,Existing,61,P0018,17
202512,C07130,Existing,47,P0047,63
202512,C07131,Existing,29,P0160,85
202512,C07132,Existing,49,P0158,93
202512,C07133,Existing,46,P0164,19
202512,C07134,Left,23,P0009,101
202512,C07135,Left,38,P0164,17
202512,C07136,Existing,55,P0029,87
202512,C07137,Existing,45,P0144,73
202512,C07138,Left,35,P0092,28
202512,C07139,Existing,43,P0149,122
202512,C07140,Left,47,P0064,150
202512,C07141,Existing,43,P0111,85
202512,C07142,Existing,54,P0194,79
202512,C07143,Existing,35,P0124,168
202512,C07144,Existing,39,P0187,84
202512,C07145,Existing,43,P0110,146
202512,C07146,Existing,45,P0118,166
202512,C07147,Existing,45,P0156,125
202512,C07148,Existing,29,P0183,38
202512,C07149,Existing,38,P0100,144
202512,C07150,Existing,62,P0031,12
202512,C07151,Left,39,P0161,169
202512,C07152,Left,39,P0188,111
202512,C07153,Existing,39,P0169,120
202512,C07154,Existing,54,P0081,44
202512,C07155,Existing,34,P0046,111
202512,C07156,Existing,53,P0049,8
202512,C07157,Left,56,P0193,94
202512,C07158,Left,48,P0042,1
202512,C07159,Existing,61,P0151,31
202512,C07160,Existing,48,P0112,102
202512,C07161,Left,49,P0027,163
202512,C07162,Existing,28,P0160,11
202512,C07163,Existing,36,P0088,43
202512,C07164,Existing,42,P0121,39
202512,C07165,Existing,37,P0003,94
202512,C07166,Existing,44,P0060,77
202512,C07167,Existing,43,P0079,100
202512,C07168,Existing,45,P0145,73
202512,C07169,Left,48,P0032,69
202512,C07170,Left,37,P0007,85
202512,C07171,Existing,53,P0071,118
202512,C07172,Left,53,P0128,116
202512,C07173,Left,50,P0197,104
202512,C07174,Existing,41,P0058,104
202512,C07175,Existing,41,P0168,92
202512,C07176,Existing,42,P0112,168
202512,C07177,Left,33,P0048,50
202512,C07178,Left,34,P0179,5
202512,C07179,Existing,50,P0185,138
202512,C07180,Existing,41,P0111,83
202512,C07181,Existing,23,P0071,79
202512,C07182,Existing,45,P0165,126
202512,C07183,Existing,40,P0075,112
202512,C07184,Left,28,P0074,76
202512,C07185,Existing,43,P0121,63
202512,C07186,Existing,60,P0055,76
202512,C07187,Existing,45,P0041,61
202512,C07188,Left,35,P0097,59
202512,C07189,Left,20,P0148,31
202512,C07190,Existing,46,P0033,118
202512,C07191,Existing,46,P0168,175
202512,C07192,Existing,46,P0034,87
202512,C07193,Existing,45,P0062,166
202512,C07194,Existing,50,P0019,66
202512,C07195,Existing,57,P0171,112
202512,C07196,Existing,25,P0197,39
202512,C07197,Existing,38,P0191,123
202512,C07198,Left,25,P0010,79
202512,C07199,Existing,53,P0120,5
202512,C07200,Existing,39,P0123,167
202512,C07201,Existing,23,P0104,12
202512,C07202,Existing,49,P0141,114
202512,C07203,Existing,47,P0005,159
202512,C07204,Existing,37,P0058,154
202512,C07205,Existing,38,P0059,100
202512,C07206,Left,63,P0128,42
202512,C07207,Existing,61,P0187,73
202512,C07208,Existing,50,P0086,105
202512,C07209,Left,33,P0104,104
202512,C07210,Existing,37,P0143,61
202512,C07211,Existing,38,P0129,124
202512,C07212,Existing,45,P0038,123
202512,C07213,Existing,23,P0107,89
202512,C07214,Existing,43,P0109,104
202512,C07215,Left,64,P0053,38
202512,C07216,Left,22,P0052,79
202512,C07217,Existing,45,P0001,146
202512,C07218,Existing,46,P0011,146
202512,C07219,Existing,35,P0058,64
202512,C07220,Left,36,P0128,62
202512,C07221,Existing,47,P0168,126
202512,C07222,Left,35,P0188,44
202512,C07223,Existing,33,P0044,108
202512,C07224,Existing,43,P0006,107
202512,C07225,Existing,38,P0156,140
202512,C07226,Existing,43,P0159,144
202512,C07227,Existing,49,P0008,18
202512,C07228,Existing,43,P0005,151
202512,C07229,Existing,48,P0106,90
202512,C07230,Existing,49,P0182,152
202512,C07231,Existing,48,P0112,162
202512,C07232,Existing,44,P0017,151
202512,C07233,Existing,43,P0166,37
202512,C07234,Left,61,P0009,18
202512,C07235,Existing,47,P0078,165
202512,C07236,Existing,45,P0014,151
202512,C07237,Existing,24,P0154,39
202512,C07238,Existing,27,P0113,98
202512,C07239,Existing,43,P0190,150
202512,C07240,Existing,41,P0091,120
202512,C07241,Existing,40,P0025,47
202512,C07242,Existing,21,P0164,59
202512,C07243,Existing,24,P0098,44
202512,C07244,Existing,47,P0161,122
202512,C07245,Existing,57,P0003,92
202512,C07246,Existing,46,P0139,83
202512,C07247,Existing,46,P0112,156
202512,C07248,Existing,58,P0186,9
202512,C07249,Left,42,P0192,108
202512,C07250,Existing,38,P0146,133
202512,C07251,Existing,37,P0047,179
202512,C07252,Existing,38,P0172,110
202512,C07253,Existing,45,P0187,23
202512,C07254,Existing,47,P0050,145
202512,C07255,Existing,37,P0197,35
202512,C07256,Left,26,P0157,98
202512,C07257,Existing,43,P0124,107
202512,C07258,Existing,25,P0090,63
202512,C07259,Existing,39,P0067,100
202512,C07260,Left,58,P0002,107
202512,C07261,Existing,44,P0153,170
202512,C07262,Left,47,P0147,70
202512,C07263,Existing,37,P0168,107
202512,C07264,Existing,61,P0002,62
202512,C07265,Existing,42,P0065,85
202512,C07266,Existing,37,P0190,167
202512,C07267,Existing,45,P0091,161
202512,C07268,Existing,49,P0182,164
202512,C07269,Existing,51,P0173,64
202512,C07270,Existing,30,P0116,10
202512,C07271,Existing,54,P0049,108
202512,C07272,Existing,36,P0069,103
202512,C07273,Existing,33,P0166,58
202512,C07274,Existing,47,P0132,61
202512,C07275,Existing,35,P0145,79
202512,C07276,Existing,61,P0126,26
202512,C07277,Existing,35,P0181,148
202512,C07278,Left,30,P0053,108
202512,C07279,Existing,41,P0112,60
202512,C07280,Existing,42,P0159,82
202512,C07281,Existing,37,P0150,105
202512,C07282,Existing,41,P0139,65
202512,C07283,Left,44,P0162,111
202512,C07284,Left,51,P0113,93
202512,C07285,Existing,35,P0143,96
202512,C07286,Existing,52,P0114,58
202512,C07287,Existing,60,P0138,62
202512,C07288,Existing,45,P0181,73
202512,C07289,Existing,58,P0048,42
202512,C07290,Existing,47,P0031,84
202512,C07291,Existing,45,P0037,149
202512,C07292,Existing,45,P0108,17
202512,C07293,Existing,40,P0028,54
202512,C07294,Existing,38,P0159,126
202512,C07295,Left,62,P0070,44
202512,C07296,Existing,37,P0014,120
202512,C07297,Left,32,P0122,33
202512,C07298,Existing,43,P0016,171
202512,C07299,Left,42,P0025,114
202512,C07300,Existing,36,P0167,174
202512,C07301,Left,21,P0066,30
202512,C07302,Existing,50,P0038,124
202512,C07303,Existing,50,P0169,73
202512,C07304,Left,45,P0103,83
202512,C07305,Existing,44,P0098,46
202512,C07306,Existing,61,P0115,103
202512,C07307,Existing,31,P0040,76
202512,C07308,Existing,40,P0064,143
202512,C07309,Existing,41,P0089,80
202512,C07310,Existing,35,P0100,112
202512,C07311,Existing,49,P0144,174
202512,C07312,Existing,36,P0082,41
202512,C07313,Existing,32,P0077,66
202512,C07314,Existing,48,P0059,148
202512,C07315,Existing,35,P0091,85
202512,C07316,Left,52,P0098,82
202512,C07317,Existing,43,P0139,119
202512,C07318,Existing,42,P0001,153
202512,C07319,Existing,52,P0013,91
202512,C07320,Existing,47,P0030,89
202512,C07321,Existing,35,P0197,51
202512,C07322,Left,24,P0018,110
202512,C07323,Existing,46,P0078,62
202512,C07324,Existing,20,P0141,65
202512,C07325,Existing,45,P0032,109
202512,C07326,Existing,52,P0071,88
202512,C07327,Left,29,P0200,63
202512,C07328,Existing,47,P0050,60
202512,C07329,Existing,40,P0199,112
202512,C07330,Left,57,P0116,1
202512,C07331,Existing,24,P0113,104
202512,C07332,Left,35,P0080,168
202512,C07333,Left,59,P0031,45
202512,C07334,Existing,50,P0051,47
202512,C07335,Existing,45,P0155,9
202512,C07336,Existing,48,P0060,67
202512,C07337,Existing,41,P0033,127
202512,C07338,Existing,39,P0181,156
202512,C07339,Existing,58,P0127,75
202512,C07340,Existing,41,P0200,113
202512,C07341,Existing,45,P0161,160
202512,C07342,Existing,61,P0126,13
202512,C07343,Existing,40,P0041,93
202512,C07344,Left,44,P0019,56
202512,C07345,Existing,46,P0041,73
202512,C07346,Left,41,P0085,72
202512,C07347,Existing,36,P0089,100
202512,C07348,Left,64,P0042,73
202512,C07349,Existing,39,P0120,87
202512,C07350,Existing,44,P0023,111
202512,C07351,Existing,35,P0033,98
202512,C07352,Existing,44,P0020,118
202512,C07353,Existing,46,P0153,149
202512,C07354,Existing,63,P0090,113
202512,C07355,Existing,42,P0104,78
202512,C07356,Existing,35,P0180,138
202512,C07357,Existing,49,P0012,19
202512,C07358,Left,41,P0160,20
202512,C07359,Existing,50,P0161,95
202512,C07360,Existing,45,P0196,85
202512,C07361,Left,55,P0143,6
202512,C07362,Existing,41,P0051,117
202512,C07363,Existing,50,P0006,119
202512,C07364,Existing,36,P0091,111
202512,C07365,Left,32,P0197,119
202512,C07366,Existing,44,P0069,69
202512,C07367,Existing,37,P0163,64
202512,C07368,Existing,49,P0123,118
202512,C07369,Left,38,P0162,118
202512,C07370,Existing,41,P0191,102
202512,C07371,Existing,50,P0196,147
202512,C07372,Existing,42,P0146,64
202512,C07373,Left,49,P0115,80
202512,C07374,Existing,36,P0154,19
202512,C07375,Existing,49,P0111,84
202512,C07376,Existing,38,P0061,153
202512,C07377,Left,54,P0107,44
202512,C07378,Left,38,P0078,160
202512,C07379,Existing,63,P0095,39
202512,C07380,Existing,55,P0074,40
202512,C07381,Existing,47,P0048,64
202512,C07382,Existing,57,P0200,115
202512,C07383,Existing,31,P0096,2
202512,C07384,Existing,20,P0031,46
202512,C07385,Left,50,P0034,92
202512,C07386,Left,56,P0087,7
202512,C07387,Existing,33,P0135,97
202512,C07388,Existing,39,P0083,69
202512,C07389,Existing,21,P0135,39
202512,C07390,Existing,42,P0047,73
202512,C07391,Existing,40,P0136,144
202512,C07392,Left,48,P0129,84
202512,C07393,Existing,45,P0125,94
202512,C07394,Existing,23,P0077,37
202512,C07395,Left,28,P0003,28
202512,C07396,Existing,50,P0181,177
202512,C07397,Left,29,P0092,23
202512,C07398,Left,64,P0166,3
202512,C07399,Left,54,P0179,7
202512,C07400,Existing,61,P0143,97
202512,C07401,Left,48,P0100,67
202512,C07402,Existing,24,P0127,63
202512,C07403,Existing,42,P0195,66
202512,C07404,Existing,22,P0192,8
202512,C07405,Existing,36,P0068,111
202512,C07406,Left,45,P0133,163
202512,C07407,Existing,31,P0090,92
202512,C07408,Existing,47,P0089,89
202512,C07409,Existing,55,P0010,106
202512,C07410,Existing,50,P0008,101
202512,C07411,Left,56,P0012,101
202512,C07412,Existing,43,P0064,161
202512,C07413,Existing,45,P0118,113
202512,C07414,Existing,50,P0059,102
202512,C07415,Existing,36,P0195,129
202512,C07416,Existing,35,P0050,112
202512,C07417,Existing,29,P0151,24
202512,C07418,Existing,23,P0040,42
202512,C07419,Left,45,P0122,100
202512,C07420,Existing,35,P0097,5
202512,C07421,Existing,25,P0127,24
202512,C07422,Existing,26,P0087,10
202512,C07423,Existing,33,P0077,28
202512,C07424,Existing,41,P0121,57
202512,C07425,Existing,48,P0146,90
202512,C07426,Existing,47,P0149,81
202512,C07427,Existing,37,P0111,123
202512,C07428,Existing,37,P0129,138
202512,C07429,Existing,39,P0166,61
202512,C07430,Existing,47,P0041,138
202512,C07431,Existing,21,P0170,36
202512,C07432,Left,31,P0137,40
202512,C07433,Existing,41,P0023,81
202512,C07434,Existing,44,P0078,70
202512,C07435,Existing,38,P0011,112
202512,C07436,Existing,44,P0071,73
202512,C07437,Existing,48,P0159,151
202512,C07438,Left,27,P0026,98
202512,C07439,Existing,45,P0030,61
202512,C07440,Existing,40,P0162,42
202512,C07441,Existing,41,P0174,81
202512,C07442,Existing,40,P0102,22
202512,C07443,Existing,35,P0069,124
202512,C07444,Existing,49,P0133,102
202512,C07445,Existing,32,P0189,118
202512,C07446,Existing,42,P0166,70
202512,C07447,Existing,36,P0156,179
202512,C07448,Left,52,P0154,33
202512,C07449,Existing,35,P0061,110
202512,C07450,Existing,40,P0106,115
202512,C07451,Existing,37,P0023,127
202512,C07452,Existing,45,P0174,72
202512,C07453,Left,31,P0113,3
202512,C07454,Existing,35,P0030,77
202512,C07455,Existing,47,P0067,140
202512,C07456,Existing,47,P0161,104
202512,C07457,Left,30,P0131,14
202512,C07458,Left,27,P0197,31
202512,C07459,Left,38,P0121,12
202512,C07460,Existing,41,P0083,173
202512,C07461,Left,37,P0170,55
202512,C07462,Left,45,P0062,65
202512,C07463,Left,59,P0186,93
202512,C07464,Existing,37,P0057,158
202512,C07465,Existing,49,P0001,162
202512,C07466,Existing,47,P0102,18
202512,C07467,Existing,53,P0188,31
202512,C07468,Existing,38,P0069,73
202512,C07469,Existing,38,P0059,79
202512,C07470,Left,23,P0046,18
202512,C07471,Existing,35,P0106,123
202512,C07472,Existing,37,P0034,45
202512,C07473,Existing,37,P0101,178
202512,C07474,Existing,47,P0097,75
202512,C07475,Existing,46,P0153,78
202512,C07476,Left,40,P0170,63
202512,C07477,Existing,26,P0029,37
202512,C07478,Left,38,P0153,76
202512,C07479,Left,39,P0182,140
202512,C07480,Existing,35,P0123,140
202512,C07481,Existing,36,P0073,146
202512,C07482,Existing,37,P0195,68
202512,C07483,Existing,38,P0143,101
202512,C07484,Existing,32,P0004,102
202512,C07485,Existing,43,P0038,138
202512,C07486,Existing,35,P0020,64
202512,C07487,Existing,43,P0113,101
202512,C07488,Existing,48,P0023,93
202512,C07489,Existing,48,P0165,150
202512,C07490,Existing,41,P0190,97
202512,C07491,Left,45,P0111,102
202512,C07492,Existing,41,P0136,169
202512,C07493,Existing,50,P0165,61
202512,C07494,Existing,38,P0045,152
202512,C07495,Left,45,P0097,38
202512,C07496,Existing,40,P0033,73
202512,C07497,Existing,28,P0135,94
202512,C07498,Existing,38,P0022,163
202512,C07499,Existing,36,P0133,67
202512,C07500,Existing,50,P0015,160
202512,C07501,Existing,37,P0021,109
202512,C07502,Existing,34,P0126,93
202512,C07503,Left,42,P0089,87
202512,C07504,Existing,40,P0017,130
202512,C07505,Existing,47,P0056,114
202512,C07506,Existing,45,P0050,72
202512,C07507,Existing,28,P0135,62
202512,C07508,Left,50,P0118,102
202512,C07509,Existing,53,P0122,32
202512,C07510,Existing,43,P0050,171
202512,C07511,Existing,43,P0060,172
202512,C07512,Left,39,P0125,163
202512,C07513,Existing,24,P0116,68
202512,C07514,Existing,27,P0135,89
202512,C07515,Existing,39,P0168,101
202512,C07516,Existing,47,P0173,70
202512,C07517,Existing,61,P0187,36
202512,C07518,Existing,20,P0088,3
202512,C07519,Existing,50,P0105,29
202512,C07520,Existing,52,P0055,53
202512,C07521,Existing,49,P0064,132
202512,C07522,Existing,56,P0193,96
202512,C07523,Existing,48,P0182,61
202512,C07524,Existing,29,P0096,116
202512,C07525,Existing,36,P0168,164
202512,C07526,Existing,42,P0181,122
202512,C07527,Existing,57,P0044,37
202512,C07528,Existing,45,P0191,143
202512,C07529,Left,63,P0130,72
202512,C07530,Existing,48,P0149,111
202512,C07531,Existing,43,P0050,164
202512,C07532,Existing,48,P0111,94
202512,C07533,Existing,41,P0180,174
202512,C07534,Left,20,P0137,59
202512,C07535,Existing,44,P0099,107
202512,C07536,Existing,28,P0148,44
202512,C07537,Existing,40,P0146,147
202512,C07538,Existing,42,P0084,151
202512,C07539,Existing,48,P0030,76
202512,C07540,Left,38,P0065,107
202512,C07541,Existing,43,P0024,179
202512,C07542,Left,59,P0175,50
202512,C07543,Left,54,P0090,102
202512,C07544,Existing,50,P0106,81
202512,C07545,Existing,36,P0172,127
202512,C07546,Existing,26,P0157,47
202512,C07547,Left,62,P0077,32
202512,C07548,Existing,33,P0068,81
202512,C07549,Existing,46,P0109,111
202512,C07550,Existing,41,P0145,63
202512,C07551,Existing,49,P0097,63
202512,C07552,Existing,35,P0133,156
202512,C07553,Existing,50,P0092,37
202512,C07554,Left,25,P0088,7
202512,C07555,Existing,36,P0050,127
202512,C07556,Existing,43,P0103,62
202512,C07557,Existing,38,P0112,116
202512,C07558,Existing,47,P0168,120
202512,C07559,Existing,62,P0046,24
202512,C07560,Existing,52,P0179,78
202512,C07561,Existing,38,P0011,174
202512,C07562,Existing,42,P0012,6
202512,C07563,Existing,45,P0141,29
202512,C07564,Existing,50,P0064,73
202512,C07565,Left,26,P0008,21
202512,C07566,Existing,57,P0193,4
202512,C07567,Left,37,P0009,116
202512,C07568,Left,27,P0130,95
202512,C07569,Existing,42,P0078,171
202512,C07570,Existing,22,P0141,109
202512,C07571,Existing,54,P0002,98
202512,C07572,Existing,43,P0196,129
202512,C07573,Existing,48,P0176,98
202512,C07574,Left,41,P0074,10
202512,C07575,Left,42,P0131,68
202512,C07576,Existing,44,P0196,66
202512,C07577,Left,42,P0134,70
202512,C07578,Existing,42,P0087,23
202512,C07579,Existing,44,P0005,178
202512,C07580,Existing,27,P0131,102
202512,C07581,Existing,33,P0138,72
202512,C07582,Existing,61,P0171,43
202512,C07583,Existing,56,P0147,78
202512,C07584,Existing,43,P0014,123
202512,C07585,Left,38,P0149,131
202512,C07586,Existing,38,P0124,141
202512,C07587,Left,37,P0043,62
202512,C07588,Existing,21,P0028,73
202512,C07589,Existing,40,P0149,87
202512,C07590,Left,48,P0164,48
202512,C07591,Existing,48,P0024,75
202512,C07592,Left,45,P0182,166
202512,C07593,Left,24,P0166,116
202512,C07594,Existing,45,P0017,173
202512,C07595,Existing,46,P0150,95
202512,C07596,Existing,48,P0083,161
202512,C07597,Existing,49,P0045,128
202512,C07598,Left,25,P0074,94
202512,C07599,Existing,33,P0189,11
202512,C07600,Existing,47,P0139,154
202512,C07601,Existing,50,P0061,147
202512,C07602,Existing,47,P0038,170
202512,C07603,Left,55,P0066,86
202512,C07604,Left,44,P0033,78
202512,C07605,Existing,40,P0043,66
202512,C07607,Existing,36,P0112,137
202512,C07608,Existing,22,P0035,75
202512,C07609,Existing,41,P0037,152
202512,C07610,Existing,49,P0175,62
202512,C07611,Existing,43,P0100,145
202512,C07612,Existing,46,P0023,150
202512,C07613,Left,59,P0164,46
202512,C07614,Existing,35,P0168,175
202512,C07615,Existing,42,P0089,44
202512,C07616,Existing,37,P0015,103
202512,C07617,Existing,40,P0165,163
202512,C07618,Existing,50,P0132,155
202512,C07619,Existing,43,P0150,97
202512,C07620,Existing,37,P0022,94
202512,C07621,Existing,39,P0078,107
202512,C07622,Left,47,P0145,86
202512,C07623,Existing,48,P0072,73
202512,C07624,Existing,45,P0098,86
202512,C07625,Left,28,P0090,90
202512,C07626,Existing,37,P0109,75
202512,C07627,Existing,36,P0094,96
202512,C07628,Existing,48,P0080,116
202512,C07629,Left,41,P0094,73
202512,C07630,Existing,36,P0080,169
202512,C07631,Existing,38,P0038,156
202512,C07632,Existing,44,P0152,159
202512,C07633,Existing,35,P0134,163
202512,C07634,Existing,50,P0196,150
202512,C07635,Existing,43,P0134,138
202512,C07636,Existing,63,P0026,119
202512,C07637,Left,50,P0101,87
202512,C07638,Existing,47,P0169,65
202512,C07639,Existing,21,P0075,105
202512,C07640,Existing,45,P0038,121
202512,C07641,Existing,50,P0083,106
202512,C07642,Left,34,P0171,34
202512,C07643,Existing,46,P0181,117
202512,C07644,Existing,22,P0143,2
202512,C07645,Existing,48,P0056,69
202512,C07646,Existing,25,P0105,8
202512,C07647,Existing,63,P0184,93
202512,C07648,Existing,46,P0031,16
202512,C07649,Existing,42,P0185,60
202512,C07650,Existing,52,P0179,50
202512,C07651,Existing,45,P0152,140
202512,C07652,Existing,40,P0058,78
202512,C07653,Existing,50,P0073,159
202512,C07654,Existing,50,P0132,108
202512,C07655,Existing,28,P0010,117
202512,C07656,Existing,41,P0191,90
202512,C07657,Existing,47,P0073,134
202512,C07659,Existing,50,P0098,113
202512,C07660,Left,47,P0063,90
202512,C07661,Existing,47,P0019,108
202512,C07662,Left,28,P0113,93
202512,C07663,Existing,35,P0063,71
202512,C07664,Existing,26,P0116,3
202512,C07665,Existing,22,P0184,111
202512,C07666,Existing,54,P0021,56
202512,C07667,Left,21,P0162,100
202512,C07668,Existing,48,P0145,121
202512,C07669,Existing,38,P0146,106
202512,C07670,Existing,55,P0081,20
202512,C07671,Existing,53,P0066,45
202512,C07672,Existing,39,P0179,21
202512,C07673,Existing,48,P0065,95
202512,C07674,Existing,40,P0043,146
202512,C07675,Existing,44,P0057,86
202512,C07676,Existing,28,P0138,17
202512,C07677,Existing,46,P0037,104
202512,C07678,Left,37,P0176,176
202512,C07679,Existing,49,P0120,5
202512,C07680,Left,49,P0069,159
202512,C07681,Existing,24,P0056,97
202512,C07682,Existing,61,P0119,25
202512,C07683,Left,48,P0164,45
202512,C07684,Existing,48,P0159,107
202512,C07685,Left,63,P0055,55
202512,C07686,Existing,36,P0038,151
202512,C07687,Existing,35,P0015,115
202512,C07688,Existing,43,P0144,76
202512,C07689,Existing,26,P0077,81
202512,C07690,Existing,60,P0053,10
202512,C07691,Existing,36,P0184,16
202512,C07692,Existing,44,P0007,63
202512,C07693,Existing,42,P0185,123
202512,C07694,Existing,60,P0055,75
202512,C07695,Existing,50,P0052,7
202512,C07696,Existing,56,P0004,1
202512,C07697,Existing,49,P0043,127
202512,C07698,Existing,36,P0040,60
202512,C07699,Existing,50,P0121,28
202512,C07700,Existing,38,P0030,120
202512,C07701,Left,43,P0138,71
202512,C07702,Existing,50,P0103,176
202512,C07703,Existing,49,P0007,177
202512,C07704,Existing,35,P0164,5
202512,C07705,Existing,45,P0163,15
202512,C07706,Existing,45,P0167,151
202512,C07707,Left,55,P0164,25
202512,C07708,Existing,49,P0109,178
202512,C07709,Left,43,P0020,153
202512,C07710,Existing,30,P0049,19
202512,C07711,Left,20,P0096,32
202512,C07712,Existing,47,P0059,93
202512,C07713,Existing,38,P0177,74
202512,C07714,Existing,28,P0090,115
202512,C07715,Existing,50,P0026,66
202512,C07716,Existing,24,P0036,50
202512,C07717,Existing,58,P0171,35
202512,C07718,Existing,36,P0126,95
202512,C07719,Existing,39,P0043,153
202512,C07720,Existing,48,P0099,75
202512,C07721,Left,35,P0033,67
202512,C07722,Existing,47,P0100,92
202512,C07723,Existing,26,P0097,82
202512,C07724,Left,24,P0173,71
202512,C07725,Existing,35,P0045,117
202512,C07726,Existing,63,P0088,83
202512,C07727,Existing,44,P0143,27
202512,C07728,Existing,61,P0095,108
202512,C07729,Existing,44,P0017,119
202512,C07730,Left,35,P0140,72
202512,C07731,Existing,48,P0022,140
202512,C07732,Existing,51,P0151,58
202512,C07733,Existing,25,P0090,22
202512,C07734,Existing,41,P0078,71
202512,C07735,Existing,29,P0140,97
202512,C07736,Left,25,P0114,54
202512,C07737,Left,39,P0068,36
202512,C07738,Existing,35,P0110,176
202512,C07739,Existing,21,P0179,112
202512,C07740,Existing,49,P0125,147
202512,C07741,Existing,58,P0141,42
202512,C07742,Existing,48,P0057,104
202512,C07743,Existing,32,P0055,67
202512,C07744,Existing,59,P0082,107
202512,C07745,Existing,63,P0107,6
202512,C07746,Existing,38,P0156,86
202512,C07747,Left,34,P0102,19
202512,C07748,Existing,40,P0172,110
202512,C07749,Left,39,P0147,20
202512,C07750,Existing,36,P0174,162
202512,C07751,Existing,40,P0111,97
202512,C07752,Left,31,P0107,5
202512,C07753,Existing,46,P0102,103
202512,C07754,Existing,59,P0003,83
202512,C07755,Existing,25,P0148,73
202512,C07756,Left,42,P0025,74
202512,C07757,Left,39,P0075,28
202512,C07758,Existing,57,P0184,80
202512,C07759,Existing,45,P0061,126
202512,C07760,Existing,35,P0123,99
202512,C07761,Existing,47,P0055,47
202512,C07762,Existing,42,P0163,83
202512,C07763,Existing,43,P0187,1
202512,C07764,Existing,63,P0039,114
202512,C07765,Existing,37,P0185,173
202512,C07766,Existing,39,P0083,177
202512,C07767,Existing,41,P0195,149
202512,C07768,Existing,37,P0034,29
202512,C07769,Existing,53,P0113,60
202512,C07770,Existing,42,P0169,80
202512,C07771,Existing,35,P0150,95
202512,C07772,Existing,50,P0027,112
202512,C07773,Left,42,P0149,140
202512,C07774,Existing,35,P0169,72
202512,C07775,Left,52,P0031,26
202512,C07776,Existing,34,P0155,117
202512,C07777,Existing,37,P0165,137
202512,C07778,Existing,20,P0194,77
202512,C07779,Existing,50,P0182,157
202512,C07780,Existing,33,P0137,116
202512,C07781,Existing,43,P0083,161
202512,C07782,Left,60,P0170,79
202512,C07783,Existing,25,P0164,93
202512,C07784,Left,20,P0010,85
202512,C07785,Existing,46,P0187,92
202512,C07786,Existing,31,P0040,42
202512,C07787,Existing,35,P0054,94
202512,C07788,Existing,42,P0167,104
202512,C07789,Left,26,P0135,16
202512,C07790,Left,61,P0004,111
202512,C07791,Existing,31,P0143,93
202512,C07792,Existing,41,P0176,117
202512,C07793,Existing,48,P0006,151
202512,C07794,Existing,49,P0073,103
202512,C07795,Left,51,P0163,115
202512,C07796,Existing,54,P0200,70
202512,C07797,Left,28,P0199,2
202512,C07798,Existing,37,P0196,90
202512,C07799,Left,41,P0058,86
202512,C07800,Existing,50,P0077,117
202512,C07801,Existing,62,P0019,109
202512,C07802,Existing,38,P0062,73
202512,C07803,Existing,30,P0071,117
202512,C07804,Existing,23,P0138,44
202512,C07805,Left,27,P0025,30
202512,C07806,Existing,44,P0172,70
202512,C07807,Left,22,P0127,15
202512,C07808,Existing,43,P0058,131
202512,C07809,Existing,48,P0153,100
202512,C07810,Existing,63,P0120,10
202512,C07811,Existing,37,P0111,89
202512,C07812,Existing,35,P0168,94
202512,C07813,Existing,50,P0076,70
202512,C07814,Existing,45,P0070,100
202512,C07815,Existing,33,P0138,51
202512,C07816,Existing,31,P0066,114
202512,C07817,Existing,27,P0120,59
202512,C07818,Existing,44,P0153,88
202512,C07819,Existing,47,P0199,25
202512,C07820,Existing,55,P0087,75
202512,C07821,Existing,44,P0139,97
202512,C07822,Existing,46,P0122,81
202512,C07823,Existing,54,P0164,118
202512,C07824,Left,55,P0049,118
202512,C07825,Existing,38,P0048,41
202512,C07826,Existing,39,P0115,6
202512,C07827,Existing,43,P0087,111
202512,C07828,Existing,40,P0007,175
202512,C07829,Left,61,P0077,22
202512,C07830,Existing,55,P0179,116
202512,C07831,Existing,39,P0145,111
202512,C07832,Existing,38,P0160,114
202512,C07833,Left,36,P0154,16
202512,C07834,Existing,46,P0121,1
202512,C07835,Left,42,P0124,105
202512,C07836,Existing,49,P0150,88
202512,C07837,Existing,32,P0141,83
202512,C07838,Existing,49,P0125,75
202512,C07839,Left,22,P0012,104
202512,C07840,Existing,24,P0071,26
202512,C07841,Existing,43,P0001,114
202512,C07842,Existing,39,P0161,165
202512,C07843,Existing,45,P0119,70
202512,C07844,Existing,38,P0142,79
202512,C07845,Existing,45,P0111,129
202512,C07846,Existing,48,P0064,109
202512,C07847,Left,50,P0043,71
202512,C07848,Existing,40,P0186,71
202512,C07849,Existing,47,P0041,123
202512,C07850,Left,38,P0196,157
202512,C07851,Left,56,P0115,10
202512,C07852,Existing,38,P0039,71
202512,C07853,Existing,41,P0001,154
202512,C07854,Existing,50,P0041,69
202512,C07855,Left,47,P0173,110
202512,C07856,Left,59,P0088,81
202512,C07857,Existing,29,P0098,92
202512,C07858,Existing,25,P0088,12
202512,C07859,Existing,46,P0079,85
202512,C07860,Left,35,P0141,53
202512,C07861,Left,45,P0071,32
202512,C07862,Existing,25,P0137,61
202512,C07863,Existing,36,P0191,175
202512,C07864,Existing,37,P0099,129
202512,C07865,Existing,24,P0151,50
202512,C07866,Existing,45,P0182,83
202512,C07867,Existing,22,P0175,16
202512,C07868,Left,45,P0167,63
202512,C07869,Existing,35,P0087,119
202512,C07870,Left,27,P0154,88
202512,C07871,Existing,45,P0001,125
202512,C07872,Existing,38,P0142,110
202512,C07873,Existing,37,P0112,116
202512,C07874,Existing,37,P0074,77
202512,C07875,Existing,35,P0065,176
202512,C07876,Existing,39,P0069,87
202512,C07877,Existing,39,P0067,72
202512,C07878,Existing,61,P0177,119
202512,C07879,Existing,40,P0050,124
202512,C07880,Existing,36,P0058,155
202512,C07881,Existing,42,P0053,103
202512,C07882,Existing,46,P0091,80
202512,C07883,Left,34,P0115,81
202512,C07884,Existing,49,P0118,156
202512,C07885,Existing,40,P0057,87
202512,C07886,Existing,50,P0086,122
202512,C07887,Existing,31,P0018,22
202512,C07888,Existing,49,P0016,116
202512,C07889,Left,41,P0130,44
202512,C07890,Existing,38,P0013,28
202512,C07891,Existing,63,P0173,1
202512,C07892,Left,44,P0080,120
202512,C07893,Existing,33,P0200,103
202512,C07894,Existing,42,P0043,99
202512,C07895,Left,56,P0200,64
202512,C07896,Left,32,P0054,29
202512,C07897,Existing,38,P0159,123
202512,C07898,Left,59,P0137,48
202512,C07899,Existing,43,P0073,150
202512,C07900,Left,34,P0048,39
202512,C07901,Existing,34,P0018,89
202512,C07902,Existing,46,P0011,102
202512,C07903,Existing,36,P0190,163
202512,C07904,Existing,41,P0084,119
202512,C07905,Existing,35,P0019,48
202512,C07906,Existing,47,P0100,72
202512,C07907,Existing,48,P0116,39
202512,C07908,Left,48,P0090,18
202512,C07909,Existing,60,P0074,53
202512,C07910,Existing,42,P0024,62
202512,C07911,Existing,28,P0013,8
202512,C07912,Existing,48,P0125,151
202512,C07913,Existing,62,P0116,10
202512,C07914,Left,36,P0174,124
202512,C07915,Existing,50,P0181,101
202512,C07916,Left,29,P0157,63
202512,C07917,Existing,26,P0164,61
202512,C07918,Existing,64,P0071,5
202512,C07919,Existing,32,P0126,27
202512,C07920,Existing,36,P0145,155
202512,C07921,Existing,39,P0176,96
202512,C07922,Existing,41,P0152,124
202512,C07923,Existing,36,P0182,101
202512,C07924,Existing,64,P0119,96
202512,C07925,Existing,45,P0091,109
202512,C07927,Left,51,P0108,5
202512,C07928,Left,44,P0127,50
202512,C07929,Existing,41,P0121,75
202512,C07930,Existing,46,P0129,168
202512,C07931,Existing,36,P0195,154
202512,C07932,Existing,46,P0006,101
202512,C07933,Existing,40,P0078,99
202512,C07934,Left,22,P0183,71
202512,C07935,Existing,38,P0038,166
202512,C07936,Existing,47,P0161,85
202512,C07937,Existing,62,P0116,17
202512,C07938,Existing,53,P0102,53
202512,C07939,Existing,35,P0008,60
202512,C07940,Existing,42,P0078,164
202512,C07941,Existing,35,P0112,67
202512,C07942,Existing,44,P0148,71
202512,C07943,Existing,52,P0055,41
202512,C07944,Left,63,P0048,39
202512,C07945,Existing,51,P0184,101
202512,C07946,Existing,41,P0088,66
202512,C07947,Existing,28,P0010,29
202512,C07948,Existing,47,P0052,110
202512,C07949,Existing,41,P0178,135
202512,C07950,Left,25,P0034,45
202512,C07951,Existing,53,P0164,42
202512,C07952,Existing,44,P0061,106
202512,C07953,Existing,44,P0144,134
202512,C07954,Existing,46,P0079,120
202512,C07955,Existing,50,P0018,91
202512,C07956,Existing,61,P0071,61
202512,C07957,Existing,63,P0175,11
202512,C07958,Existing,44,P0086,119
202512,C07959,Existing,42,P0032,119
202512,C07960,Existing,44,P0043,159
202512,C07961,Existing,44,P0083,174
202512,C07962,Existing,44,P0168,99
202512,C07963,Existing,49,P0193,117
202512,C07964,Existing,56,P0163,58
202512,C07965,Existing,36,P0069,168
202512,C07966,Existing,50,P0050,165
202512,C07967,Left,30,P0012,97
202512,C07968,Existing,44,P0085,133
202512,C07969,Existing,45,P0123,75
202512,C07970,Existing,43,P0058,60
202512,C07971,Existing,36,P0083,168
202512,C07972,Existing,37,P0191,157
202512,C07973,Existing,23,P0177,10
202512,C07974,Existing,50,P0112,144
202512,C07975,Existing,48,P0128,6
202512,C07976,Existing,50,P0036,25
202512,C07977,Existing,40,P0054,16
202512,C07978,Existing,48,P0047,67
202512,C07979,Left,46,P0115,51
202512,C07980,Left,55,P0160,63
202512,C07981,Existing,48,P0124,166
202512,C07982,Existing,43,P0181,75
202512,C07983,Left,28,P0160,115
202512,C07984,Existing,44,P0190,153
202512,C07985,Existing,36,P0165,79
202512,C07986,Existing,23,P0096,28
202512,C07987,Left,54,P0107,2
202512,C07988,Left,30,P0120,100
202512,C07989,Left,35,P0101,86
202512,C07990,Left,43,P0103,99
202512,C07991,Left,47,P0166,109
202512,C07992,Left,28,P0158,26
202512,C07993,Existing,25,P0186,59
202512,C07994,Existing,49,P0032,95
202512,C07995,Left,22,P0066,113
202512,C07996,Existing,45,P0179,8
202512,C07997,Existing,37,P0011,142
202512,C07998,Left,35,P0187,79
202512,C07999,Left,40,P0148,94
202512,C08000,Existing,43,P0037,100
202512,C08001,Existing,54,P0102,4
202512,C08002,Existing,29,P0049,94
202512,C08003,Existing,29,P0019,73
202512,C08004,Existing,22,P0183,91
202512,C08005,Existing,38,P0168,127
202512,C08006,Existing,40,P0007,70
202512,C08007,Existing,46,P0133,162
202512,C08008,Left,54,P0042,117
202512,C08009,Existing,42,P0088,106
202512,C08010,Existing,44,P0176,157
202512,C08011,Existing,30,P0135,114
202512,C08013,Existing,22,P0177,2
202512,C08014,Existing,64,P0158,104
202512,C08015,Existing,49,P0041,155
202512,C08016,Existing,51,P0003,106
202512,C08017,Left,62,P0040,119
202512,C08018,Left,22,P0051,116
202512,C08019,Existing,36,P0032,156
202512,C08020,Existing,36,P0048,6
202512,C08021,Left,50,P0071,58
202512,C08022,Existing,52,P0199,28
202512,C08023,Left,27,P0148,77
202512,C08024,Existing,59,P0089,86
202512,C08025,Existing,35,P0109,69
202512,C08026,Left,39,P0035,62
202512,C08027,Left,56,P0108,10
202512,C08028,Existing,36,P0152,89
202512,C08029,Left,53,P0040,32
202512,C08030,Existing,60,P0052,24
202512,C08031,Existing,42,P0112,84
202512,C08032,Existing,60,P0039,93
202512,C08033,Left,54,P0068,38
202512,C08034,Existing,38,P0189,32
202512,C08035,Existing,47,P0076,56
202512,C08036,Existing,43,P0065,177
202512,C08037,Existing,42,P0062,169
202512,C08038,Existing,29,P0002,81
202512,C08039,Existing,49,P0134,126
202512,C08040,Existing,46,P0122,31
202512,C08041,Existing,56,P0075,59
202512,C08042,Left,21,P0171,30
202512,C08043,Existing,42,P0040,9
202512,C08044,Existing,20,P0089,56
202512,C08045,Existing,36,P0167,101
202512,C08046,Existing,28,P0028,75
202512,C08047,Existing,45,P0080,92
202512,C08048,Existing,20,P0063,10
202512,C08049,Existing,46,P0192,72
202512,C08050,Existing,21,P0140,62
202512,C08051,Existing,45,P0041,136
202512,C08052,Left,59,P0029,15
202512,C08053,Existing,41,P0023,172
202512,C08054,Existing,41,P0080,71
202512,C08055,Existing,58,P0051,112
202512,C08056,Existing,35,P0112,71
202512,C08057,Left,46,P0105,22
202512,C08058,Existing,46,P0045,77
202512,C08059,Left,23,P0090,109
202512,C08060,Existing,46,P0150,107
202512,C08061,Existing,39,P0138,95
202512,C08062,Existing,52,P0135,77
202512,C08063,Existing,60,P0089,42
202512,C08064,Existing,40,P0015,98
202512,C08065,Existing,52,P0077,41
202512,C08066,Existing,49,P0106,159
202512,C08067,Existing,43,P0174,170
202512,C08068,Left,23,P0090,115
202512,C08069,Existing,53,P0087,86
202512,C08070,Existing,43,P0061,99
202512,C08071,Existing,35,P0108,112
202512,C08072,Existing,41,P0061,74
202512,C08073,Existing,54,P0051,33
202512,C08074,Existing,37,P0166,30
202512,C08075,Existing,26,P0012,74
202512,C08076,Existing,42,P0077,98
202512,C08077,Existing,41,P0112,174
202512,C08078,Existing,33,P0066,23
202512,C08079,Left,47,P0182,109
202512,C08080,Existing,35,P0167,107
202512,C08081,Existing,37,P0167,101
202512,C08082,Existing,50,P0115,35
202512,C08083,Left,41,P0030,170
202512,C08084,Existing,32,P0105,39
202512,C08085,Existing,36,P0176,94
202512,C08086,Left,52,P0031,89
202512,C08087,Existing,47,P0153,115
202512,C08088,Existing,37,P0196,105
202512,C08089,Existing,63,P0179,46
202512,C08090,Existing,24,P0013,31
202512,C08091,Existing,50,P0191,172
202512,C08092,Existing,35,P0128,57
202512,C08093,Left,39,P0170,108
202512,C08094,Left,50,P0182,111
202512,C08095,Existing,41,P0101,112
202512,C08096,Existing,36,P0067,164
202512,C08097,Existing,40,P0080,112
202512,C08098,Left,29,P0184,106
202512,C08099,Existing,47,P0103,109
202512,C08100,Left,49,P0019,70
202512,C08101,Left,38,P0174,143
202512,C08102,Existing,45,P0143,86
202512,C08103,Existing,35,P0032,128
202512,C08104,Existing,62,P0177,46
202512,C08105,Existing,38,P0149,125
202512,C08106,Left,48,P0065,86
202512,C08107,Existing,54,P0198,13
202512,C08108,Existing,40,P0027,165
202512,C08109,Left,47,P0151,28
202512,C08110,Existing,45,P0047,138
202512,C08111,Existing,28,P0012,45
202512,C08112,Existing,36,P0085,108
202512,C08113,Existing,42,P0066,115
202512,C08114,Existing,40,P0133,117
202512,C08115,Left,37,P0137,94
202512,C08116,Existing,50,P0148,44
202512,C08117,Existing,41,P0110,89
202512,C08118,Existing,31,P0082,17
202512,C08119,Existing,38,P0125,157
202512,C08120,Existing,32,P0063,113
202512,C08121,Existing,40,P0072,109
202512,C08122,Left,35,P0098,51
202512,C08123,Existing,44,P0073,65
202512,C08124,Existing,25,P0071,41
202512,C08125,Existing,43,P0030,107
202512,C08126,Existing,41,P0125,104
202512,C08127,Left,44,P0016,115
202512,C08128,Existing,40,P0133,92
202512,C08129,Left,26,P0157,106
202512,C08130,Existing,47,P0047,96
202512,C08131,Existing,49,P0101,103
202512,C08132,Existing,30,P0107,8
202512,C08133,Existing,24,P0126,10
202512,C08134,Existing,42,P0022,173
202512,C08135,Existing,43,P0185,69
202512,C08136,Existing,37,P0083,122
202512,C08137,Existing,53,P0163,72
202512,C08138,Existing,39,P0060,159
202512,C08139,Left,29,P0198,97
202512,C08140,Existing,50,P0188,38
202512,C08141,Existing,47,P0058,136
202512,C08142,Existing,55,P0003,50
202512,C08143,Existing,37,P0162,50
202512,C08144,Existing,49,P0045,76
202512,C08145,Existing,45,P0050,139
202512,C08146,Left,36,P0002,33
202512,C08147,Existing,43,P0015,90
202512,C08148,Existing,43,P0165,64
202512,C08149,Left,42,P0143,38
202512,C08150,Left,51,P0188,94
202512,C08151,Left,28,P0096,23
202512,C08152,Existing,42,P0085,179
202512,C08153,Existing,50,P0192,86
202512,C08154,Existing,44,P0111,166
202512,C08155,Existing,48,P0180,105
202512,C08156,Existing,46,P0023,119
202512,C08157,Existing,50,P0099,122
202512,C08158,Existing,36,P0037,129
202512,C08159,Existing,33,P0107,92
202512,C08160,Existing,43,P0041,99
202512,C08161,Existing,36,P0057,179
202512,C08162,Left,43,P0097,97
202512,C08163,Existing,34,P0025,43
202512,C08164,Existing,35,P0110,158
202512,C08165,Existing,37,P0037,136
202512,C08166,Existing,28,P0040,10
202512,C08167,Existing,36,P0085,116
202512,C08168,Left,44,P0046,86
202512,C08169,Existing,38,P0188,104
202512,C08170,Left,23,P0102,104
202512,C08171,Existing,57,P0098,116
202512,C08172,Existing,20,P0019,28
202512,C08173,Existing,38,P0091,60
202512,C08174,Existing,55,P0137,32
202512,C08175,Existing,50,P0069,169
202512,C08176,Existing,45,P0005,107
202512,C08177,Existing,60,P0154,25
202512,C08178,Left,27,P0147,58
202512,C08179,Left,21,P0158,10
202512,C08180,Left,46,P0048,13
202512,C08181,Existing,48,P0112,155
202512,C08182,Existing,47,P0144,161
202512,C08183,Existing,24,P0199,83
202512,C08184,Existing,47,P0018,17
202512,C08185,Existing,38,P0184,27
202512,C08186,Left,46,P0149,126
202512,C08187,Existing,30,P0031,34
202512,C08188,Existing,36,P0129,169
202512,C08189,Left,52,P0131,72
202512,C08190,Left,39,P0025,114
202512,C08191,Existing,37,P0008,27
202512,C08192,Left,26,P0193,22
202512,C08193,Existing,47,P0062,175
202512,C08194,Existing,35,P0135,14
202512,C08195,Existing,46,P0007,71
202512,C08196,Existing,41,P0136,65
202512,C08197,Existing,32,P0019,69
202512,C08198,Existing,45,P0145,105
202512,C08199,Existing,43,P0139,172
202512,C08200,Left,46,P0111,70
202512,C08201,Existing,55,P0177,72
202512,C08202,Existing,48,P0011,60
202512,C08203,Existing,39,P0041,137
202512,C08204,Existing,35,P0190,117
202512,C08206,Existing,45,P0180,122
202512,C08207,Existing,57,P0194,68
202512,C08208,Left,44,P0196,167
202512,C08209,Existing,37,P0092,62
202512,C08210,Existing,42,P0075,82
202512,C08211,Existing,35,P0067,76
202512,C08212,Existing,40,P0168,70
202512,C08213,Existing,46,P0005,98
202512,C08214,Existing,30,P0116,115
202512,C08215,Existing,39,P0150,99
202512,C08216,Existing,50,P0118,107
202512,C08217,Existing,37,P0165,90
202512,C08218,Existing,43,P0011,173
202512,C08219,Left,30,P0044,46
202512,C08220,Left,47,P0181,101
202512,C08221,Existing,40,P0077,3
202512,C08222,Existing,42,P0118,109
202512,C08223,Existing,44,P0116,4
202512,C08224,Left,62,P0189,47
202512,C08225,Existing,42,P0067,80
202512,C08226,Left,34,P0013,58
202512,C08227,Existing,47,P0092,59
202512,C08228,Existing,36,P0011,94
202512,C08229,Existing,50,P0139,169
202512,C08230,Existing,44,P0085,136
202512,C08231,Existing,44,P0085,139
202512,C08233,Left,50,P0017,113
202512,C08234,Existing,42,P0048,32
202512,C08235,Existing,41,P0142,100
202512,C08236,Existing,42,P0191,166
202512,C08237,Existing,41,P0192,119
202512,C08238,Existing,53,P0097,1
202512,C08239,Existing,35,P0075,88
202512,C08240,Left,33,P0193,90
202512,C08241,Left,39,P0162,41
202512,C08242,Existing,43,P0137,90
202512,C08243,Existing,41,P0077,11
202512,C08244,Existing,30,P0128,52
202512,C08245,Existing,44,P0037,134
202512,C08246,Existing,45,P0030,133
202512,C08247,Existing,40,P0169,130
202512,C08248,Left,25,P0173,67
202512,C08249,Existing,47,P0047,165
202512,C08250,Left,56,P0135,21
202512,C08251,Existing,36,P0142,179
202512,C08252,Existing,52,P0048,26
202512,C08253,Left,38,P0134,152
202512,C08254,Left,24,P0034,118
202512,C08255,Left,46,P0101,121
202512,C08256,Left,25,P0046,10
202512,C08257,Existing,63,P0187,56
202512,C08258,Existing,29,P0070,80
202512,C08259,Existing,44,P0136,121
202512,C08260,Existing,42,P0024,133
202512,C08261,Existing,35,P0067,142
202512,C08262,Existing,25,P0004,29
202512,C08263,Existing,46,P0001,74
202512,C08264,Existing,40,P0034,108
202512,C08265,Existing,41,P0109,79
202512,C08266,Existing,21,P0009,109
202512,C08267,Left,47,P0063,4
202512,C08268,Existing,44,P0010,112
202512,C08269,Left,42,P0138,87
202512,C08270,Existing,42,P0178,123
202512,C08271,Existing,46,P0044,109
202512,C08272,Existing,50,P0118,139
202512,C08273,Existing,42,P0176,95
202512,C08274,Existing,44,P0006,65
202512,C08275,Left,62,P0121,1
202512,C08276,Existing,41,P0152,176
202512,C08277,Existing,28,P0095,2
202512,C08278,Existing,35,P0111,90
202512,C08279,Existing,37,P0186,6
202512,C08280,Existing,61,P0105,111
202512,C08281,Left,38,P0064,158
202512,C08282,Existing,60,P0184,43
202512,C08283,Left,38,P0140,21
202512,C08284,Existing,49,P0163,116
202512,C08285,Existing,21,P0071,115
202512,C08286,Existing,34,P0104,103
202512,C08287,Existing,29,P0089,9
202512,C08288,Existing,40,P0006,104
202512,C08289,Existing,39,P0193,72
202512,C08290,Existing,36,P0110,154
202512,C08291,Existing,27,P0188,25
202512,C08292,Left,47,P0112,77
202512,C08293,Existing,36,P0196,159
202512,C08294,Existing,31,P0157,80
202512,C08295,Existing,33,P0166,42
202512,C08296,Existing,45,P0150,176
202512,C08297,Left,36,P0127,9
202512,C08298,Existing,39,P0136,62
202512,C08299,Existing,37,P0063,59
202512,C08300,Existing,53,P0141,43
202512,C08301,Existing,44,P0155,30
202512,C08302,Existing,48,P0146,88
202512,C08303,Existing,45,P0018,105
202512,C08304,Existing,61,P0077,115
202512,C08305,Existing,41,P0190,77
202512,C08306,Existing,43,P0142,163
202512,C08307,Existing,40,P0139,113
202512,C08308,Existing,42,P0103,156
202512,C08309,Existing,41,P0117,88
202512,C08310,Existing,46,P0017,143
202512,C08311,Existing,61,P0179,96
202512,C08312,Existing,43,P0014,178
202512,C08313,Existing,49,P0057,173
202512,C08314,Existing,24,P0093,31
202512,C08315,Existing,44,P0134,130
202512,C08316,Existing,39,P0114,107
202512,C08317,Existing,46,P0185,80
202512,C08318,Existing,45,P0132,76
202512,C08319,Existing,45,P0139,67
202512,C08320,Existing,48,P0109,88
202512,C08321,Existing,43,P0119,34
202512,C08322,Existing,59,P0092,31
202512,C08323,Existing,38,P0011,164
202512,C08324,Left,43,P0099,149
202512,C08325,Existing,45,P0008,54
202512,C08326,Existing,28,P0114,31
202512,C08327,Existing,64,P0187,113
202512,C08328,Existing,43,P0149,132
202512,C08329,Existing,38,P0065,178
202512,C08330,Left,46,P0093,58
202512,C08331,Existing,36,P0152,132
202512,C08332,Left,63,P0158,66
202512,C08333,Left,22,P0104,34
202512,C08334,Existing,43,P0099,70
202512,C08335,Existing,46,P0084,139
202512,C08336,Existing,47,P0185,158
202512,C08337,Left,49,P0073,67
202512,C08338,Existing,40,P0145,116
202512,C08339,Existing,37,P0059,153
202512,C08340,Existing,46,P0031,85
202512,C08341,Existing,37,P0064,88
202512,C08342,Left,60,P0048,109
202512,C08343,Existing,44,P0023,143
202512,C08344,Existing,40,P0198,109
202512,C08345,Existing,31,P0158,55
202512,C08346,Left,26,P0055,101
202512,C08347,Existing,43,P0007,61
202512,C08348,Left,42,P0112,110
202512,C08349,Existing,42,P0106,165
202512,C08350,Existing,58,P0098,84
202512,C08351,Left,30,P0012,104
202512,C08352,Existing,50,P0060,165
202512,C08353,Existing,29,P0052,89
202512,C08354,Existing,23,P0155,83
202512,C08355,Existing,33,P0140,10
202512,C08356,Left,50,P0141,48
202512,C08357,Existing,46,P0072,167
202512,C08358,Existing,44,P0190,61
202512,C08359,Left,50,P0125,151
202512,C08360,Existing,47,P0157,61
202512,C08361,Existing,55,P0163,74
202512,C08362,Existing,47,P0060,159
202512,C08363,Existing,41,P0157,59
202512,C08364,Existing,21,P0031,14
202512,C08365,Left,22,P0077,72
202512,C08366,Existing,36,P0076,68
202512,C08367,Existing,37,P0061,138
202512,C08368,Existing,61,P0002,94
202512,C08369,Existing,42,P0161,71
202512,C08371,Left,37,P0190,67
202512,C08372,Left,50,P0121,111
202512,C08373,Existing,45,P0059,81
202512,C08374,Left,63,P0040,108
202512,C08375,Existing,60,P0177,79
202512,C08376,Existing,47,P0032,111
202512,C08377,Existing,35,P0038,81
202512,C08378,Existing,25,P0092,17
202512,C08379,Existing,24,P0088,39
202512,C08380,Left,28,P0141,93
202512,C08381,Left,38,P0085,90
202512,C08382,Existing,42,P0182,130
202512,C08383,Existing,55,P0076,68
202512,C08384,Left,33,P0128,25
202512,C08385,Existing,63,P0013,46
202512,C08386,Existing,38,P0039,12
202512,C08387,Existing,50,P0023,92
202512,C08388,Left,40,P0110,148
202512,C08389,Existing,62,P0107,100
202512,C08390,Existing,28,P0092,28
202512,C08391,Existing,45,P0142,79
202512,C08392,Existing,48,P0145,160
202512,C08393,Existing,42,P0024,135
202512,C08394,Existing,53,P0186,68
202512,C08395,Left,44,P0191,87
202512,C08396,Existing,62,P0034,5
202512,C08397,Existing,55,P0179,9
202512,C08398,Existing,43,P0112,86
202512,C08399,Existing,61,P0138,103
202512,C08400,Existing,36,P0118,93
202512,C08401,Left,64,P0200,87
202512,C08402,Existing,43,P0149,67
202512,C08403,Existing,48,P0165,107
202512,C08404,Existing,36,P0007,125
202512,C08405,Left,55,P0090,95
202512,C08406,Existing,40,P0013,96
202512,C08407,Existing,48,P0080,131
202512,C08408,Existing,37,P0030,123
202512,C08409,Existing,39,P0159,98
202512,C08410,Existing,44,P0133,136
202512,C08411,Existing,24,P0160,12
202512,C08412,Left,37,P0016,120
202512,C08413,Existing,49,P0150,168
202512,C08414,Existing,21,P0192,29
202512,C08415,Existing,46,P0172,159
202512,C08416,Existing,38,P0040,10
202512,C08417,Left,47,P0037,164
202512,C08418,Existing,36,P0078,153
202512,C08420,Existing,44,P0043,84
202512,C08421,Existing,49,P0063,8
202512,C08422,Existing,37,P0015,127
202512,C08423,Left,42,P0172,165
202512,C08424,Existing,35,P0137,19
202512,C08425,Existing,36,P0065,152
202512,C08426,Existing,64,P0044,63
202512,C08427,Existing,38,P0020,162
202512,C08428,Left,61,P0119,78
202512,C08429,Existing,54,P0198,27
202512,C08430,Existing,49,P0112,76
202512,C08431,Left,46,P0123,114
202512,C08432,Left,48,P0161,116
202512,C08433,Existing,48,P0080,90
202512,C08434,Existing,39,P0100,154
202512,C08435,Existing,35,P0006,161
202512,C08436,Existing,37,P0083,122
202512,C08437,Existing,52,P0031,78
202512,C08438,Existing,42,P0066,59
202512,C08439,Left,30,P0018,28
202512,C08440,Existing,64,P0028,104
202512,C08441,Existing,48,P0068,25
202512,C08442,Existing,41,P0193,73
202512,C08443,Left,46,P0114,114
202512,C08444,Existing,22,P0173,50
202512,C08445,Existing,41,P0058,131
202512,C08446,Existing,44,P0175,66
202512,C08447,Existing,60,P0194,51
202512,C08448,Existing,42,P0180,157
202512,C08449,Existing,62,P0164,84
202512,C08450,Existing,49,P0129,107
202512,C08451,Existing,25,P0039,3
202512,C08452,Existing,44,P0106,126
202512,C08453,Existing,46,P0001,67
202512,C08454,Existing,26,P0075,61
202512,C08455,Existing,52,P0088,36
202512,C08456,Existing,46,P0142,139
202512,C08457,Existing,47,P0199,107
202512,C08458,Existing,41,P0151,6
202512,C08459,Existing,64,P0171,58
202512,C08460,Existing,38,P0150,71
202512,C08461,Existing,42,P0060,71
202512,C08462,Left,59,P0155,93
202512,C08463,Existing,49,P0184,100
202512,C08464,Existing,40,P0130,86
202512,C08465,Existing,49,P0167,106
202512,C08466,Existing,60,P0179,103
202512,C08467,Existing,41,P0110,100
202512,C08468,Left,31,P0019,71
202512,C08469,Existing,40,P0062,115
202512,C08470,Existing,27,P0071,94
202512,C08471,Left,36,P0195,121
202512,C08472,Existing,42,P0191,101
202512,C08473,Existing,45,P0111,111
202512,C08474,Existing,38,P0133,115
202512,C08475,Existing,50,P0072,94
202512,C08476,Existing,46,P0078,173
202512,C08477,Left,51,P0189,93
202512,C08478,Existing,45,P0100,126
202512,C08479,Left,22,P0071,57
202512,C08480,Existing,48,P0007,178
202512,C08481,Existing,43,P0050,100
202512,C08482,Left,64,P0046,76
202512,C08483,Existing,44,P0072,145
202512,C08484,Existing,48,P0076,103
202512,C08485,Existing,58,P0074,58
202512,C08486,Existing,48,P0142,77
202512,C08487,Existing,40,P0073,81
202512,C08488,Left,60,P0102,110
202512,C08489,Left,40,P0094,8
202512,C08490,Existing,47,P0069,177
202512,C08491,Existing,36,P0065,165
202512,C08492,Existing,20,P0193,22
202512,C08493,Existing,42,P0185,88
202512,C08494,Existing,48,P0062,121
202512,C08495,Left,35,P0020,139
202512,C08496,Existing,41,P0154,83
202512,C08497,Existing,24,P0044,25
202512,C08498,Existing,36,P0195,87
202512,C08499,Existing,38,P0198,87
202512,C08500,Existing,40,P0062,155
202512,C08501,Left,27,P0107,37
202512,C08502,Existing,47,P0125,161
202512,C08503,Existing,47,P0045,98
202512,C08504,Existing,38,P0011,104
202512,C08505,Existing,41,P0200,91
202512,C08506,Left,20,P0162,30
202512,C08507,Existing,32,P0088,94
202512,C08508,Left,39,P0046,61
202512,C08509,Existing,40,P0112,102
202512,C08510,Existing,56,P0081,37
202512,C08511,Existing,50,P0032,143
202512,C08512,Existing,64,P0098,17
202512,C08513,Existing,47,P0005,75
202512,C08514,Existing,44,P0191,111
202512,C08515,Left,42,P0029,116
202512,C08516,Existing,32,P0048,25
202512,C08517,Left,38,P0016,147
202512,C08518,Existing,41,P0153,157
202512,C08519,Existing,38,P0072,87
202512,C08520,Left,39,P0029,48
202512,C08521,Existing,42,P0180,166
202512,C08522,Existing,32,P0046,104
202512,C08523,Existing,43,P0153,99
202512,C08524,Existing,44,P0023,156
202512,C08525,Existing,56,P0162,25
202512,C08526,Existing,40,P0195,75
202512,C08527,Left,35,P0094,103
202512,C08528,Existing,27,P0114,117
202512,C08529,Existing,22,P0034,24
202512,C08530,Existing,33,P0160,22
202512,C08531,Left,50,P0117,85
202512,C08532,Existing,24,P0029,19
202512,C08533,Existing,40,P0009,2
202512,C08534,Existing,49,P0194,98
202512,C08535,Existing,47,P0185,135
202512,C08536,Existing,36,P0039,80
202512,C08537,Existing,28,P0135,3
202512,C08538,Existing,48,P0110,62
202512,C08539,Existing,39,P0069,110
202512,C08540,Existing,47,P0136,128
202512,C08541,Left,38,P0096,34
202512,C08542,Left,47,P0119,75
202512,C08543,Existing,42,P0118,61
202512,C08544,Existing,58,P0018,27
202512,C08545,Existing,58,P0102,1
202512,C08546,Existing,43,P0110,92
202512,C08547,Existing,51,P0082,77
202512,C08548,Existing,36,P0177,42
202512,C08549,Left,31,P0105,90
202512,C08550,Existing,50,P0016,110
202512,C08551,Existing,21,P0021,33
202512,C08552,Left,56,P0138,27
202512,C08553,Existing,39,P0106,125
202512,C08554,Existing,37,P0132,127
202512,C08555,Left,41,P0044,76
202512,C08556,Existing,43,P0123,167
202512,C08557,Existing,50,P0136,139
202512,C08558,Existing,43,P0111,89
202512,C08559,Existing,46,P0117,15
202512,C08560,Existing,41,P0126,76
202512,C08561,Existing,50,P0183,36
202512,C08562,Existing,38,P0019,87
202512,C08563,Existing,48,P0064,69
202512,C08564,Left,46,P0040,107
202512,C08565,Existing,30,P0051,8
202512,C08566,Left,35,P0137,68
202512,C08567,Existing,36,P0158,107
202512,C08568,Existing,45,P0056,99
202512,C08569,Existing,64,P0081,113
202512,C08570,Left,39,P0172,79
202512,C08571,Existing,31,P0187,8
202512,C08572,Existing,61,P0143,63
202512,C08573,Existing,48,P0196,120
202512,C08574,Existing,39,P0070,28
202512,C08575,Existing,27,P0128,7
202512,C08576,Existing,28,P0126,108
202512,C08577,Existing,45,P0061,165
202512,C08578,Existing,44,P0080,124
202512,C08579,Existing,62,P0121,29
202512,C08580,Existing,45,P0101,148
202512,C08581,Existing,60,P0151,1
202512,C08582,Existing,50,P0077,38
202512,C08583,Left,20,P0175,88
202512,C08584,Left,47,P0145,104
202512,C08585,Existing,36,P0185,68
202512,C08586,Existing,39,P0126,4
202512,C08587,Existing,38,P0182,64
202512,C08588,Existing,46,P0180,99
202512,C08589,Existing,45,P0022,124
202512,C08590,Existing,43,P0083,90
202512,C08591,Existing,40,P0167,129
202512,C08592,Existing,51,P0141,42
202512,C08593,Existing,44,P0078,62
202512,C08594,Existing,50,P0095,111
202512,C08595,Existing,50,P0109,141
202512,C08596,Existing,36,P0194,106
202512,C08598,Existing,27,P0052,1
202512,C08599,Existing,37,P0103,140
202512,C08600,Existing,41,P0101,171
202512,C08601,Left,50,P0142,112
202512,C08602,Left,64,P0063,115
202512,C08603,Left,21,P0199,64
202512,C08604,Existing,54,P0028,95
202512,C08605,Existing,38,P0046,26
202512,C08606,Existing,23,P0028,112
202512,C08607,Left,50,P0002,58
202512,C08608,Existing,62,P0127,103
202512,C08609,Existing,38,P0017,99
202512,C08610,Existing,43,P0059,164
202512,C08611,Existing,37,P0180,112
202512,C08612,Existing,38,P0132,73
202512,C08613,Left,27,P0077,97
202512,C08614,Left,47,P0131,67
202512,C08615,Left,38,P0115,70
202512,C08616,Existing,35,P0165,119
202512,C08617,Existing,31,P0097,75
202512,C08618,Left,48,P0105,67
202512,C08619,Existing,39,P0024,105
202512,C08620,Existing,23,P0200,57
202512,C08621,Left,31,P0035,31
202512,C08622,Left,21,P0002,113
202512,C08623,Left,43,P0033,64
202512,C08624,Existing,29,P0076,21
202512,C08625,Existing,37,P0086,141
202512,C08626,Existing,55,P0138,103
202512,C08627,Existing,36,P0081,104
202512,C08628,Existing,44,P0062,101
202512,C08629,Existing,37,P0043,151
202512,C08630,Existing,40,P0197,90
202512,C08631,Existing,35,P0121,95
202512,C08632,Existing,50,P0059,64
202512,C08633,Existing,60,P0009,37
202512,C08634,Existing,62,P0077,93
202512,C08635,Existing,24,P0188,11
202512,C08636,Existing,47,P0063,22
202512,C08637,Existing,25,P0052,26
202512,C08638,Existing,48,P0023,94
202512,C08639,Existing,41,P0030,159
202512,C08640,Existing,21,P0171,13
202512,C08641,Existing,35,P0196,145
202512,C08642,Existing,63,P0021,71
202512,C08643,Existing,44,P0043,97
202512,C08644,Existing,44,P0135,91
202512,C08645,Existing,45,P0016,93
202512,C08646,Existing,44,P0023,165
202512,C08647,Existing,42,P0186,93
202512,C08648,Existing,39,P0087,10
202512,C08649,Left,42,P0031,85
202512,C08650,Existing,54,P0121,59
202512,C08651,Existing,40,P0069,133
202512,C08652,Existing,38,P0134,107
202512,C08653,Existing,36,P0115,79
202512,C08654,Left,43,P0193,104
202512,C08655,Existing,47,P0059,173
202512,C08656,Existing,36,P0156,171
202512,C08657,Existing,39,P0146,129
202512,C08658,Existing,61,P0077,39
202512,C08659,Existing,59,P0138,59
202512,C08660,Existing,44,P0007,70
202512,C08661,Existing,38,P0037,64
202512,C08662,Existing,29,P0173,117
202512,C08663,Existing,37,P0086,95
202512,C08664,Existing,50,P0016,66
202512,C08665,Left,63,P0116,26
202512,C08666,Existing,46,P0118,103
202512,C08667,Existing,38,P0014,167
202512,C08668,Existing,42,P0139,154
202512,C08669,Existing,22,P0087,80
202512,C08670,Existing,47,P0162,49
202512,C08671,Left,26,P0188,8
202512,C08672,Existing,56,P0104,55
202512,C08673,Existing,37,P0141,112
202512,C08674,Existing,36,P0167,108
202512,C08675,Left,27,P0044,34
202512,C08676,Left,60,P0028,12
202512,C08677,Existing,48,P0168,122
202512,C08678,Existing,42,P0016,165
202512,C08679,Existing,49,P0050,115
202512,C08680,Left,40,P0115,26
202512,C08681,Existing,48,P0156,135
202512,C08682,Left,63,P0068,57
202512,C08683,Left,58,P0092,118
202512,C08684,Existing,20,P0121,103
202512,C08685,Left,41,P0188,10
202512,C08686,Existing,27,P0140,9
202512,C08687,Existing,42,P0016,156
202512,C08688,Existing,49,P0053,9
202512,C08689,Existing,50,P0182,105
202512,C08690,Existing,22,P0049,34
202512,C08691,Existing,20,P0164,18
202512,C08692,Existing,41,P0062,89
202512,C08693,Existing,47,P0084,72
202512,C08694,Existing,57,P0154,101
202512,C08695,Existing,62,P0056,69
202512,C08696,Existing,64,P0120,56
202512,C08697,Existing,63,P0090,28
202512,C08698,Existing,36,P0150,90
202512,C08699,Existing,23,P0120,108
202512,C08700,Existing,46,P0073,115
202512,C08701,Existing,38,P0069,168
202512,C08702,Existing,49,P0177,3
202512,C08703,Existing,25,P0098,119
202512,C08704,Existing,25,P0002,80
202512,C08705,Left,31,P0053,86
202512,C08706,Existing,54,P0119,112
202512,C08707,Existing,41,P0007,161
202512,C08708,Left,21,P0148,113
202512,C08709,Existing,23,P0158,92
202512,C08710,Left,60,P0075,56
202512,C08711,Existing,50,P0095,22
202512,C08712,Existing,50,P0195,63
202512,C08713,Existing,64,P0187,89
202512,C08714,Left,62,P0194,117
202512,C08715,Existing,50,P0003,116
202512,C08716,Left,49,P0184,18
202512,C08717,Existing,42,P0079,173
202512,C08718,Existing,48,P0017,78
202512,C08719,Existing,40,P0112,89
202512,C08720,Left,45,P0052,100
202512,C08721,Existing,45,P0007,162
202512,C08722,Existing,38,P0112,61
202512,C08723,Existing,38,P0133,71
202512,C08724,Existing,37,P0054,104
202512,C08725,Existing,39,P0061,179
202512,C08726,Existing,38,P0109,111
202512,C08727,Existing,45,P0016,133
202512,C08728,Left,38,P0195,179
202512,C08729,Existing,47,P0187,76
202512,C08730,Existing,36,P0047,160
202512,C08731,Left,26,P0048,43
202512,C08732,Existing,62,P0121,32
202512,C08733,Existing,41,P0064,143
202512,C08734,Left,44,P0050,159
202512,C08735,Existing,35,P0041,117
202512,C08736,Left,45,P0200,34
202512,C08737,Existing,39,P0022,115
202512,C08738,Existing,53,P0115,50
202512,C08739,Left,46,P0182,105
202512,C08740,Left,36,P0005,177
202512,C08741,Existing,36,P0145,154
202512,C08742,Existing,36,P0101,169
202512,C08743,Existing,47,P0078,118
202512,C08744,Left,44,P0041,79
202512,C08745,Existing,29,P0092,26
202512,C08746,Existing,32,P0163,118
202512,C08747,Existing,46,P0168,163
202512,C08748,Existing,36,P0022,171
202512,C08749,Existing,42,P0176,146
202512,C08750,Left,32,P0053,26
202512,C08751,Existing,21,P0093,103
202512,C08752,Existing,23,P0010,105
202512,C08753,Existing,37,P0146,146
202512,C08754,Left,29,P0049,28
202512,C08755,Existing,21,P0071,78
202512,C08756,Existing,59,P0158,23
202512,C08757,Existing,26,P0019,45
202512,C08758,Left,56,P0055,8
202512,C08759,Left,42,P0188,105
202512,C08760,Existing,46,P0200,99
202512,C08761,Existing,27,P0021,11
202512,C08762,Existing,47,P0026,34
202512,C08763,Left,47,P0028,49
202512,C08764,Existing,39,P0167,62
202512,C08765,Existing,40,P0161,148
202512,C08766,Left,36,P0040,25
202512,C08767,Existing,39,P0029,73
202512,C08768,Existing,46,P0020,173
202512,C08769,Existing,39,P0020,179
202512,C08770,Left,51,P0074,12
202512,C08771,Existing,30,P0140,101
202512,C08772,Existing,57,P0120,109
202512,C08773,Left,54,P0097,50
202512,C08774,Existing,46,P0120,116
202512,C08775,Left,60,P0025,36
202512,C08776,Existing,47,P0153,89
202512,C08777,Existing,30,P0004,90
202512,C08778,Left,25,P0004,7
202512,C08779,Existing,41,P0137,48
202512,C08780,Existing,61,P0143,61
202512,C08781,Existing,22,P0026,30
202512,C08782,Existing,37,P0079,61
202512,C08783,Existing,38,P0090,63
202512,C08784,Existing,39,P0071,57
202512,C08785,Existing,50,P0160,114
202512,C08786,Existing,50,P0076,37
202512,C08787,Existing,38,P0099,117
202512,C08788,Existing,38,P0180,114
202512,C08789,Existing,40,P0127,43
202512,C08790,Existing,44,P0032,71
202512,C08791,Left,21,P0009,47
202512,C08792,Left,38,P0078,75
202512,C08793,Left,37,P0013,29
202512,C08794,Left,62,P0184,14
202512,C08795,Existing,37,P0124,68
202512,C08796,Existing,48,P0172,162
202512,C08797,Left,37,P0096,11
202512,C08798,Existing,43,P0083,102
202512,C08799,Existing,39,P0158,13
202512,C08800,Existing,39,P0144,128
202512,C08801,Left,63,P0140,116
202512,C08802,Existing,23,P0194,40
202512,C08803,Existing,20,P0018,119
202512,C08804,Left,32,P0141,50
202512,C08805,Existing,61,P0093,109
202512,C08806,Left,47,P0024,157
202512,C08807,Existing,36,P0102,90
202512,C08808,Existing,31,P0140,80
202512,C08809,Existing,38,P0060,113
202512,C08810,Left,41,P0060,170
202512,C08811,Existing,45,P0100,67
202512,C08812,Existing,46,P0001,101
202512,C08813,Left,46,P0043,177
202512,C08814,Left,64,P0055,53
202512,C08815,Existing,35,P0168,177
202512,C08816,Existing,56,P0192,75
202512,C08817,Existing,34,P0034,105
202512,C08818,Existing,42,P0034,102
202512,C08819,Existing,50,P0176,135
202512,C08820,Existing,50,P0161,178
202512,C08821,Existing,37,P0196,99
202512,C08822,Left,36,P0158,115
202512,C08823,Existing,48,P0110,84
202512,C08824,Existing,49,P0084,98
202512,C08825,Left,56,P0090,83
202512,C08826,Left,46,P0079,162
202512,C08827,Existing,34,P0071,92
202512,C08828,Existing,35,P0071,23
202512,C08829,Existing,34,P0114,101
202512,C08830,Existing,54,P0029,95
202512,C08831,Existing,51,P0151,33
202512,C08832,Existing,63,P0162,2
202512,C08833,Existing,24,P0143,18
202512,C08834,Left,21,P0097,49
202512,C08835,Left,54,P0053,78
202512,C08836,Existing,44,P0145,156
202512,C08837,Left,41,P0064,168
202512,C08838,Left,38,P0061,91
202512,C08839,Existing,42,P0185,175
202512,C08840,Existing,32,P0108,4
202512,C08841,Existing,49,P0037,179
202512,C08842,Existing,39,P0135,1
202512,C08843,Existing,48,P0008,61
202512,C08844,Existing,38,P0078,153
202512,C08845,Left,24,P0068,45
202512,C08846,Left,23,P0021,4
202512,C08847,Existing,52,P0189,9
202512,C08848,Existing,60,P0094,85
202512,C08849,Left,41,P0075,33
202512,C08850,Existing,24,P0157,85
202512,C08851,Existing,35,P0153,110
202512,C08852,Existing,55,P0186,108
202512,C08853,Existing,41,P0142,106
202512,C08854,Existing,44,P0078,96
202512,C08855,Existing,21,P0066,76
202512,C08856,Left,50,P0182,146
202512,C08857,Existing,43,P0195,158
202512,C08858,Existing,57,P0158,109
202512,C08859,Left,38,P0146,175
202512,C08860,Existing,37,P0054,53
202512,C08861,Existing,41,P0100,135
202512,C08862,Existing,31,P0021,90
202512,C08863,Existing,27,P0053,107
202512,C08864,Existing,44,P0083,67
202512,C08865,Existing,38,P0144,71
202512,C08866,Existing,38,P0156,109
202512,C08867,Existing,43,P0004,80
202512,C08868,Existing,29,P0055,19
202512,C08869,Existing,38,P0015,137
202512,C08870,Existing,49,P0064,175
202512,C08871,Existing,37,P0193,98
202512,C08872,Existing,49,P0112,165
202512,C08873,Existing,44,P0144,133
202512,C08874,Existing,37,P0118,144
202512,C08875,Left,44,P0020,130
202512,C08876,Existing,46,P0064,162
202512,C08877,Existing,45,P0033,72
202512,C08878,Existing,47,P0081,83
202512,C08879,Existing,45,P0197,13
202512,C08880,Left,45,P0126,70
202512,C08881,Existing,40,P0069,82
202512,C08882,Existing,40,P0186,19
202512,C08883,Existing,49,P0167,175
202512,C08884,Left,54,P0164,49
202512,C08885,Existing,48,P0094,70
202512,C08886,Existing,50,P0068,96
202512,C08887,Left,39,P0087,22
202512,C08888,Existing,64,P0021,19
202512,C08889,Existing,34,P0063,55
202512,C08890,Existing,37,P0085,110
202512,C08891,Existing,44,P0134,151
202512,C08892,Existing,48,P0024,163
202512,C08893,Existing,37,P0111,157
202512,C08894,Existing,41,P0181,131
202512,C08895,Existing,58,P0095,41
202512,C08896,Existing,42,P0083,89
202512,C08897,Existing,34,P0102,117
202512,C08898,Existing,47,P0078,128
202512,C08899,Existing,48,P0178,172
202512,C08900,Existing,44,P0124,103
202512,C08901,Left,39,P0140,92
202512,C08902,Left,64,P0184,85
202512,C08903,Existing,29,P0120,115
202512,C08904,Existing,44,P0015,160
202512,C08905,Existing,35,P0083,126
202512,C08906,Existing,50,P0168,86
202512,C08907,Existing,44,P0169,75
202512,C08908,Existing,59,P0197,20
202512,C08909,Existing,30,P0197,93
202512,C08910,Existing,37,P0006,80
202512,C08911,Existing,48,P0067,162
202512,C08912,Existing,43,P0161,109
202512,C08913,Existing,64,P0171,29
202512,C08914,Left,38,P0122,15
202512,C08915,Existing,42,P0149,163
202512,C08916,Existing,37,P0084,176
202512,C08917,Existing,20,P0193,35
202512,C08918,Existing,36,P0111,73
202512,C08919,Existing,41,P0145,158
202512,C08920,Existing,40,P0136,139
202512,C08921,Existing,36,P0064,88
202512,C08922,Existing,21,P0126,108
202512,C08923,Existing,55,P0028,96
202512,C08924,Left,56,P0098,106
202512,C08925,Left,24,P0141,70
202512,C08926,Existing,38,P0013,107
202512,C08927,Existing,26,P0166,81
202512,C08928,Existing,39,P0153,111
202512,C08929,Existing,45,P0190,104
202512,C08930,Existing,47,P0151,111
202512,C08931,Existing,38,P0086,80
202512,C08932,Existing,47,P0021,67
202512,C08933,Existing,45,P0182,174
202512,C08934,Existing,64,P0063,18
202512,C08935,Existing,34,P0158,24
202512,C08936,Existing,36,P0196,149
202512,C08937,Existing,40,P0111,75
202512,C08938,Existing,35,P0076,5
202512,C08939,Existing,44,P0073,147
202512,C08940,Existing,51,P0160,53
202512,C08941,Left,47,P0152,87
202512,C08942,Existing,50,P0007,166
202512,C08943,Existing,38,P0072,116
202512,C08944,Existing,48,P0129,117
202512,C08945,Existing,32,P0131,39
202512,C08946,Existing,57,P0104,72
202512,C08947,Left,37,P0028,119
202512,C08948,Existing,50,P0043,156
202512,C08949,Left,43,P0097,45
202512,C08950,Existing,64,P0046,41
202512,C08951,Existing,50,P0001,82
202512,C08952,Left,60,P0166,18
202512,C08953,Existing,56,P0102,75
202512,C08954,Existing,40,P0035,32
202512,C08955,Existing,55,P0054,40
202512,C08956,Existing,40,P0024,97
202512,C08957,Existing,48,P0156,122
202512,C08958,Existing,40,P0022,161
202512,C08959,Existing,44,P0016,132
202512,C08960,Left,23,P0013,26
202512,C08961,Existing,45,P0100,151
202512,C08962,Left,42,P0100,110
202512,C08963,Existing,41,P0062,77
202512,C08964,Left,63,P0171,110
202512,C08965,Left,49,P0087,73
202512,C08966,Existing,40,P0078,76
202512,C08967,Existing,32,P0160,42
202512,C08968,Existing,40,P0067,139
202512,C08969,Existing,42,P0091,79
202512,C08970,Existing,42,P0185,110
202512,C08971,Existing,20,P0193,115
202512,C08972,Existing,37,P0197,80
202512,C08973,Existing,48,P0177,35
202512,C08974,Existing,43,P0033,83
202512,C08975,Left,61,P0115,107
202512,C08976,Existing,38,P0019,28
202512,C08977,Existing,45,P0164,11
202512,C08978,Existing,39,P0198,76
202512,C08979,Existing,36,P0124,124
202512,C08980,Existing,59,P0143,91
202512,C08981,Existing,55,P0120,54
202512,C08982,Left,21,P0097,43
202512,C08983,Existing,39,P0024,117
202512,C08984,Existing,37,P0027,131
202512,C08985,Existing,22,P0177,65
202512,C08986,Left,64,P0075,63
202512,C08987,Existing,44,P0023,97
202512,C08988,Existing,37,P0161,166
202512,C08989,Existing,46,P0041,173
202512,C08990,Existing,55,P0056,105
202512,C08991,Existing,31,P0157,20
202512,C08992,Left,42,P0159,176
202512,C08993,Existing,30,P0193,85
202512,C08994,Existing,25,P0098,83
202512,C08995,Existing,41,P0146,167
202512,C08996,Existing,38,P0006,143
202512,C08997,Existing,44,P0180,83
202512,C08998,Existing,48,P0040,119
202512,C08999,Left,64,P0193,6
202512,C09000,Existing,33,P0042,57
202512,C09001,Existing,37,P0196,161
202512,C09002,Existing,48,P0032,155
202512,C09003,Left,63,P0010,53
202512,C09004,Existing,46,P0069,82
202512,C09005,Existing,63,P0009,55
202512,C09006,Existing,47,P0069,118
202512,C09007,Existing,53,P0189,5
202512,C09008,Existing,46,P0139,73
202512,C09009,Existing,45,P0099,61
202512,C09010,Existing,43,P0196,73
202512,C09011,Existing,45,P0074,8
202512,C09012,Existing,42,P0103,87
202512,C09013,Existing,47,P0123,97
202512,C09014,Existing,63,P0102,24
202512,C09015,Existing,37,P0008,49
202512,C09016,Existing,22,P0177,77
202512,C09017,Existing,48,P0152,60
202512,C09018,Existing,38,P0161,177
202512,C09019,Left,62,P0019,40
202512,C09020,Left,20,P0002,56
202512,C09021,Existing,26,P0055,103
202512,C09022,Existing,40,P0139,115
202512,C09023,Existing,46,P0017,156
202512,C09024,Existing,57,P0170,119
202512,C09025,Existing,43,P0061,101
202512,C09026,Existing,56,P0131,118
202512,C09027,Existing,48,P0086,62
202512,C09028,Existing,22,P0035,63
202512,C09029,Existing,42,P0103,132
202512,C09030,Left,21,P0066,27
202512,C09031,Existing,48,P0001,122
202512,C09032,Left,20,P0135,22
202512,C09033,Existing,43,P0148,59
202512,C09034,Existing,42,P0171,78
202512,C09035,Existing,41,P0119,44
202512,C09036,Existing,41,P0134,149
202512,C09037,Existing,60,P0055,70
202512,C09038,Existing,36,P0100,138
202512,C09039,Existing,35,P0021,49
202512,C09040,Left,28,P0051,116
202512,C09041,Existing,44,P0174,89
202512,C09042,Existing,23,P0163,51
202512,C09043,Existing,40,P0100,168
202512,C09044,Left,61,P0008,36
202512,C09045,Left,25,P0068,108
202512,C09046,Left,34,P0107,93
202512,C09047,Existing,48,P0144,62
202512,C09048,Existing,48,P0067,137
202512,C09049,Existing,58,P0199,85
202512,C09050,Existing,30,P0192,114
202512,C09051,Left,49,P0002,108
202512,C09052,Existing,40,P0001,115
202512,C09053,Left,52,P0186,102
202512,C09054,Existing,37,P0001,137
202512,C09055,Existing,61,P0102,87
202512,C09056,Existing,33,P0115,47
202512,C09057,Existing,60,P0135,92
202512,C09058,Left,42,P0088,71
202512,C09059,Existing,56,P0197,73
202512,C09060,Existing,26,P0092,60
202512,C09061,Existing,41,P0018,118
202512,C09062,Existing,26,P0088,70
202512,C09063,Existing,41,P0160,35
202512,C09064,Left,52,P0173,85
202512,C09065,Existing,48,P0033,115
202512,C09066,Existing,36,P0073,179
202512,C09067,Existing,53,P0177,28
202512,C09068,Existing,50,P0161,146
202512,C09069,Existing,43,P0199,67
202512,C09070,Existing,41,P0196,133
202512,C09071,Existing,28,P0028,114
202512,C09072,Left,41,P0087,17
202512,C09073,Existing,57,P0053,83
202512,C09074,Existing,57,P0044,45
202512,C09075,Existing,47,P0080,93
202512,C09076,Existing,51,P0183,6
202512,C09077,Existing,27,P0138,38
202512,C09078,Existing,37,P0014,176
202512,C09079,Existing,38,P0103,87
202512,C09080,Existing,58,P0036,104
202512,C09081,Existing,38,P0034,33
202512,C09082,Left,64,P0088,1
202512,C09083,Existing,39,P0146,94
202512,C09084,Existing,36,P0016,157
202512,C09085,Existing,47,P0165,135
202512,C09086,Existing,39,P0041,142
202512,C09087,Existing,61,P0025,102
202512,C09088,Left,23,P0126,83
202512,C09089,Existing,59,P0008,1
202512,C09090,Existing,40,P0112,113
202512,C09091,Existing,20,P0094,15
202512,C09092,Existing,48,P0084,128
202512,C09093,Existing,40,P0146,100
202512,C09094,Existing,45,P0068,64
202512,C09096,Existing,58,P0198,40
202512,C09097,Existing,35,P0067,164
202512,C09098,Existing,40,P0146,111
202512,C09099,Existing,35,P0111,164
202512,C09100,Existing,53,P0018,35
202512,C09101,Existing,36,P0056,10
202512,C09102,Left,44,P0151,101
202512,C09103,Existing,48,P0035,65
202512,C09104,Existing,41,P0134,178
202512,C09105,Existing,46,P0118,91
202512,C09106,Existing,20,P0026,41
202512,C09107,Left,46,P0061,61
202512,C09108,Existing,44,P0088,100
202512,C09109,Left,46,P0015,173
202512,C09110,Existing,35,P0091,178
202512,C09111,Existing,39,P0032,114
202512,C09112,Existing,41,P0140,28
202512,C09113,Existing,44,P0133,146
202512,C09114,Existing,35,P0064,119
202512,C09115,Existing,27,P0199,116
202512,C09116,Existing,41,P0086,120
202512,C09117,Existing,49,P0155,92
202512,C09118,Existing,40,P0045,83
202512,C09119,Existing,44,P0035,52
202512,C09120,Existing,41,P0026,59
202512,C09121,Existing,36,P0023,159
202512,C09122,Existing,59,P0141,20
202512,C09123,Left,23,P0131,63
202512,C09124,Existing,37,P0029,92
202512,C09125,Left,62,P0194,72
202512,C09126,Existing,36,P0064,177
202512,C09127,Existing,42,P0156,139
202512,C09128,Left,53,P0164,94
202512,C09129,Left,44,P0113,86
202512,C09130,Existing,50,P0134,87
202512,C09131,Existing,36,P0139,63
202512,C09132,Left,36,P0166,36
202512,C09133,Existing,41,P0118,131
202512,C09134,Existing,33,P0162,55
202512,C09135,Existing,49,P0067,176
202512,C09136,Left,22,P0108,118
202512,C09137,Left,43,P0174,63
202512,C09138,Existing,45,P0086,110
202512,C09139,Existing,32,P0029,57
202512,C09140,Existing,50,P0060,137
202512,C09141,Existing,59,P0054,27
202512,C09142,Existing,29,P0093,118
202512,C09143,Existing,41,P0069,174
202512,C09144,Existing,37,P0117,13
202512,C09145,Existing,33,P0009,105
202512,C09146,Existing,39,P0126,118
202512,C09147,Existing,31,P0077,24
202512,C09148,Existing,41,P0010,62
202512,C09149,Left,26,P0102,15
202512,C09150,Existing,38,P0196,65
202512,C09151,Existing,36,P0058,90
202512,C09152,Left,50,P0113,89
202512,C09153,Left,40,P0180,61
202512,C09154,Left,51,P0162,63
202512,C09155,Existing,35,P0106,113
202512,C09156,Existing,41,P0035,97
202512,C09157,Existing,47,P0103,138
202512,C09158,Existing,36,P0103,179
202512,C09159,Existing,40,P0161,62
202512,C09160,Left,43,P0200,62
202512,C09161,Existing,25,P0160,105
202512,C09162,Existing,60,P0183,114
202512,C09163,Existing,64,P0097,44
202512,C09164,Existing,38,P0136,156
202512,C09165,Existing,49,P0174,98
202512,C09167,Existing,42,P0136,102
202512,C09168,Existing,38,P0106,137
202512,C09169,Existing,40,P0071,10
202512,C09170,Left,25,P0077,80
202512,C09171,Existing,47,P0054,100
202512,C09172,Existing,55,P0021,25
202512,C09173,Existing,49,P0111,97
202512,C09174,Left,23,P0075,1
202512,C09175,Existing,47,P0014,109
202512,C09176,Existing,23,P0002,43
202512,C09177,Existing,58,P0189,67
202512,C09178,Left,63,P0108,64
202512,C09179,Existing,50,P0145,121
202512,C09180,Existing,44,P0078,177
202512,C09181,Existing,37,P0048,4
202512,C09182,Existing,40,P0091,140
202512,C09183,Existing,44,P0136,62
202512,C09184,Left,36,P0184,118
202512,C09185,Existing,41,P0017,166
202512,C09186,Existing,35,P0197,101
202512,C09187,Existing,48,P0012,78
202512,C09188,Existing,60,P0166,57
202512,C09189,Existing,50,P0146,80
202512,C09190,Left,54,P0026,116
202512,C09191,Existing,39,P0037,149
202512,C09192,Existing,37,P0070,89
202512,C09193,Existing,38,P0169,67
202512,C09194,Existing,36,P0079,176
202512,C09195,Left,22,P0170,55
202512,C09196,Existing,37,P0090,91
202512,C09197,Existing,42,P0041,144
202512,C09198,Left,30,P0175,107
202512,C09199,Left,41,P0142,122
202512,C09200,Existing,36,P0129,158
202512,C09201,Existing,38,P0017,67
202512,C09202,Existing,50,P0183,119
202512,C09203,Left,41,P0053,26
202512,C09204,Existing,45,P0118,179
202512,C09205,Existing,39,P0109,71
202512,C09206,Left,41,P0159,106
202512,C09207,Existing,40,P0190,162
202512,C09208,Existing,40,P0136,117
202512,C09209,Left,22,P0158,63
202512,C09210,Existing,21,P0077,81
202512,C09211,Left,45,P0080,76
202512,C09212,Existing,48,P0194,6
202512,C09213,Existing,42,P0045,70
202512,C09214,Existing,29,P0018,101
202512,C09215,Existing,42,P0099,118
202512,C09216,Existing,22,P0173,61
202512,C09217,Existing,64,P0147,112
202512,C09218,Existing,22,P0068,38
202512,C09219,Existing,43,P0083,72
202512,C09220,Existing,42,P0050,164
202512,C09221,Left,35,P0025,43
202512,C09222,Existing,30,P0166,57
202512,C09223,Existing,34,P0121,53
202512,C09224,Existing,55,P0164,63
202512,C09225,Existing,20,P0068,92
202512,C09226,Existing,34,P0056,33
202512,C09227,Existing,45,P0039,61
202512,C09228,Existing,28,P0063,69
202512,C09229,Existing,25,P0128,111
202512,C09230,Existing,54,P0135,115
202512,C09231,Existing,64,P0122,87
202512,C09232,Existing,21,P0186,57
202512,C09233,Existing,47,P0059,166
202512,C09234,Existing,24,P0048,1
202512,C09235,Existing,50,P0133,169
202512,C09236,Existing,53,P0036,114
202512,C09237,Left,26,P0088,25
202512,C09238,Existing,50,P0025,111
202512,C09239,Left,53,P0173,118
202512,C09240,Left,30,P0019,93
202512,C09241,Existing,56,P0135,58
202512,C09242,Left,45,P0186,109
202512,C09243,Existing,64,P0066,32
202512,C09244,Existing,38,P0080,174
202512,C09245,Left,41,P0167,124
202512,C09246,Existing,47,P0125,126
202512,C09247,Existing,49,P0146,113
202512,C09248,Existing,49,P0103,95
202512,C09249,Existing,37,P0129,148
202512,C09250,Existing,50,P0191,76
202512,C09251,Left,41,P0131,41
202512,C09252,Existing,42,P0127,75
202512,C09253,Existing,42,P0021,5
202512,C09254,Existing,23,P0126,107
202512,C09255,Existing,36,P0124,117
202512,C09256,Left,51,P0158,26
202512,C09257,Existing,39,P0011,104
202512,C09258,Left,37,P0022,154
202512,C09259,Existing,39,P0111,166
202512,C09260,Existing,38,P0125,119
202512,C09261,Existing,40,P0057,134
202512,C09262,Existing,37,P0089,22
202512,C09263,Existing,36,P0131,36
202512,C09264,Existing,35,P0158,105
202512,C09265,Existing,62,P0128,109
202512,C09266,Existing,42,P0045,169
202512,C09267,Existing,35,P0036,111
202512,C09268,Existing,58,P0087,72
202512,C09269,Left,47,P0118,136
202512,C09270,Existing,42,P0072,166
202512,C09271,Existing,21,P0192,59
202512,C09272,Left,42,P0182,80
202512,C09273,Existing,24,P0068,17
202512,C09274,Existing,48,P0178,109
202512,C09275,Existing,42,P0103,85
202512,C09276,Existing,46,P0159,73
202512,C09277,Existing,54,P0029,61
202512,C09278,Existing,47,P0187,110
202512,C09279,Existing,20,P0164,41
202512,C09280,Existing,29,P0105,50
202512,C09281,Existing,42,P0073,73
202512,C09282,Existing,30,P0119,63
202512,C09283,Existing,39,P0085,165
202512,C09284,Existing,41,P0195,140
202512,C09285,Existing,31,P0089,101
202512,C09286,Existing,55,P0089,7
202512,C09287,Existing,20,P0076,29
202512,C09288,Existing,35,P0139,104
202512,C09289,Existing,55,P0116,73
202512,C09290,Existing,41,P0139,152
202512,C09291,Existing,47,P0154,117
202512,C09292,Existing,26,P0053,75
202512,C09293,Existing,42,P0142,114
202512,C09294,Existing,49,P0064,174
202512,C09295,Existing,29,P0138,48
202512,C09296,Existing,20,P0031,2
202512,C09297,Existing,29,P0036,106
202512,C09298,Existing,50,P0010,96
202512,C09299,Existing,56,P0026,117
202512,C09300,Existing,42,P0020,163
202512,C09301,Existing,45,P0125,110
202512,C09302,Existing,30,P0044,99
202512,C09303,Existing,45,P0062,176
202512,C09304,Left,43,P0079,60
202512,C09305,Existing,63,P0009,76
202512,C09306,Existing,59,P0071,95
202512,C09307,Existing,47,P0090,85
202512,C09308,Existing,45,P0024,122
202512,C09309,Left,26,P0140,51
202512,C09310,Existing,44,P0060,131
202512,C09311,Existing,45,P0084,80
202512,C09312,Left,20,P0120,109
202512,C09313,Left,40,P0078,65
202512,C09314,Existing,39,P0016,121
202512,C09315,Existing,63,P0029,79
202512,C09316,Existing,60,P0160,72
202512,C09317,Existing,24,P0119,31
202512,C09318,Left,56,P0035,8
202512,C09319,Existing,39,P0043,139
202512,C09320,Existing,27,P0096,64
202512,C09321,Existing,22,P0119,63
202512,C09322,Existing,53,P0053,77
202512,C09323,Existing,49,P0020,90
202512,C09324,Left,52,P0115,94
202512,C09325,Left,41,P0008,30
202512,C09326,Existing,47,P0122,97
202512,C09327,Existing,28,P0042,8
202512,C09328,Existing,34,P0077,49
202512,C09329,Left,27,P0070,55
202512,C09330,Existing,44,P0111,62
202512,C09331,Existing,48,P0016,161
202512,C09332,Existing,43,P0069,63
202512,C09333,Existing,46,P0053,76
202512,C09334,Existing,43,P0173,31
202512,C09335,Left,49,P0179,64
202512,C09336,Existing,35,P0006,65
202512,C09337,Existing,36,P0123,119
202512,C09338,Left,35,P0033,70
202512,C09339,Existing,44,P0015,93
202512,C09340,Existing,45,P0014,179
202512,C09341,Existing,48,P0167,94
202512,C09342,Existing,41,P0063,16
202512,C09343,Existing,40,P0005,163
202512,C09344,Existing,45,P0121,26
202512,C09345,Existing,63,P0090,67
202512,C09346,Existing,56,P0107,119
202512,C09347,Existing,47,P0180,161
202512,C09348,Existing,36,P0016,70
202512,C09349,Existing,36,P0099,69
202512,C09350,Left,27,P0166,71
202512,C09351,Existing,60,P0053,91
202512,C09352,Left,27,P0077,93
202512,C09353,Left,56,P0093,91
202512,C09354,Existing,45,P0181,147
202512,C09355,Existing,44,P0174,177
202512,C09356,Existing,45,P0098,43
202512,C09357,Left,34,P0098,87
202512,C09358,Left,23,P0143,36
202512,C09359,Existing,49,P0059,163
202512,C09360,Existing,38,P0178,99
202512,C09361,Left,36,P0137,3
202512,C09362,Existing,20,P0026,43
202512,C09363,Existing,42,P0003,25
202512,C09364,Existing,38,P0100,122
202512,C09365,Existing,47,P0047,63
202512,C09366,Existing,41,P0005,80
202512,C09367,Existing,35,P0062,119
202512,C09368,Existing,37,P0084,77
202512,C09369,Existing,48,P0133,100
202512,C09370,Existing,64,P0138,24
202512,C09371,Existing,45,P0080,117
202512,C09372,Left,21,P0063,119
202512,C09373,Existing,26,P0025,9
202512,C09374,Existing,58,P0044,33
202512,C09375,Existing,39,P0153,120
202512,C09376,Left,36,P0158,60
202512,C09377,Existing,50,P0014,146
202512,C09378,Existing,39,P0086,67
202512,C09379,Existing,52,P0171,58
202512,C09380,Existing,45,P0156,141
202512,C09381,Existing,44,P0019,97
202512,C09382,Left,53,P0102,50
202512,C09383,Existing,60,P0170,23
202512,C09384,Existing,49,P0020,125
202512,C09385,Existing,46,P0079,137
202512,C09386,Left,43,P0139,94
202512,C09387,Left,43,P0182,107
202512,C09388,Existing,34,P0098,30
202512,C09389,Existing,26,P0121,105
202512,C09390,Existing,50,P0152,101
202512,C09391,Existing,51,P0198,97
202512,C09392,Existing,44,P0017,149
202512,C09393,Left,47,P0156,149
202512,C09394,Existing,47,P0050,63
202512,C09395,Existing,27,P0183,12
202512,C09396,Existing,43,P0010,81
202512,C09397,Existing,50,P0149,86
202512,C09398,Existing,41,P0058,117
202512,C09399,Existing,24,P0162,47
202512,C09400,Left,50,P0095,44
202512,C09401,Existing,54,P0107,14
202512,C09402,Existing,25,P0171,17
202512,C09403,Existing,37,P0139,111
202512,C09404,Existing,49,P0033,174
202512,C09405,Existing,61,P0186,16
202512,C09406,Existing,47,P0046,9
202512,C09407,Existing,27,P0189,25
202512,C09408,Existing,37,P0190,178
202512,C09409,Existing,41,P0129,103
202512,C09410,Existing,45,P0149,177
202512,C09411,Existing,43,P0062,176
202512,C09412,Existing,58,P0192,82
202512,C09413,Existing,53,P0087,42
202512,C09414,Existing,36,P0073,149
202512,C09415,Left,62,P0184,95
202512,C09416,Existing,37,P0001,96
202512,C09417,Existing,42,P0021,81
202512,C09418,Existing,35,P0022,74
202512,C09419,Existing,36,P0182,76
202512,C09420,Existing,51,P0004,30
202512,C09421,Existing,44,P0065,103
202512,C09422,Left,54,P0179,1
202512,C09423,Left,38,P0063,36
202512,C09424,Existing,46,P0143,110
202512,C09425,Left,54,P0036,83
202512,C09426,Existing,30,P0029,9
202512,C09427,Existing,38,P0180,160
202512,C09428,Left,35,P0174,146
202512,C09429,Existing,41,P0069,85
202512,C09430,Left,36,P0157,47
202512,C09431,Existing,41,P0111,159
202512,C09432,Existing,24,P0175,99
202512,C09433,Existing,38,P0153,130
202512,C09434,Existing,43,P0144,84
202512,C09435,Existing,40,P0100,73
202512,C09436,Existing,39,P0041,134
202512,C09437,Existing,61,P0193,65
202512,C09438,Existing,55,P0197,8
202512,C09439,Left,27,P0148,14
202512,C09440,Left,60,P0197,93
202512,C09441,Existing,20,P0164,119
202512,C09442,Existing,52,P0186,14
202512,C09443,Existing,47,P0048,29
202512,C09444,Existing,42,P0130,44
202512,C09445,Left,62,P0157,10
202512,C09446,Existing,46,P0144,176
202512,C09447,Left,40,P0163,30
202512,C09448,Existing,37,P0111,143
202512,C09449,Existing,39,P0062,81
202512,C09451,Existing,39,P0106,75
202512,C09452,Left,37,P0132,136
202512,C09453,Left,37,P0113,89
202512,C09454,Left,59,P0068,4
202512,C09455,Left,40,P0179,75
202512,C09456,Existing,53,P0089,30
202512,C09457,Existing,48,P0161,134
202512,C09458,Existing,37,P0078,179
202512,C09459,Existing,39,P0152,97
202512,C09460,Existing,45,P0075,39
202512,C09461,Left,63,P0025,42
202512,C09462,Existing,40,P0156,161
202512,C09463,Existing,38,P0007,85
202512,C09464,Left,31,P0113,119
202512,C09465,Existing,44,P0036,55
202512,C09466,Existing,61,P0010,103
202512,C09467,Existing,33,P0113,5
202512,C09468,Existing,30,P0036,29
202512,C09469,Existing,37,P0018,31
202512,C09470,Existing,43,P0134,94
202512,C09471,Left,49,P0135,4
202512,C09472,Existing,49,P0102,94
202512,C09473,Existing,62,P0140,110
202512,C09474,Existing,38,P0169,146
202512,C09475,Left,36,P0191,85
202512,C09476,Left,34,P0025,106
202512,C09477,Existing,42,P0181,106
202512,C09478,Existing,47,P0033,154
202512,C09479,Existing,45,P0087,107
202512,C09480,Existing,36,P0073,119
202512,C09481,Existing,35,P0006,163
202512,C09482,Existing,43,P0190,78
202512,C09483,Left,54,P0194,26
202512,C09484,Existing,53,P0137,51
202512,C09485,Existing,45,P0067,110
202512,C09486,Existing,50,P0144,164
202512,C09487,Existing,34,P0093,55
202512,C09488,Existing,40,P0108,18
202512,C09489,Existing,38,P0183,77
202512,C09490,Left,50,P0168,61
202512,C09491,Existing,45,P0026,54
202512,C09492,Existing,38,P0038,152
202512,C09493,Existing,61,P0163,44
202512,C09494,Left,47,P0196,65
202512,C09495,Left,44,P0187,85
202512,C09496,Existing,49,P0142,163
202512,C09497,Left,33,P0175,70
202512,C09498,Existing,40,P0103,128
202512,C09499,Existing,35,P0199,18
202512,C09501,Existing,54,P0042,7
202512,C09502,Existing,49,P0179,24
202512,C09503,Left,38,P0147,29
202512,C09504,Left,58,P0066,77
202512,C09505,Existing,37,P0175,51
202512,C09506,Left,54,P0193,52
202512,C09507,Left,32,P0042,22
202512,C09508,Left,38,P0038,163
202512,C09509,Left,45,P0141,46
202512,C09510,Existing,44,P0106,74
202512,C09511,Existing,42,P0172,157
202512,C09512,Existing,40,P0152,75
202512,C09513,Left,48,P0096,117
202512,C09514,Existing,31,P0158,101
202512,C09515,Left,37,P0070,54
202512,C09516,Existing,43,P0038,74
202512,C09517,Existing,27,P0097,46
202512,C09518,Left,27,P0108,106
202512,C09519,Existing,38,P0119,68
202512,C09520,Existing,57,P0151,21
202512,C09521,Existing,42,P0074,54
202512,C09522,Existing,49,P0057,75
202512,C09523,Existing,44,P0110,100
202512,C09524,Existing,42,P0079,79
202512,C09525,Existing,21,P0151,60
202512,C09526,Existing,53,P0036,91
202512,C09527,Existing,47,P0057,65
202512,C09528,Left,46,P0129,86
202512,C09529,Existing,54,P0200,91
202512,C09530,Existing,55,P0003,102
202512,C09531,Existing,37,P0014,116
202512,C09532,Left,22,P0034,38
202512,C09533,Existing,43,P0070,26
202512,C09534,Existing,46,P0069,132
202512,C09535,Existing,46,P0179,48
202512,C09536,Existing,47,P0104,32
202512,C09537,Existing,26,P0029,85
202512,C09538,Existing,39,P0048,8
202512,C09539,Existing,34,P0094,70
202512,C09540,Existing,39,P0079,167
202512,C09541,Existing,25,P0117,67
202512,C09542,Left,44,P0144,130
202512,C09543,Existing,35,P0185,76
202512,C09544,Existing,33,P0138,6
202512,C09545,Left,52,P0147,20
202512,C09546,Existing,36,P0067,60
202512,C09547,Left,27,P0164,22
202512,C09548,Existing,46,P0132,104
202512,C09549,Existing,42,P0075,84
202512,C09550,Existing,42,P0161,150
202512,C09551,Existing,35,P0028,60
202512,C09552,Left,48,P0121,26
202512,C09553,Existing,32,P0009,107
202512,C09554,Existing,38,P0134,126
202512,C09555,Existing,50,P0123,168
202512,C09556,Existing,50,P0049,24
202512,C09557,Existing,44,P0091,138
202512,C09558,Existing,35,P0125,145
202512,C09559,Existing,43,P0076,45
202512,C09560,Existing,36,P0150,70
202512,C09561,Existing,48,P0104,22
202512,C09562,Left,42,P0176,108
202512,C09563,Existing,47,P0149,82
202512,C09564,Existing,47,P0033,65
202512,C09565,Left,44,P0184,95
202512,C09566,Left,36,P0157,80
202512,C09567,Existing,21,P0053,4
202512,C09568,Left,55,P0040,101
202512,C09569,Existing,20,P0018,109
202512,C09570,Existing,22,P0175,116
202512,C09571,Left,61,P0013,3
202512,C09572,Left,34,P0155,56
202512,C09573,Existing,49,P0190,130
202512,C09574,Existing,22,P0074,23
202512,C09575,Existing,52,P0096,9
202512,C09576,Existing,54,P0105,117
202512,C09577,Existing,22,P0173,56
202512,C09578,Existing,32,P0131,13
202512,C09579,Existing,39,P0150,93
202512,C09580,Existing,47,P0155,56
202512,C09581,Left,33,P0183,82
202512,C09582,Existing,35,P0067,110
202512,C09583,Existing,47,P0033,131
202512,C09584,Existing,20,P0002,38
202512,C09585,Existing,49,P0075,28
202512,C09586,Existing,42,P0174,103
202512,C09587,Existing,32,P0074,104
202512,C09588,Existing,43,P0161,108
202512,C09589,Existing,55,P0186,93
202512,C09590,Left,46,P0135,24
202512,C09591,Existing,36,P0143,113
202512,C09592,Existing,37,P0026,105
202512,C09593,Existing,41,P0139,157
202512,C09594,Left,54,P0128,51
202512,C09595,Left,34,P0166,4
202512,C09596,Existing,50,P0027,152
202512,C09597,Left,56,P0135,23
202512,C09598,Existing,35,P0129,116
202512,C09599,Left,44,P0021,86
202512,C09600,Existing,36,P0079,77
202512,C09601,Existing,48,P0158,30
202512,C09602,Existing,41,P0094,42
202512,C09603,Existing,23,P0008,114
202512,C09604,Existing,36,P0083,73
202512,C09605,Left,24,P0003,8
202512,C09606,Left,48,P0055,55
202512,C09607,Existing,32,P0143,64
202512,C09608,Left,22,P0036,98
202512,C09609,Existing,50,P0006,170
202512,C09610,Left,58,P0121,52
202512,C09611,Existing,26,P0042,20
202512,C09612,Existing,40,P0050,154
202512,C09613,Left,49,P0112,138
202512,C09614,Existing,47,P0146,76
202512,C09615,Existing,39,P0050,78
202512,C09616,Existing,36,P0030,108
202512,C09617,Existing,47,P0039,15
202512,C09618,Existing,32,P0116,20
202512,C09619,Existing,37,P0140,41
202512,C09620,Existing,46,P0059,170
202512,C09621,Left,63,P0076,109
202512,C09622,Existing,36,P0172,175
202512,C09623,Existing,50,P0132,113
202512,C09624,Existing,63,P0164,106
202512,C09625,Left,46,P0048,111
202512,C09626,Existing,37,P0142,152
202512,C09627,Existing,41,P0081,35
202512,C09628,Existing,21,P0049,117
202512,C09629,Existing,50,P0067,158
202512,C09630,Existing,31,P0077,98
202512,C09631,Existing,39,P0137,51
202512,C09632,Left,22,P0021,70
202512,C09633,Existing,53,P0105,33
202512,C09634,Existing,44,P0072,127
202512,C09635,Existing,50,P0016,99
202512,C09636,Existing,47,P0144,101
202512,C09637,Existing,62,P0028,49
202512,C09638,Existing,33,P0179,119
202512,C09639,Existing,60,P0184,79
202512,C09640,Existing,39,P0080,148
202512,C09641,Existing,44,P0057,112
202512,C09642,Existing,43,P0110,145
202512,C09643,Left,47,P0052,10
202512,C09644,Existing,41,P0174,142
202512,C09645,Left,45,P0166,98
202512,C09646,Existing,38,P0084,165
202512,C09647,Existing,47,P0048,31
202512,C09648,Existing,27,P0127,96
202512,C09649,Existing,44,P0169,114
202512,C09650,Existing,39,P0098,105
202512,C09651,Existing,44,P0118,153
202512,C09652,Existing,37,P0187,72
202512,C09653,Existing,41,P0093,96
202512,C09654,Existing,48,P0067,179
202512,C09655,Existing,26,P0074,67
202512,C09656,Existing,49,P0084,166
202512,C09657,Existing,37,P0194,46
202512,C09658,Left,53,P0155,36
202512,C09659,Existing,57,P0160,37
202512,C09660,Existing,62,P0184,104
202512,C09661,Left,37,P0010,95
202512,C09662,Existing,42,P0168,153
202512,C09663,Existing,39,P0145,74
202512,C09664,Existing,52,P0186,2
202512,C09665,Left,50,P0118,92
202512,C09666,Left,45,P0097,112
202512,C09667,Existing,46,P0006,143
202512,C09668,Existing,38,P0167,63
202512,C09669,Existing,53,P0018,109
202512,C09670,Existing,38,P0072,98
202512,C09671,Left,61,P0089,12
202512,C09672,Existing,49,P0042,48
202512,C09673,Left,40,P0004,9
202512,C09674,Existing,50,P0020,128
202512,C09675,Existing,47,P0028,17
202512,C09676,Left,35,P0168,118
202512,C09677,Existing,45,P0193,108
202512,C09678,Existing,54,P0104,43
202512,C09679,Left,41,P0044,47
202512,C09680,Existing,41,P0023,85
202512,C09681,Existing,38,P0185,176
202512,C09682,Existing,39,P0047,67
202512,C09683,Existing,36,P0013,79
202512,C09684,Existing,46,P0144,126
202512,C09685,Left,50,P0183,85
202512,C09686,Existing,36,P0095,22
202512,C09687,Left,41,P0193,100
202512,C09688,Existing,49,P0016,67
202512,C09689,Left,57,P0119,24
202512,C09690,Existing,49,P0165,143
202512,C09691,Existing,40,P0180,90
202512,C09692,Existing,42,P0117,69
202512,C09693,Left,36,P0010,40
202512,C09694,Existing,26,P0122,64
202512,C09695,Existing,40,P0038,103
202512,C09696,Existing,40,P0044,4
202512,C09697,Existing,48,P0095,60
202512,C09698,Left,22,P0074,5
202512,C09699,Existing,42,P0182,96
202512,C09700,Existing,32,P0113,106
202512,C09701,Left,49,P0051,75
202512,C09702,Existing,50,P0052,80
202512,C09703,Existing,34,P0198,1
202512,C09704,Existing,58,P0092,55
202512,C09705,Existing,40,P0059,86
202512,C09706,Left,49,P0013,76
202512,C09707,Existing,36,P0169,105
202512,C09708,Existing,57,P0012,86
202512,C09709,Existing,37,P0050,175
202512,C09710,Existing,42,P0057,104
202512,C09711,Existing,47,P0178,88
202512,C09712,Left,38,P0119,81
202512,C09713,Existing,41,P0057,178
202512,C09714,Existing,36,P0182,142
202512,C09715,Existing,47,P0194,89
202512,C09716,Existing,62,P0008,2
202512,C09717,Left,43,P0106,161
202512,C09718,Existing,43,P0191,160
202512,C09719,Existing,36,P0137,48
202512,C09720,Left,49,P0188,2
202512,C09721,Left,53,P0120,45
202512,C09722,Existing,55,P0063,52
202512,C09723,Existing,46,P0072,115
202512,C09724,Existing,46,P0131,50
202512,C09725,Existing,44,P0013,12
202512,C09726,Left,28,P0137,65
202512,C09727,Existing,42,P0052,28
202512,C09728,Existing,50,P0062,113
202512,C09729,Existing,63,P0119,44
202512,C09730,Existing,47,P0109,112
202512,C09731,Existing,23,P0008,70
202512,C09732,Left,25,P0095,11
202512,C09733,Existing,48,P0125,121
202512,C09734,Existing,54,P0173,61
202512,C09735,Existing,46,P0053,16
202512,C09736,Left,30,P0063,72
202512,C09737,Left,25,P0095,48
202512,C09738,Left,25,P0081,102
202512,C09739,Existing,36,P0057,154
202512,C09740,Existing,43,P0182,138
202512,C09741,Left,47,P0147,109
202512,C09742,Existing,35,P0067,160
202512,C09743,Existing,50,P0046,99
202512,C09744,Existing,23,P0094,84
202512,C09745,Existing,29,P0138,37
202512,C09746,Existing,35,P0113,97
202512,C09747,Existing,37,P0093,97
202512,C09748,Existing,42,P0146,71
202512,C09749,Existing,27,P0140,78
202512,C09750,Left,55,P0049,118
202512,C09751,Existing,37,P0023,95
202512,C09752,Existing,47,P0062,137
202512,C09753,Existing,48,P0011,78
202512,C09755,Existing,42,P0118,84
202512,C09756,Existing,29,P0184,107
202512,C09757,Existing,36,P0088,60
202512,C09758,Existing,28,P0089,52
202512,C09759,Existing,37,P0055,49
202512,C09760,Existing,48,P0153,175
202512,C09761,Left,46,P0009,85
202512,C09762,Existing,22,P0012,16
202512,C09763,Existing,42,P0139,164
202512,C09764,Existing,64,P0113,56
202512,C09765,Existing,49,P0166,103
202512,C09766,Existing,48,P0156,140
202512,C09767,Left,50,P0008,81
202512,C09768,Existing,56,P0175,112
202512,C09769,Left,62,P0036,22
202512,C09770,Existing,35,P0125,78
202512,C09771,Existing,40,P0050,77
202512,C09772,Existing,20,P0107,84
202512,C09773,Left,31,P0009,11
202512,C09774,Existing,37,P0188,72
202512,C09775,Existing,41,P0200,56
202512,C09776,Existing,41,P0067,75
202512,C09777,Existing,23,P0053,14
202512,C09778,Existing,57,P0082,108
202512,C09779,Existing,47,P0110,95
202512,C09780,Existing,35,P0145,73
202512,C09781,Left,36,P0053,65
202512,C09782,Existing,48,P0156,113
202512,C09783,Existing,36,P0114,23
202512,C09784,Existing,31,P0063,13
202512,C09785,Existing,31,P0143,57
202512,C09786,Existing,58,P0019,83
202512,C09787,Existing,41,P0124,137
202512,C09788,Existing,35,P0086,107
202512,C09789,Existing,27,P0070,19
202512,C09790,Existing,42,P0047,67
202512,C09791,Left,39,P0199,93
202512,C09792,Existing,37,P0108,65
202512,C09793,Existing,46,P0176,94
202512,C09794,Existing,50,P0020,110
202512,C09795,Existing,40,P0037,68
202512,C09796,Left,27,P0130,96
202512,C09797,Existing,37,P0192,37
202512,C09798,Left,57,P0036,98
202512,C09799,Existing,47,P0133,83
202512,C09800,Left,37,P0064,154
202512,C09801,Existing,46,P0007,157
202512,C09802,Existing,22,P0198,8
202512,C09803,Left,21,P0120,53
202512,C09804,Existing,35,P0022,173
202512,C09805,Left,41,P0046,78
202512,C09806,Existing,49,P0168,74
202512,C09807,Existing,55,P0189,69
202512,C09808,Existing,48,P0110,143
202512,C09809,Existing,58,P0046,39
202512,C09810,Left,22,P0028,47
202512,C09811,Existing,39,P0087,9
202512,C09812,Existing,47,P0035,64
202512,C09813,Existing,47,P0129,161
202512,C09814,Existing,22,P0157,14
202512,C09815,Existing,23,P0009,47
202512,C09816,Existing,58,P0009,51
202512,C09817,Existing,45,P0022,136
202512,C09818,Existing,38,P0191,172
202512,C09819,Existing,29,P0194,7
202512,C09820,Existing,41,P0186,59
202512,C09821,Existing,61,P0070,23
202512,C09822,Left,41,P0183,104
202512,C09823,Existing,37,P0141,119
202512,C09824,Existing,49,P0147,13
202512,C09825,Existing,45,P0161,174
202512,C09826,Existing,46,P0065,151
202512,C09827,Existing,30,P0188,84
202512,C09828,Left,55,P0140,83
202512,C09829,Existing,49,P0043,168
202512,C09830,Existing,46,P0017,141
202512,C09831,Existing,33,P0068,101
202512,C09832,Existing,46,P0029,49
202512,C09833,Existing,56,P0183,63
202512,C09834,Existing,60,P0135,81
202512,C09835,Existing,22,P0044,92
202512,C09837,Left,41,P0188,100
202512,C09838,Left,42,P0134,144
202512,C09839,Existing,40,P0007,145
202512,C09840,Left,50,P0174,89
202512,C09841,Existing,47,P0185,69
202512,C09842,Existing,58,P0054,34
202512,C09843,Existing,28,P0046,60
202512,C09844,Existing,54,P0138,11
202512,C09845,Existing,46,P0004,20
202512,C09846,Existing,44,P0195,70
202512,C09847,Existing,41,P0153,163
202512,C09848,Existing,42,P0091,87
202512,C09849,Left,45,P0061,156
202512,C09850,Existing,42,P0166,70
202512,C09851,Existing,43,P0160,102
202512,C09852,Existing,29,P0151,86
202512,C09853,Existing,46,P0111,118
202512,C09854,Existing,35,P0037,167
202512,C09855,Existing,44,P0003,107
202512,C09856,Left,43,P0013,64
202512,C09857,Existing,62,P0162,110
202512,C09858,Existing,21,P0088,69
202512,C09859,Existing,29,P0193,106
202512,C09860,Existing,39,P0076,41
202512,C09861,Existing,40,P0008,66
202512,C09862,Existing,35,P0083,82
202512,C09863,Existing,23,P0009,41
202512,C09864,Existing,39,P0156,179
202512,C09865,Existing,50,P0078,95
202512,C09866,Existing,39,P0124,108
202512,C09867,Existing,35,P0146,149
202512,C09868,Existing,32,P0042,99
202512,C09869,Left,40,P0041,98
202512,C09870,Existing,21,P0198,75
202512,C09871,Existing,39,P0161,149
202512,C09872,Existing,36,P0089,67
202512,C09873,Existing,55,P0077,28
202512,C09874,Existing,44,P0054,57
202512,C09875,Existing,56,P0164,107
202512,C09876,Existing,21,P0097,54
202512,C09877,Existing,32,P0098,69
202512,C09878,Left,47,P0056,92
202512,C09879,Left,39,P0100,98
202512,C09880,Existing,47,P0145,125
202512,C09881,Existing,39,P0010,119
202512,C09882,Existing,34,P0044,47
202512,C09883,Existing,57,P0130,1
202512,C09884,Existing,50,P0142,64
202512,C09885,Existing,41,P0169,159
202512,C09886,Existing,34,P0130,84
202512,C09887,Left,51,P0019,12
202512,C09888,Existing,49,P0080,66
202512,C09889,Left,50,P0089,65
202512,C09890,Existing,47,P0001,93
202512,C09891,Left,52,P0130,33
202512,C09892,Existing,42,P0027,157
202512,C09893,Existing,48,P0002,78
202512,C09894,Existing,56,P0179,65
202512,C09895,Existing,29,P0138,94
202512,C09896,Existing,36,P0019,70
202512,C09897,Existing,55,P0141,97
202512,C09898,Existing,36,P0176,122
202512,C09899,Existing,35,P0114,66
202512,C09900,Existing,56,P0056,84
202512,C09901,Existing,44,P0200,83
202512,C09902,Existing,27,P0184,52
202512,C09903,Existing,47,P0178,132
202512,C09904,Left,59,P0095,52
202512,C09905,Existing,41,P0173,48
202512,C09906,Existing,48,P0187,13
202512,C09907,Existing,45,P0167,124
202512,C09908,Existing,50,P0149,133
202512,C09909,Existing,58,P0183,63
202512,C09910,Existing,50,P0057,150
202512,C09911,Existing,29,P0102,109
202512,C09912,Existing,41,P0169,101
202512,C09914,Existing,59,P0082,74
202512,C09915,Existing,50,P0049,5
202512,C09916,Existing,40,P0172,165
202512,C09917,Existing,47,P0163,107
202512,C09918,Existing,46,P0091,117
202512,C09919,Existing,38,P0005,163
202512,C09920,Existing,61,P0199,32
202512,C09921,Existing,38,P0179,93
202512,C09922,Existing,44,P0057,70
202512,C09923,Left,52,P0186,105
202512,C09924,Existing,61,P0092,17
202512,C09925,Left,21,P0036,118
202512,C09926,Left,51,P0138,71
202512,C09927,Existing,46,P0178,132
202512,C09928,Existing,38,P0165,112
202512,C09929,Existing,47,P0112,80
202512,C09930,Left,58,P0148,14
202512,C09931,Existing,40,P0013,54
202512,C09932,Existing,35,P0122,51
202512,C09933,Existing,36,P0109,93
202512,C09934,Existing,55,P0147,21
202512,C09935,Left,30,P0092,102
202512,C09936,Existing,47,P0102,55
202512,C09937,Left,40,P0056,24
202512,C09938,Existing,44,P0045,84
202512,C09939,Existing,47,P0060,133
202512,C09940,Existing,42,P0196,83
202512,C09941,Left,42,P0185,140
202512,C09942,Left,31,P0054,79
202512,C09943,Existing,41,P0037,97
202512,C09944,Existing,46,P0037,87
202512,C09945,Existing,38,P0014,80
202512,C09946,Existing,53,P0095,37
202512,C09948,Existing,25,P0102,21
202512,C09949,Existing,59,P0042,21
202512,C09950,Existing,49,P0001,105
202512,C09951,Existing,48,P0023,164
202512,C09952,Existing,35,P0192,40
202512,C09953,Existing,42,P0028,4
202512,C09954,Existing,44,P0132,178
202512,C09955,Existing,36,P0169,163
202512,C09956,Existing,21,P0188,78
202512,C09957,Existing,23,P0018,99
202512,C09958,Existing,39,P0191,171
202512,C09959,Left,39,P0189,70
202512,C09960,Existing,62,P0049,66
202512,C09961,Existing,36,P0047,137
202512,C09962,Left,63,P0115,35
202512,C09963,Existing,60,P0039,29
202512,C09964,Existing,36,P0006,127
202512,C09965,Left,28,P0053,51
202512,C09966,Existing,24,P0025,114
202512,C09967,Existing,45,P0099,70
202512,C09968,Existing,39,P0065,98
202512,C09969,Existing,42,P0133,139
202512,C09970,Left,43,P0193,67
202512,C09971,Left,31,P0008,119
202512,C09972,Existing,48,P0039,66
202512,C09973,Existing,47,P0111,163
202512,C09974,Existing,41,P0043,175
202512,C09975,Existing,47,P0082,37
202512,C09976,Existing,39,P0123,155
202512,C09977,Existing,49,P0133,147
202512,C09978,Existing,24,P0004,101
202512,C09979,Existing,47,P0108,32
202512,C09980,Existing,42,P0093,80
202512,C09981,Existing,47,P0129,175
202512,C09982,Existing,61,P0094,109
202512,C09983,Existing,22,P0056,36
202512,C09984,Existing,23,P0173,44
202512,C09985,Left,51,P0193,84
202512,C09986,Existing,48,P0003,57
202512,C09987,Existing,38,P0022,147
202512,C09988,Left,21,P0200,78
202512,C09989,Left,57,P0056,55
202512,C09990,Left,62,P0018,2
202512,C09991,Existing,38,P0153,81
202512,C09992,Existing,43,P0176,113
202512,C09993,Left,30,P0116,107
202512,C09994,Existing,39,P0084,176
202512,C09995,Existing,45,P0159,156
202512,C09996,Existing,45,P0030,131
202512,C09997,Left,43,P0080,65
202512,C09998,Existing,53,P0066,9
202512,C09999,Left,50,P0010,19
202512,C10000,Existing,43,P0199,98
